country,date,measure,native_unit,source,source_url,vintage,product_mapping,conversion_note,caveat,gasoline,gasoline_mbd,gasoline_yoy_mbd,jet_fuel,jet_fuel_mbd,jet_fuel_yoy_mbd,diesel,diesel_mbd,diesel_yoy_mbd,net_yoy_mbd
Australia,2021-07-01,National petroleum-product sales,ML,"Department of Climate Change, Energy, the Environment and Water (DCCEEW)",https://www.energy.gov.au/energy-data/australian-petroleum-statistics,"Australian Petroleum Statistics Data Extract June 2026, published 14 Aug. 2026.",Automotive gasoline; Aviation turbine fuel; Diesel oil total.,"ML × 1,000 m³/ML × 6.28981077 bbl/m³ ÷ days in month ÷ 1,000,000.",The national diesel-oil series may be broader than narrowly defined automotive diesel.,1146.000000000,0.232520101,-0.027107055,300.500000000,0.060970585,0.018017264,2548.300000000,0.517042735,0.027269373,0.018179582
Australia,2021-08-01,National petroleum-product sales,ML,"Department of Climate Change, Energy, the Environment and Water (DCCEEW)",https://www.energy.gov.au/energy-data/australian-petroleum-statistics,"Australian Petroleum Statistics Data Extract June 2026, published 14 Aug. 2026.",Automotive gasoline; Aviation turbine fuel; Diesel oil total.,"ML × 1,000 m³/ML × 6.28981077 bbl/m³ ÷ days in month ÷ 1,000,000.",The national diesel-oil series may be broader than narrowly defined automotive diesel.,1048.700000000,0.212778211,-0.027330242,257.500000000,0.052246009,0.006979661,2565.700000000,0.520573145,0.040985219,0.020634637
Australia,2021-09-01,National petroleum-product sales,ML,"Department of Climate Change, Energy, the Environment and Water (DCCEEW)",https://www.energy.gov.au/energy-data/australian-petroleum-statistics,"Australian Petroleum Statistics Data Extract June 2026, published 14 Aug. 2026.",Automotive gasoline; Aviation turbine fuel; Diesel oil total.,"ML × 1,000 m³/ML × 6.28981077 bbl/m³ ÷ days in month ÷ 1,000,000.",The national diesel-oil series may be broader than narrowly defined automotive diesel.,1069.400000000,0.224210788,-0.030044329,261.500000000,0.054826184,0.007421977,2527.900000000,0.530000422,0.014361735,-0.008260618
Australia,2021-10-01,National petroleum-product sales,ML,"Department of Climate Change, Energy, the Environment and Water (DCCEEW)",https://www.energy.gov.au/energy-data/australian-petroleum-statistics,"Australian Petroleum Statistics Data Extract June 2026, published 14 Aug. 2026.",Automotive gasoline; Aviation turbine fuel; Diesel oil total.,"ML × 1,000 m³/ML × 6.28981077 bbl/m³ ÷ days in month ÷ 1,000,000.",The national diesel-oil series may be broader than narrowly defined automotive diesel.,1229.900000000,0.249543170,-0.015521630,273.600000000,0.055512652,0.006979661,2706.600000000,0.549161349,0.024104178,0.015562209
Australia,2021-11-01,National petroleum-product sales,ML,"Department of Climate Change, Energy, the Environment and Water (DCCEEW)",https://www.energy.gov.au/energy-data/australian-petroleum-statistics,"Australian Petroleum Statistics Data Extract June 2026, published 14 Aug. 2026.",Automotive gasoline; Aviation turbine fuel; Diesel oil total.,"ML × 1,000 m³/ML × 6.28981077 bbl/m³ ÷ days in month ÷ 1,000,000.",The national diesel-oil series may be broader than narrowly defined automotive diesel.,1381.500000000,0.289645786,0.000817675,305.900000000,0.064135104,0.009916935,2673.400000000,0.560506004,-0.000104830,0.010629780
Australia,2021-12-01,National petroleum-product sales,ML,"Department of Climate Change, Energy, the Environment and Water (DCCEEW)",https://www.energy.gov.au/energy-data/australian-petroleum-statistics,"Australian Petroleum Statistics Data Extract June 2026, published 14 Aug. 2026.",Automotive gasoline; Aviation turbine fuel; Diesel oil total.,"ML × 1,000 m³/ML × 6.28981077 bbl/m³ ÷ days in month ÷ 1,000,000.",The national diesel-oil series may be broader than narrowly defined automotive diesel.,1465.200000000,0.297284863,-0.004139101,374.200000000,0.075924103,0.012478173,2687.100000000,0.545204855,0.048228646,0.056567718
Australia,2022-01-01,National petroleum-product sales,ML,"Department of Climate Change, Energy, the Environment and Water (DCCEEW)",https://www.energy.gov.au/energy-data/australian-petroleum-statistics,"Australian Petroleum Statistics Data Extract June 2026, published 14 Aug. 2026.",Automotive gasoline; Aviation turbine fuel; Diesel oil total.,"ML × 1,000 m³/ML × 6.28981077 bbl/m³ ÷ days in month ÷ 1,000,000.",The national diesel-oil series may be broader than narrowly defined automotive diesel.,1274.400000000,0.258572092,-0.009312978,367.300000000,0.074524113,0.020492609,2392.800000000,0.485492233,0.019863628,0.031043260
Australia,2022-02-01,National petroleum-product sales,ML,"Department of Climate Change, Energy, the Environment and Water (DCCEEW)",https://www.energy.gov.au/energy-data/australian-petroleum-statistics,"Australian Petroleum Statistics Data Extract June 2026, published 14 Aug. 2026.",Automotive gasoline; Aviation turbine fuel; Diesel oil total.,"ML × 1,000 m³/ML × 6.28981077 bbl/m³ ÷ days in month ÷ 1,000,000.",The national diesel-oil series may be broader than narrowly defined automotive diesel.,1251.100000000,0.281042223,-0.006873865,353.500000000,0.079408861,0.021115793,2463.800000000,0.553458421,0.025451270,0.039693199
Australia,2022-03-01,National petroleum-product sales,ML,"Department of Climate Change, Energy, the Environment and Water (DCCEEW)",https://www.energy.gov.au/energy-data/australian-petroleum-statistics,"Australian Petroleum Statistics Data Extract June 2026, published 14 Aug. 2026.",Automotive gasoline; Aviation turbine fuel; Diesel oil total.,"ML × 1,000 m³/ML × 6.28981077 bbl/m³ ÷ days in month ÷ 1,000,000.",The national diesel-oil series may be broader than narrowly defined automotive diesel.,1360.600000000,0.276061824,-0.019498413,445.400000000,0.090370378,0.024246206,2719.700000000,0.551819302,0.018605666,0.023353459
Australia,2022-04-01,National petroleum-product sales,ML,"Department of Climate Change, Energy, the Environment and Water (DCCEEW)",https://www.energy.gov.au/energy-data/australian-petroleum-statistics,"Australian Petroleum Statistics Data Extract June 2026, published 14 Aug. 2026.",Automotive gasoline; Aviation turbine fuel; Diesel oil total.,"ML × 1,000 m³/ML × 6.28981077 bbl/m³ ÷ days in month ÷ 1,000,000.",The national diesel-oil series may be broader than narrowly defined automotive diesel.,1281.500000000,0.268679750,-0.018890398,501.900000000,0.105228534,0.031805476,2420.100000000,0.507399035,-0.037172782,-0.024257704
Australia,2022-05-01,National petroleum-product sales,ML,"Department of Climate Change, Energy, the Environment and Water (DCCEEW)",https://www.energy.gov.au/energy-data/australian-petroleum-statistics,"Australian Petroleum Statistics Data Extract June 2026, published 14 Aug. 2026.",Automotive gasoline; Aviation turbine fuel; Diesel oil total.,"ML × 1,000 m³/ML × 6.28981077 bbl/m³ ÷ days in month ÷ 1,000,000.",The national diesel-oil series may be broader than narrowly defined automotive diesel.,1331.700000000,0.270198097,-0.018524507,530.600000000,0.107657213,0.031570792,2668.100000000,0.541349810,-0.015988293,-0.002942008
Australia,2022-06-01,National petroleum-product sales,ML,"Department of Climate Change, Energy, the Environment and Water (DCCEEW)",https://www.energy.gov.au/energy-data/australian-petroleum-statistics,"Australian Petroleum Statistics Data Extract June 2026, published 14 Aug. 2026.",Automotive gasoline; Aviation turbine fuel; Diesel oil total.,"ML × 1,000 m³/ML × 6.28981077 bbl/m³ ÷ days in month ÷ 1,000,000.",The national diesel-oil series may be broader than narrowly defined automotive diesel.,1302.600000000,0.273103584,-0.000880574,538.200000000,0.112839205,0.042812645,2700.500000000,0.566187799,0.016877659,0.058809731
Australia,2022-07-01,National petroleum-product sales,ML,"Department of Climate Change, Energy, the Environment and Water (DCCEEW)",https://www.energy.gov.au/energy-data/australian-petroleum-statistics,"Australian Petroleum Statistics Data Extract June 2026, published 14 Aug. 2026.",Automotive gasoline; Aviation turbine fuel; Diesel oil total.,"ML × 1,000 m³/ML × 6.28981077 bbl/m³ ÷ days in month ÷ 1,000,000.",The national diesel-oil series may be broader than narrowly defined automotive diesel.,1325.200000000,0.268879266,0.036359164,548.000000000,0.111187623,0.050217038,2571.500000000,0.521749948,0.004707213,0.091283415
Australia,2022-08-01,National petroleum-product sales,ML,"Department of Climate Change, Energy, the Environment and Water (DCCEEW)",https://www.energy.gov.au/energy-data/australian-petroleum-statistics,"Australian Petroleum Statistics Data Extract June 2026, published 14 Aug. 2026.",Automotive gasoline; Aviation turbine fuel; Diesel oil total.,"ML × 1,000 m³/ML × 6.28981077 bbl/m³ ÷ days in month ÷ 1,000,000.",The national diesel-oil series may be broader than narrowly defined automotive diesel.,1348.400000000,0.273586479,0.060808267,541.100000000,0.109787633,0.057541624,2719.300000000,0.551738143,0.031164998,0.149514889
Australia,2022-09-01,National petroleum-product sales,ML,"Department of Climate Change, Energy, the Environment and Water (DCCEEW)",https://www.energy.gov.au/energy-data/australian-petroleum-statistics,"Australian Petroleum Statistics Data Extract June 2026, published 14 Aug. 2026.",Automotive gasoline; Aviation turbine fuel; Diesel oil total.,"ML × 1,000 m³/ML × 6.28981077 bbl/m³ ÷ days in month ÷ 1,000,000.",The national diesel-oil series may be broader than narrowly defined automotive diesel.,1383.200000000,0.290002209,0.065791421,546.800000000,0.114642284,0.059816100,2648.800000000,0.555348359,0.025347937,0.150955458
Australia,2022-10-01,National petroleum-product sales,ML,"Department of Climate Change, Energy, the Environment and Water (DCCEEW)",https://www.energy.gov.au/energy-data/australian-petroleum-statistics,"Australian Petroleum Statistics Data Extract June 2026, published 14 Aug. 2026.",Automotive gasoline; Aviation turbine fuel; Diesel oil total.,"ML × 1,000 m³/ML × 6.28981077 bbl/m³ ÷ days in month ÷ 1,000,000.",The national diesel-oil series may be broader than narrowly defined automotive diesel.,1307.700000000,0.265328566,0.015785396,584.300000000,0.118552788,0.063040136,2542.100000000,0.515784773,-0.033376577,0.045448955
Australia,2022-11-01,National petroleum-product sales,ML,"Department of Climate Change, Energy, the Environment and Water (DCCEEW)",https://www.energy.gov.au/energy-data/australian-petroleum-statistics,"Australian Petroleum Statistics Data Extract June 2026, published 14 Aug. 2026.",Automotive gasoline; Aviation turbine fuel; Diesel oil total.,"ML × 1,000 m³/ML × 6.28981077 bbl/m³ ÷ days in month ÷ 1,000,000.",The national diesel-oil series may be broader than narrowly defined automotive diesel.,1362.100000000,0.285578375,-0.004067411,610.400000000,0.127976683,0.063841579,2797.300000000,0.586482922,0.025976918,0.085751087
Australia,2022-12-01,National petroleum-product sales,ML,"Department of Climate Change, Energy, the Environment and Water (DCCEEW)",https://www.energy.gov.au/energy-data/australian-petroleum-statistics,"Australian Petroleum Statistics Data Extract June 2026, published 14 Aug. 2026.",Automotive gasoline; Aviation turbine fuel; Diesel oil total.,"ML × 1,000 m³/ML × 6.28981077 bbl/m³ ÷ days in month ÷ 1,000,000.",The national diesel-oil series may be broader than narrowly defined automotive diesel.,1444.800000000,0.293145761,-0.004139101,659.400000000,0.133790362,0.057866259,2782.700000000,0.564601820,0.019396965,0.073124123
Australia,2023-01-01,National petroleum-product sales,ML,"Department of Climate Change, Energy, the Environment and Water (DCCEEW)",https://www.energy.gov.au/energy-data/australian-petroleum-statistics,"Australian Petroleum Statistics Data Extract June 2026, published 14 Aug. 2026.",Automotive gasoline; Aviation turbine fuel; Diesel oil total.,"ML × 1,000 m³/ML × 6.28981077 bbl/m³ ÷ days in month ÷ 1,000,000.",The national diesel-oil series may be broader than narrowly defined automotive diesel.,1302.000000000,0.264172052,0.005599961,666.100000000,0.135149773,0.060625660,2486.000000000,0.504402244,0.018910012,0.085135632
Australia,2023-02-01,National petroleum-product sales,ML,"Department of Climate Change, Energy, the Environment and Water (DCCEEW)",https://www.energy.gov.au/energy-data/australian-petroleum-statistics,"Australian Petroleum Statistics Data Extract June 2026, published 14 Aug. 2026.",Automotive gasoline; Aviation turbine fuel; Diesel oil total.,"ML × 1,000 m³/ML × 6.28981077 bbl/m³ ÷ days in month ÷ 1,000,000.",The national diesel-oil series may be broader than narrowly defined automotive diesel.,1265.500000000,0.284276983,0.003234760,599.000000000,0.134557023,0.055148162,2517.200000000,0.565453988,0.011995568,0.070378490
Australia,2023-03-01,National petroleum-product sales,ML,"Department of Climate Change, Energy, the Environment and Water (DCCEEW)",https://www.energy.gov.au/energy-data/australian-petroleum-statistics,"Australian Petroleum Statistics Data Extract June 2026, published 14 Aug. 2026.",Automotive gasoline; Aviation turbine fuel; Diesel oil total.,"ML × 1,000 m³/ML × 6.28981077 bbl/m³ ÷ days in month ÷ 1,000,000.",The national diesel-oil series may be broader than narrowly defined automotive diesel.,1439.700000000,0.292110986,0.016049162,678.800000000,0.137726566,0.047356188,2837.600000000,0.575740872,0.023921571,0.087326921
Australia,2023-04-01,National petroleum-product sales,ML,"Department of Climate Change, Energy, the Environment and Water (DCCEEW)",https://www.energy.gov.au/energy-data/australian-petroleum-statistics,"Australian Petroleum Statistics Data Extract June 2026, published 14 Aug. 2026.",Automotive gasoline; Aviation turbine fuel; Diesel oil total.,"ML × 1,000 m³/ML × 6.28981077 bbl/m³ ÷ days in month ÷ 1,000,000.",The national diesel-oil series may be broader than narrowly defined automotive diesel.,1279.400000000,0.268239463,-0.000440287,639.700000000,0.134119732,0.028891197,2606.900000000,0.546563590,0.039164555,0.067615466
Australia,2023-05-01,National petroleum-product sales,ML,"Department of Climate Change, Energy, the Environment and Water (DCCEEW)",https://www.energy.gov.au/energy-data/australian-petroleum-statistics,"Australian Petroleum Statistics Data Extract June 2026, published 14 Aug. 2026.",Automotive gasoline; Aviation turbine fuel; Diesel oil total.,"ML × 1,000 m³/ML × 6.28981077 bbl/m³ ÷ days in month ÷ 1,000,000.",The national diesel-oil series may be broader than narrowly defined automotive diesel.,1397.000000000,0.283447279,0.013249182,706.800000000,0.143407686,0.035750473,2897.400000000,0.587874120,0.046524310,0.095523965
Australia,2023-06-01,National petroleum-product sales,ML,"Department of Climate Change, Energy, the Environment and Water (DCCEEW)",https://www.energy.gov.au/energy-data/australian-petroleum-statistics,"Australian Petroleum Statistics Data Extract June 2026, published 14 Aug. 2026.",Automotive gasoline; Aviation turbine fuel; Diesel oil total.,"ML × 1,000 m³/ML × 6.28981077 bbl/m³ ÷ days in month ÷ 1,000,000.",The national diesel-oil series may be broader than narrowly defined automotive diesel.,1287.000000000,0.269832882,-0.003270702,700.800000000,0.146929980,0.034090774,2703.000000000,0.566711950,0.000524151,0.031344224
Australia,2023-07-01,National petroleum-product sales,ML,"Department of Climate Change, Energy, the Environment and Water (DCCEEW)",https://www.energy.gov.au/energy-data/australian-petroleum-statistics,"Australian Petroleum Statistics Data Extract June 2026, published 14 Aug. 2026.",Automotive gasoline; Aviation turbine fuel; Diesel oil total.,"ML × 1,000 m³/ML × 6.28981077 bbl/m³ ÷ days in month ÷ 1,000,000.",The national diesel-oil series may be broader than narrowly defined automotive diesel.,1304.100000000,0.264598136,-0.004281129,741.500000000,0.150448216,0.039260593,2657.300000000,0.539158521,0.017408573,0.052388037
Australia,2023-08-01,National petroleum-product sales,ML,"Department of Climate Change, Energy, the Environment and Water (DCCEEW)",https://www.energy.gov.au/energy-data/australian-petroleum-statistics,"Australian Petroleum Statistics Data Extract June 2026, published 14 Aug. 2026.",Automotive gasoline; Aviation turbine fuel; Diesel oil total.,"ML × 1,000 m³/ML × 6.28981077 bbl/m³ ÷ days in month ÷ 1,000,000.",The national diesel-oil series may be broader than narrowly defined automotive diesel.,1345.700000000,0.273038657,-0.000547822,734.500000000,0.149027936,0.039240303,2792.700000000,0.566630792,0.014892649,0.053585130
Australia,2023-09-01,National petroleum-product sales,ML,"Department of Climate Change, Energy, the Environment and Water (DCCEEW)",https://www.energy.gov.au/energy-data/australian-petroleum-statistics,"Australian Petroleum Statistics Data Extract June 2026, published 14 Aug. 2026.",Automotive gasoline; Aviation turbine fuel; Diesel oil total.,"ML × 1,000 m³/ML × 6.28981077 bbl/m³ ÷ days in month ÷ 1,000,000.",The national diesel-oil series may be broader than narrowly defined automotive diesel.,1307.600000000,0.274151885,-0.015850323,690.100000000,0.144686614,0.030044329,2669.600000000,0.559709294,0.004360935,0.018554942
Australia,2023-10-01,National petroleum-product sales,ML,"Department of Climate Change, Energy, the Environment and Water (DCCEEW)",https://www.energy.gov.au/energy-data/australian-petroleum-statistics,"Australian Petroleum Statistics Data Extract June 2026, published 14 Aug. 2026.",Automotive gasoline; Aviation turbine fuel; Diesel oil total.,"ML × 1,000 m³/ML × 6.28981077 bbl/m³ ÷ days in month ÷ 1,000,000.",The national diesel-oil series may be broader than narrowly defined automotive diesel.,1383.400000000,0.280687878,0.015359312,750.900000000,0.152355449,0.033802660,2889.300000000,0.586230653,0.070445881,0.119607853
Australia,2023-11-01,National petroleum-product sales,ML,"Department of Climate Change, Energy, the Environment and Water (DCCEEW)",https://www.energy.gov.au/energy-data/australian-petroleum-statistics,"Australian Petroleum Statistics Data Extract June 2026, published 14 Aug. 2026.",Automotive gasoline; Aviation turbine fuel; Diesel oil total.,"ML × 1,000 m³/ML × 6.28981077 bbl/m³ ÷ days in month ÷ 1,000,000.",The national diesel-oil series may be broader than narrowly defined automotive diesel.,1367.600000000,0.286731507,0.001153132,744.200000000,0.156029239,0.028052556,2887.500000000,0.605394287,0.018911364,0.048117052
Australia,2023-12-01,National petroleum-product sales,ML,"Department of Climate Change, Energy, the Environment and Water (DCCEEW)",https://www.energy.gov.au/energy-data/australian-petroleum-statistics,"Australian Petroleum Statistics Data Extract June 2026, published 14 Aug. 2026.",Automotive gasoline; Aviation turbine fuel; Diesel oil total.,"ML × 1,000 m³/ML × 6.28981077 bbl/m³ ÷ days in month ÷ 1,000,000.",The national diesel-oil series may be broader than narrowly defined automotive diesel.,1394.000000000,0.282838588,-0.010307174,793.400000000,0.160978576,0.027188214,2629.500000000,0.533517981,-0.031083839,-0.014202799
Australia,2024-01-01,National petroleum-product sales,ML,"Department of Climate Change, Energy, the Environment and Water (DCCEEW)",https://www.energy.gov.au/energy-data/australian-petroleum-statistics,"Australian Petroleum Statistics Data Extract June 2026, published 14 Aug. 2026.",Automotive gasoline; Aviation turbine fuel; Diesel oil total.,"ML × 1,000 m³/ML × 6.28981077 bbl/m³ ÷ days in month ÷ 1,000,000.",The national diesel-oil series may be broader than narrowly defined automotive diesel.,1345.800000000,0.273058946,0.008886894,813.100000000,0.164975650,0.029825877,2595.500000000,0.526619479,0.022217235,0.060930006
Australia,2024-02-01,National petroleum-product sales,ML,"Department of Climate Change, Energy, the Environment and Water (DCCEEW)",https://www.energy.gov.au/energy-data/australian-petroleum-statistics,"Australian Petroleum Statistics Data Extract June 2026, published 14 Aug. 2026.",Automotive gasoline; Aviation turbine fuel; Diesel oil total.,"ML × 1,000 m³/ML × 6.28981077 bbl/m³ ÷ days in month ÷ 1,000,000.",The national diesel-oil series may be broader than narrowly defined automotive diesel.,1324.400000000,0.287249151,0.002972168,732.100000000,0.158785188,0.024228165,2670.100000000,0.579118060,0.013664072,0.040864405
Australia,2024-03-01,National petroleum-product sales,ML,"Department of Climate Change, Energy, the Environment and Water (DCCEEW)",https://www.energy.gov.au/energy-data/australian-petroleum-statistics,"Australian Petroleum Statistics Data Extract June 2026, published 14 Aug. 2026.",Automotive gasoline; Aviation turbine fuel; Diesel oil total.,"ML × 1,000 m³/ML × 6.28981077 bbl/m³ ÷ days in month ÷ 1,000,000.",The national diesel-oil series may be broader than narrowly defined automotive diesel.,1419.000000000,0.287911016,-0.004199970,774.800000000,0.157204690,0.019478124,2764.800000000,0.560969962,-0.014770910,0.000507243
Australia,2024-04-01,National petroleum-product sales,ML,"Department of Climate Change, Energy, the Environment and Water (DCCEEW)",https://www.energy.gov.au/energy-data/australian-petroleum-statistics,"Australian Petroleum Statistics Data Extract June 2026, published 14 Aug. 2026.",Automotive gasoline; Aviation turbine fuel; Diesel oil total.,"ML × 1,000 m³/ML × 6.28981077 bbl/m³ ÷ days in month ÷ 1,000,000.",The national diesel-oil series may be broader than narrowly defined automotive diesel.,1284.600000000,0.269329697,0.001090234,757.400000000,0.158796756,0.024677024,2740.100000000,0.574490350,0.027926760,0.053694018
Australia,2024-05-01,National petroleum-product sales,ML,"Department of Climate Change, Energy, the Environment and Water (DCCEEW)",https://www.energy.gov.au/energy-data/australian-petroleum-statistics,"Australian Petroleum Statistics Data Extract June 2026, published 14 Aug. 2026.",Automotive gasoline; Aviation turbine fuel; Diesel oil total.,"ML × 1,000 m³/ML × 6.28981077 bbl/m³ ÷ days in month ÷ 1,000,000.",The national diesel-oil series may be broader than narrowly defined automotive diesel.,1398.900000000,0.283832783,0.000385505,749.100000000,0.151990234,0.008582548,3005.300000000,0.609766720,0.021892599,0.030860652
Australia,2024-06-01,National petroleum-product sales,ML,"Department of Climate Change, Energy, the Environment and Water (DCCEEW)",https://www.energy.gov.au/energy-data/australian-petroleum-statistics,"Australian Petroleum Statistics Data Extract June 2026, published 14 Aug. 2026.",Automotive gasoline; Aviation turbine fuel; Diesel oil total.,"ML × 1,000 m³/ML × 6.28981077 bbl/m³ ÷ days in month ÷ 1,000,000.",The national diesel-oil series may be broader than narrowly defined automotive diesel.,1270.400000000,0.266352520,-0.003480362,739.600000000,0.155064802,0.008134822,2657.000000000,0.557067574,-0.009644377,-0.004989917
Australia,2024-07-01,National petroleum-product sales,ML,"Department of Climate Change, Energy, the Environment and Water (DCCEEW)",https://www.energy.gov.au/energy-data/australian-petroleum-statistics,"Australian Petroleum Statistics Data Extract June 2026, published 14 Aug. 2026.",Automotive gasoline; Aviation turbine fuel; Diesel oil total.,"ML × 1,000 m³/ML × 6.28981077 bbl/m³ ÷ days in month ÷ 1,000,000.",The national diesel-oil series may be broader than narrowly defined automotive diesel.,1340.700000000,0.272024171,0.007426035,835.100000000,0.169439386,0.018991171,2795.700000000,0.567239483,0.028080962,0.054498167
Australia,2024-08-01,National petroleum-product sales,ML,"Department of Climate Change, Energy, the Environment and Water (DCCEEW)",https://www.energy.gov.au/energy-data/australian-petroleum-statistics,"Australian Petroleum Statistics Data Extract June 2026, published 14 Aug. 2026.",Automotive gasoline; Aviation turbine fuel; Diesel oil total.,"ML × 1,000 m³/ML × 6.28981077 bbl/m³ ÷ days in month ÷ 1,000,000.",The national diesel-oil series may be broader than narrowly defined automotive diesel.,1364.100000000,0.276771964,0.003733307,792.200000000,0.160735100,0.011707164,2784.000000000,0.564865587,-0.001765205,0.013675266
Australia,2024-09-01,National petroleum-product sales,ML,"Department of Climate Change, Energy, the Environment and Water (DCCEEW)",https://www.energy.gov.au/energy-data/australian-petroleum-statistics,"Australian Petroleum Statistics Data Extract June 2026, published 14 Aug. 2026.",Automotive gasoline; Aviation turbine fuel; Diesel oil total.,"ML × 1,000 m³/ML × 6.28981077 bbl/m³ ÷ days in month ÷ 1,000,000.",The national diesel-oil series may be broader than narrowly defined automotive diesel.,1319.500000000,0.276646844,0.002494958,750.600000000,0.157371065,0.012684452,2766.300000000,0.579983451,0.020274157,0.035453567
Australia,2024-10-01,National petroleum-product sales,ML,"Department of Climate Change, Energy, the Environment and Water (DCCEEW)",https://www.energy.gov.au/energy-data/australian-petroleum-statistics,"Australian Petroleum Statistics Data Extract June 2026, published 14 Aug. 2026.",Automotive gasoline; Aviation turbine fuel; Diesel oil total.,"ML × 1,000 m³/ML × 6.28981077 bbl/m³ ÷ days in month ÷ 1,000,000.",The national diesel-oil series may be broader than narrowly defined automotive diesel.,1397.900000000,0.283629886,0.002942008,793.700000000,0.161039445,0.008683997,2994.600000000,0.607595720,0.021365067,0.032991072
Australia,2024-11-01,National petroleum-product sales,ML,"Department of Climate Change, Energy, the Environment and Water (DCCEEW)",https://www.energy.gov.au/energy-data/australian-petroleum-statistics,"Australian Petroleum Statistics Data Extract June 2026, published 14 Aug. 2026.",Automotive gasoline; Aviation turbine fuel; Diesel oil total.,"ML × 1,000 m³/ML × 6.28981077 bbl/m³ ÷ days in month ÷ 1,000,000.",The national diesel-oil series may be broader than narrowly defined automotive diesel.,1366.100000000,0.286417016,-0.000314491,771.700000000,0.161794899,0.005765660,2921.100000000,0.612438875,0.007044588,0.012495757
Australia,2024-12-01,National petroleum-product sales,ML,"Department of Climate Change, Energy, the Environment and Water (DCCEEW)",https://www.energy.gov.au/energy-data/australian-petroleum-statistics,"Australian Petroleum Statistics Data Extract June 2026, published 14 Aug. 2026.",Automotive gasoline; Aviation turbine fuel; Diesel oil total.,"ML × 1,000 m³/ML × 6.28981077 bbl/m³ ÷ days in month ÷ 1,000,000.",The national diesel-oil series may be broader than narrowly defined automotive diesel.,1414.100000000,0.286916820,0.004078232,844.200000000,0.171285750,0.010307174,2723.900000000,0.552671470,0.019153488,0.033538894
Australia,2025-01-01,National petroleum-product sales,ML,"Department of Climate Change, Energy, the Environment and Water (DCCEEW)",https://www.energy.gov.au/energy-data/australian-petroleum-statistics,"Australian Petroleum Statistics Data Extract June 2026, published 14 Aug. 2026.",Automotive gasoline; Aviation turbine fuel; Diesel oil total.,"ML × 1,000 m³/ML × 6.28981077 bbl/m³ ÷ days in month ÷ 1,000,000.",The national diesel-oil series may be broader than narrowly defined automotive diesel.,1297.500000000,0.263259015,-0.009799931,857.800000000,0.174045151,0.009069501,2564.800000000,0.520390538,-0.006228942,-0.006959371
Australia,2025-02-01,National petroleum-product sales,ML,"Department of Climate Change, Energy, the Environment and Water (DCCEEW)",https://www.energy.gov.au/energy-data/australian-petroleum-statistics,"Australian Petroleum Statistics Data Extract June 2026, published 14 Aug. 2026.",Automotive gasoline; Aviation turbine fuel; Diesel oil total.,"ML × 1,000 m³/ML × 6.28981077 bbl/m³ ÷ days in month ÷ 1,000,000.",The national diesel-oil series may be broader than narrowly defined automotive diesel.,1237.500000000,0.277987172,-0.009261979,764.400000000,0.171711834,0.012926646,2525.000000000,0.567206150,-0.011911910,-0.008247243
Australia,2025-03-01,National petroleum-product sales,ML,"Department of Climate Change, Energy, the Environment and Water (DCCEEW)",https://www.energy.gov.au/energy-data/australian-petroleum-statistics,"Australian Petroleum Statistics Data Extract June 2026, published 14 Aug. 2026.",Automotive gasoline; Aviation turbine fuel; Diesel oil total.,"ML × 1,000 m³/ML × 6.28981077 bbl/m³ ÷ days in month ÷ 1,000,000.",The national diesel-oil series may be broader than narrowly defined automotive diesel.,1355.500000000,0.275027048,-0.012883967,810.900000000,0.164529276,0.007324586,2753.700000000,0.558717804,-0.002252158,-0.007811539
Australia,2025-04-01,National petroleum-product sales,ML,"Department of Climate Change, Energy, the Environment and Water (DCCEEW)",https://www.energy.gov.au/energy-data/australian-petroleum-statistics,"Australian Petroleum Statistics Data Extract June 2026, published 14 Aug. 2026.",Automotive gasoline; Aviation turbine fuel; Diesel oil total.,"ML × 1,000 m³/ML × 6.28981077 bbl/m³ ÷ days in month ÷ 1,000,000.",The national diesel-oil series may be broader than narrowly defined automotive diesel.,1306.200000000,0.273858361,0.004528664,801.500000000,0.168042778,0.009246022,2712.000000000,0.568598894,-0.005891456,0.007883229
Australia,2025-05-01,National petroleum-product sales,ML,"Department of Climate Change, Energy, the Environment and Water (DCCEEW)",https://www.energy.gov.au/energy-data/australian-petroleum-statistics,"Australian Petroleum Statistics Data Extract June 2026, published 14 Aug. 2026.",Automotive gasoline; Aviation turbine fuel; Diesel oil total.,"ML × 1,000 m³/ML × 6.28981077 bbl/m³ ÷ days in month ÷ 1,000,000.",The national diesel-oil series may be broader than narrowly defined automotive diesel.,1330.900000000,0.270035779,-0.013797004,794.500000000,0.161201763,0.009211529,2903.400000000,0.589091503,-0.020675217,-0.025260692
Australia,2025-06-01,National petroleum-product sales,ML,"Department of Climate Change, Energy, the Environment and Water (DCCEEW)",https://www.energy.gov.au/energy-data/australian-petroleum-statistics,"Australian Petroleum Statistics Data Extract June 2026, published 14 Aug. 2026.",Automotive gasoline; Aviation turbine fuel; Diesel oil total.,"ML × 1,000 m³/ML × 6.28981077 bbl/m³ ÷ days in month ÷ 1,000,000.",The national diesel-oil series may be broader than narrowly defined automotive diesel.,1263.200000000,0.264842965,-0.001509555,799.000000000,0.167518627,0.012453825,2856.000000000,0.598789985,0.041722411,0.052666682
Australia,2025-07-01,National petroleum-product sales,ML,"Department of Climate Change, Energy, the Environment and Water (DCCEEW)",https://www.energy.gov.au/energy-data/australian-petroleum-statistics,"Australian Petroleum Statistics Data Extract June 2026, published 14 Aug. 2026.",Automotive gasoline; Aviation turbine fuel; Diesel oil total.,"ML × 1,000 m³/ML × 6.28981077 bbl/m³ ÷ days in month ÷ 1,000,000.",The national diesel-oil series may be broader than narrowly defined automotive diesel.,1300.500000000,0.263867707,-0.008156464,894.100000000,0.181410316,0.011970930,2843.500000000,0.576937965,0.009698482,0.013512948
Australia,2025-08-01,National petroleum-product sales,ML,"Department of Climate Change, Energy, the Environment and Water (DCCEEW)",https://www.energy.gov.au/energy-data/australian-petroleum-statistics,"Australian Petroleum Statistics Data Extract June 2026, published 14 Aug. 2026.",Automotive gasoline; Aviation turbine fuel; Diesel oil total.,"ML × 1,000 m³/ML × 6.28981077 bbl/m³ ÷ days in month ÷ 1,000,000.",The national diesel-oil series may be broader than narrowly defined automotive diesel.,1305.900000000,0.264963351,-0.011808612,868.100000000,0.176134991,0.015399892,2780.400000000,0.564135157,-0.000730430,0.002860849
Australia,2025-09-01,National petroleum-product sales,ML,"Department of Climate Change, Energy, the Environment and Water (DCCEEW)",https://www.energy.gov.au/energy-data/australian-petroleum-statistics,"Australian Petroleum Statistics Data Extract June 2026, published 14 Aug. 2026.",Automotive gasoline; Aviation turbine fuel; Diesel oil total.,"ML × 1,000 m³/ML × 6.28981077 bbl/m³ ÷ days in month ÷ 1,000,000.",The national diesel-oil series may be broader than narrowly defined automotive diesel.,1292.400000000,0.270965048,-0.005681796,835.100000000,0.175087366,0.017716300,2786.200000000,0.584155692,0.004172241,0.016206746
Australia,2025-10-01,National petroleum-product sales,ML,"Department of Climate Change, Energy, the Environment and Water (DCCEEW)",https://www.energy.gov.au/energy-data/australian-petroleum-statistics,"Australian Petroleum Statistics Data Extract June 2026, published 14 Aug. 2026.",Automotive gasoline; Aviation turbine fuel; Diesel oil total.,"ML × 1,000 m³/ML × 6.28981077 bbl/m³ ÷ days in month ÷ 1,000,000.",The national diesel-oil series may be broader than narrowly defined automotive diesel.,1373.600000000,0.278699486,-0.004930400,872.500000000,0.177027739,0.015988293,3065.700000000,0.622021706,0.014425985,0.025483878
Australia,2025-11-01,National petroleum-product sales,ML,"Department of Climate Change, Energy, the Environment and Water (DCCEEW)",https://www.energy.gov.au/energy-data/australian-petroleum-statistics,"Australian Petroleum Statistics Data Extract June 2026, published 14 Aug. 2026.",Automotive gasoline; Aviation turbine fuel; Diesel oil total.,"ML × 1,000 m³/ML × 6.28981077 bbl/m³ ÷ days in month ÷ 1,000,000.",The national diesel-oil series may be broader than narrowly defined automotive diesel.,1323.200000000,0.277422587,-0.008994429,856.300000000,0.179532165,0.017737266,2853.400000000,0.598244868,-0.014194006,-0.005451169
Australia,2025-12-01,National petroleum-product sales,ML,"Department of Climate Change, Energy, the Environment and Water (DCCEEW)",https://www.energy.gov.au/energy-data/australian-petroleum-statistics,"Australian Petroleum Statistics Data Extract June 2026, published 14 Aug. 2026.",Automotive gasoline; Aviation turbine fuel; Diesel oil total.,"ML × 1,000 m³/ML × 6.28981077 bbl/m³ ÷ days in month ÷ 1,000,000.",The national diesel-oil series may be broader than narrowly defined automotive diesel.,1411.400000000,0.286368997,-0.000547822,920.500000000,0.186766800,0.015481050,2864.200000000,0.581137936,0.028466466,0.043399694
Australia,2026-01-01,National petroleum-product sales,ML,"Department of Climate Change, Energy, the Environment and Water (DCCEEW)",https://www.energy.gov.au/energy-data/australian-petroleum-statistics,"Australian Petroleum Statistics Data Extract June 2026, published 14 Aug. 2026.",Automotive gasoline; Aviation turbine fuel; Diesel oil total.,"ML × 1,000 m³/ML × 6.28981077 bbl/m³ ÷ days in month ÷ 1,000,000.",The national diesel-oil series may be broader than narrowly defined automotive diesel.,1287.100000000,0.261148885,-0.002110130,938.100000000,0.190337790,0.016292639,2627.200000000,0.533051318,0.012660780,0.026843289
Australia,2026-02-01,National petroleum-product sales,ML,"Department of Climate Change, Energy, the Environment and Water (DCCEEW)",https://www.energy.gov.au/energy-data/australian-petroleum-statistics,"Australian Petroleum Statistics Data Extract June 2026, published 14 Aug. 2026.",Automotive gasoline; Aviation turbine fuel; Diesel oil total.,"ML × 1,000 m³/ML × 6.28981077 bbl/m³ ÷ days in month ÷ 1,000,000.",The national diesel-oil series may be broader than narrowly defined automotive diesel.,1235.100000000,0.277448046,-0.000539127,822.800000000,0.184830582,0.013118748,2615.800000000,0.587603108,0.020396958,0.032976579
Australia,2026-03-01,National petroleum-product sales,ML,"Department of Climate Change, Energy, the Environment and Water (DCCEEW)",https://www.energy.gov.au/energy-data/australian-petroleum-statistics,"Australian Petroleum Statistics Data Extract June 2026, published 14 Aug. 2026.",Automotive gasoline; Aviation turbine fuel; Diesel oil total.,"ML × 1,000 m³/ML × 6.28981077 bbl/m³ ÷ days in month ÷ 1,000,000.",The national diesel-oil series may be broader than narrowly defined automotive diesel.,1359.800000000,0.275899506,0.000872458,738.900000000,0.149920683,-0.014608593,3014.600000000,0.611653663,0.052935859,0.039199724
Australia,2026-04-01,National petroleum-product sales,ML,"Department of Climate Change, Energy, the Environment and Water (DCCEEW)",https://www.energy.gov.au/energy-data/australian-petroleum-statistics,"Australian Petroleum Statistics Data Extract June 2026, published 14 Aug. 2026.",Automotive gasoline; Aviation turbine fuel; Diesel oil total.,"ML × 1,000 m³/ML × 6.28981077 bbl/m³ ÷ days in month ÷ 1,000,000.",The national diesel-oil series may be broader than narrowly defined automotive diesel.,1212.500000000,0.254213185,-0.019645176,759.400000000,0.159216077,-0.008826701,2693.800000000,0.564783075,-0.003815819,-0.032287695
Australia,2026-05-01,National petroleum-product sales,ML,"Department of Climate Change, Energy, the Environment and Water (DCCEEW)",https://www.energy.gov.au/energy-data/australian-petroleum-statistics,"Australian Petroleum Statistics Data Extract June 2026, published 14 Aug. 2026.",Automotive gasoline; Aviation turbine fuel; Diesel oil total.,"ML × 1,000 m³/ML × 6.28981077 bbl/m³ ÷ days in month ÷ 1,000,000.",The national diesel-oil series may be broader than narrowly defined automotive diesel.,1236.100000000,0.250801132,-0.019234647,739.400000000,0.150022132,-0.011179631,2772.500000000,0.562532270,-0.026559233,-0.056973512
Australia,2026-06-01,National petroleum-product sales,ML,"Department of Climate Change, Energy, the Environment and Water (DCCEEW)",https://www.energy.gov.au/energy-data/australian-petroleum-statistics,"Australian Petroleum Statistics Data Extract June 2026, published 14 Aug. 2026.",Automotive gasoline; Aviation turbine fuel; Diesel oil total.,"ML × 1,000 m³/ML × 6.28981077 bbl/m³ ÷ days in month ÷ 1,000,000.",The national diesel-oil series may be broader than narrowly defined automotive diesel.,1298.400000000,0.272223010,0.007380045,730.200000000,0.153093994,-0.014424633,2848.400000000,0.597196567,-0.001593419,-0.008638007
Brazil,2021-07-01,National fuel sales,m3,"Agência Nacional do Petróleo, Gás Natural e Biocombustíveis (ANP)",https://www.gov.br/anp/pt-br/centrais-de-conteudo/dados-abertos/arquivos/vdpb/vendas-derivados-petroleo-e-etanol/vendas-combustiveis-m3-1990-2025.csv,ANP CSV updated 28 Aug. 2026; data through Jul. 2026.,Gasolina C; Querosene de Aviação; Óleo Diesel.,"m³ × 6.28981077 bbl/m³ ÷ days in month ÷ 1,000,000.",Sales are not direct final consumption; gasoline and diesel blend composition can change.,3515092.215000000,0.713202093,0.108253776,384343.437000000,0.077982177,0.044571065,5617510.209000000,1.139776652,0.078392228,0.231217069
Brazil,2021-08-01,National fuel sales,m3,"Agência Nacional do Petróleo, Gás Natural e Biocombustíveis (ANP)",https://www.gov.br/anp/pt-br/centrais-de-conteudo/dados-abertos/arquivos/vdpb/vendas-derivados-petroleo-e-etanol/vendas-combustiveis-m3-1990-2025.csv,ANP CSV updated 28 Aug. 2026; data through Jul. 2026.,Gasolina C; Querosene de Aviação; Óleo Diesel.,"m³ × 6.28981077 bbl/m³ ÷ days in month ÷ 1,000,000.",Sales are not direct final consumption; gasoline and diesel blend composition can change.,3426644.961000000,0.695256399,0.100144423,378544.784000000,0.076805647,0.037093338,5727325.068000000,1.162057771,0.114211374,0.251449135
Brazil,2021-09-01,National fuel sales,m3,"Agência Nacional do Petróleo, Gás Natural e Biocombustíveis (ANP)",https://www.gov.br/anp/pt-br/centrais-de-conteudo/dados-abertos/arquivos/vdpb/vendas-derivados-petroleo-e-etanol/vendas-combustiveis-m3-1990-2025.csv,ANP CSV updated 28 Aug. 2026; data through Jul. 2026.,Gasolina C; Querosene de Aviação; Óleo Diesel.,"m³ × 6.28981077 bbl/m³ ÷ days in month ÷ 1,000,000.",Sales are not direct final consumption; gasoline and diesel blend composition can change.,3494551.874000000,0.732669000,0.077015133,388895.378000000,0.081535945,0.033206478,5417732.938000000,1.135883833,0.037855675,0.148077286
Brazil,2021-10-01,National fuel sales,m3,"Agência Nacional do Petróleo, Gás Natural e Biocombustíveis (ANP)",https://www.gov.br/anp/pt-br/centrais-de-conteudo/dados-abertos/arquivos/vdpb/vendas-derivados-petroleo-e-etanol/vendas-combustiveis-m3-1990-2025.csv,ANP CSV updated 28 Aug. 2026; data through Jul. 2026.,Gasolina C; Querosene de Aviação; Óleo Diesel.,"m³ × 6.28981077 bbl/m³ ÷ days in month ÷ 1,000,000.",Sales are not direct final consumption; gasoline and diesel blend composition can change.,3581105.085000000,0.726595914,0.038619544,421209.566000000,0.085462209,0.025568000,5623071.582000000,1.140905039,0.017369025,0.081556569
Brazil,2021-11-01,National fuel sales,m3,"Agência Nacional do Petróleo, Gás Natural e Biocombustíveis (ANP)",https://www.gov.br/anp/pt-br/centrais-de-conteudo/dados-abertos/arquivos/vdpb/vendas-derivados-petroleo-e-etanol/vendas-combustiveis-m3-1990-2025.csv,ANP CSV updated 28 Aug. 2026; data through Jul. 2026.,Gasolina C; Querosene de Aviação; Óleo Diesel.,"m³ × 6.28981077 bbl/m³ ÷ days in month ÷ 1,000,000.",Sales are not direct final consumption; gasoline and diesel blend composition can change.,3435304.340000000,0.720247141,0.045628632,449548.507000000,0.094252501,0.026791334,5106481.464000000,1.070626737,0.043092200,0.115512166
Brazil,2021-12-01,National fuel sales,m3,"Agência Nacional do Petróleo, Gás Natural e Biocombustíveis (ANP)",https://www.gov.br/anp/pt-br/centrais-de-conteudo/dados-abertos/arquivos/vdpb/vendas-derivados-petroleo-e-etanol/vendas-combustiveis-m3-1990-2025.csv,ANP CSV updated 28 Aug. 2026; data through Jul. 2026.,Gasolina C; Querosene de Aviação; Óleo Diesel.,"m³ × 6.28981077 bbl/m³ ÷ days in month ÷ 1,000,000.",Sales are not direct final consumption; gasoline and diesel blend composition can change.,4068252.080000000,0.825436637,0.071315476,510242.930000000,0.103526822,0.024903642,4934506.062000000,1.001197077,0.051248961,0.147468079
Brazil,2022-01-01,National fuel sales,m3,"Agência Nacional do Petróleo, Gás Natural e Biocombustíveis (ANP)",https://www.gov.br/anp/pt-br/centrais-de-conteudo/dados-abertos/arquivos/vdpb/vendas-derivados-petroleo-e-etanol/vendas-combustiveis-m3-1990-2025.csv,ANP CSV updated 28 Aug. 2026; data through Jul. 2026.,Gasolina C; Querosene de Aviação; Óleo Diesel.,"m³ × 6.28981077 bbl/m³ ÷ days in month ÷ 1,000,000.",Sales are not direct final consumption; gasoline and diesel blend composition can change.,3271353.292000000,0.663748167,0.018277980,510763.025000000,0.103632348,0.021405236,4636961.246000000,0.940826090,0.022957076,0.062640292
Brazil,2022-02-01,National fuel sales,m3,"Agência Nacional do Petróleo, Gás Natural e Biocombustíveis (ANP)",https://www.gov.br/anp/pt-br/centrais-de-conteudo/dados-abertos/arquivos/vdpb/vendas-derivados-petroleo-e-etanol/vendas-combustiveis-m3-1990-2025.csv,ANP CSV updated 28 Aug. 2026; data through Jul. 2026.,Gasolina C; Querosene de Aviação; Óleo Diesel.,"m³ × 6.28981077 bbl/m³ ÷ days in month ÷ 1,000,000.",Sales are not direct final consumption; gasoline and diesel blend composition can change.,3321083.560000000,0.746035255,0.123745525,422401.891000000,0.094886713,0.025362011,4929325.533000000,1.107304458,0.109820036,0.258927572
Brazil,2022-03-01,National fuel sales,m3,"Agência Nacional do Petróleo, Gás Natural e Biocombustíveis (ANP)",https://www.gov.br/anp/pt-br/centrais-de-conteudo/dados-abertos/arquivos/vdpb/vendas-derivados-petroleo-e-etanol/vendas-combustiveis-m3-1990-2025.csv,ANP CSV updated 28 Aug. 2026; data through Jul. 2026.,Gasolina C; Querosene de Aviação; Óleo Diesel.,"m³ × 6.28981077 bbl/m³ ÷ days in month ÷ 1,000,000.",Sales are not direct final consumption; gasoline and diesel blend composition can change.,3301338.320000000,0.669832043,0.097492704,484278.309000000,0.098258675,0.038192743,5461778.952000000,1.108179228,-0.007064362,0.128621085
Brazil,2022-04-01,National fuel sales,m3,"Agência Nacional do Petróleo, Gás Natural e Biocombustíveis (ANP)",https://www.gov.br/anp/pt-br/centrais-de-conteudo/dados-abertos/arquivos/vdpb/vendas-derivados-petroleo-e-etanol/vendas-combustiveis-m3-1990-2025.csv,ANP CSV updated 28 Aug. 2026; data through Jul. 2026.,Gasolina C; Querosene de Aviação; Óleo Diesel.,"m³ × 6.28981077 bbl/m³ ÷ days in month ÷ 1,000,000.",Sales are not direct final consumption; gasoline and diesel blend composition can change.,3260679.237000000,0.683635179,0.109461658,460421.410000000,0.096532118,0.046260300,4989833.675000000,1.046170320,-0.020130981,0.135590977
Brazil,2022-05-01,National fuel sales,m3,"Agência Nacional do Petróleo, Gás Natural e Biocombustíveis (ANP)",https://www.gov.br/anp/pt-br/centrais-de-conteudo/dados-abertos/arquivos/vdpb/vendas-derivados-petroleo-e-etanol/vendas-combustiveis-m3-1990-2025.csv,ANP CSV updated 28 Aug. 2026; data through Jul. 2026.,Gasolina C; Querosene de Aviação; Óleo Diesel.,"m³ × 6.28981077 bbl/m³ ÷ days in month ÷ 1,000,000.",Sales are not direct final consumption; gasoline and diesel blend composition can change.,3429459.660000000,0.695827494,0.069054180,486900.433000000,0.098790696,0.039908252,5345139.570000000,1.084513433,0.065533306,0.174495738
Brazil,2022-06-01,National fuel sales,m3,"Agência Nacional do Petróleo, Gás Natural e Biocombustíveis (ANP)",https://www.gov.br/anp/pt-br/centrais-de-conteudo/dados-abertos/arquivos/vdpb/vendas-derivados-petroleo-e-etanol/vendas-combustiveis-m3-1990-2025.csv,ANP CSV updated 28 Aug. 2026; data through Jul. 2026.,Gasolina C; Querosene de Aviação; Óleo Diesel.,"m³ × 6.28981077 bbl/m³ ÷ days in month ÷ 1,000,000.",Sales are not direct final consumption; gasoline and diesel blend composition can change.,3170300.174000000,0.664686273,-0.005466420,464821.980000000,0.097454743,0.032158643,5139351.950000000,1.077518375,0.004879421,0.031571644
Brazil,2022-07-01,National fuel sales,m3,"Agência Nacional do Petróleo, Gás Natural e Biocombustíveis (ANP)",https://www.gov.br/anp/pt-br/centrais-de-conteudo/dados-abertos/arquivos/vdpb/vendas-derivados-petroleo-e-etanol/vendas-combustiveis-m3-1990-2025.csv,ANP CSV updated 28 Aug. 2026; data through Jul. 2026.,Gasolina C; Querosene de Aviação; Óleo Diesel.,"m³ × 6.28981077 bbl/m³ ÷ days in month ÷ 1,000,000.",Sales are not direct final consumption; gasoline and diesel blend composition can change.,3566004.254000000,0.723531999,0.010329906,527373.138000000,0.107002492,0.029020315,5531495.755000000,1.122324567,-0.017452085,0.021898136
Brazil,2022-08-01,National fuel sales,m3,"Agência Nacional do Petróleo, Gás Natural e Biocombustíveis (ANP)",https://www.gov.br/anp/pt-br/centrais-de-conteudo/dados-abertos/arquivos/vdpb/vendas-derivados-petroleo-e-etanol/vendas-combustiveis-m3-1990-2025.csv,ANP CSV updated 28 Aug. 2026; data through Jul. 2026.,Gasolina C; Querosene de Aviação; Óleo Diesel.,"m³ × 6.28981077 bbl/m³ ÷ days in month ÷ 1,000,000.",Sales are not direct final consumption; gasoline and diesel blend composition can change.,3837513.547000000,0.778620453,0.083364053,504194.937000000,0.102299701,0.025494054,5811135.439000000,1.179062654,0.017004883,0.125862991
Brazil,2022-09-01,National fuel sales,m3,"Agência Nacional do Petróleo, Gás Natural e Biocombustíveis (ANP)",https://www.gov.br/anp/pt-br/centrais-de-conteudo/dados-abertos/arquivos/vdpb/vendas-derivados-petroleo-e-etanol/vendas-combustiveis-m3-1990-2025.csv,ANP CSV updated 28 Aug. 2026; data through Jul. 2026.,Gasolina C; Querosene de Aviação; Óleo Diesel.,"m³ × 6.28981077 bbl/m³ ÷ days in month ÷ 1,000,000.",Sales are not direct final consumption; gasoline and diesel blend composition can change.,3810491.564000000,0.798909029,0.066240029,494937.468000000,0.103768767,0.022232823,5492723.685000000,1.151606420,0.015722587,0.104195438
Brazil,2022-10-01,National fuel sales,m3,"Agência Nacional do Petróleo, Gás Natural e Biocombustíveis (ANP)",https://www.gov.br/anp/pt-br/centrais-de-conteudo/dados-abertos/arquivos/vdpb/vendas-derivados-petroleo-e-etanol/vendas-combustiveis-m3-1990-2025.csv,ANP CSV updated 28 Aug. 2026; data through Jul. 2026.,Gasolina C; Querosene de Aviação; Óleo Diesel.,"m³ × 6.28981077 bbl/m³ ÷ days in month ÷ 1,000,000.",Sales are not direct final consumption; gasoline and diesel blend composition can change.,3877617.352000000,0.786757399,0.060161485,518436.601000000,0.105189294,0.019727086,5616165.827000000,1.139503881,-0.001401158,0.078487413
Brazil,2022-11-01,National fuel sales,m3,"Agência Nacional do Petróleo, Gás Natural e Biocombustíveis (ANP)",https://www.gov.br/anp/pt-br/centrais-de-conteudo/dados-abertos/arquivos/vdpb/vendas-derivados-petroleo-e-etanol/vendas-combustiveis-m3-1990-2025.csv,ANP CSV updated 28 Aug. 2026; data through Jul. 2026.,Gasolina C; Querosene de Aviação; Óleo Diesel.,"m³ × 6.28981077 bbl/m³ ÷ days in month ÷ 1,000,000.",Sales are not direct final consumption; gasoline and diesel blend composition can change.,3758178.930000000,0.787941144,0.067694002,520169.195000000,0.109058860,0.014806359,5235240.589000000,1.097622421,0.026995684,0.109496046
Brazil,2022-12-01,National fuel sales,m3,"Agência Nacional do Petróleo, Gás Natural e Biocombustíveis (ANP)",https://www.gov.br/anp/pt-br/centrais-de-conteudo/dados-abertos/arquivos/vdpb/vendas-derivados-petroleo-e-etanol/vendas-combustiveis-m3-1990-2025.csv,ANP CSV updated 28 Aug. 2026; data through Jul. 2026.,Gasolina C; Querosene de Aviação; Óleo Diesel.,"m³ × 6.28981077 bbl/m³ ÷ days in month ÷ 1,000,000.",Sales are not direct final consumption; gasoline and diesel blend composition can change.,4435252.204000000,0.899899906,0.074463269,565095.007000000,0.114656150,0.011129329,5037787.919000000,1.022152668,0.020955592,0.106548189
Brazil,2023-01-01,National fuel sales,m3,"Agência Nacional do Petróleo, Gás Natural e Biocombustíveis (ANP)",https://www.gov.br/anp/pt-br/centrais-de-conteudo/dados-abertos/arquivos/vdpb/vendas-derivados-petroleo-e-etanol/vendas-combustiveis-m3-1990-2025.csv,ANP CSV updated 28 Aug. 2026; data through Jul. 2026.,Gasolina C; Querosene de Aviação; Óleo Diesel.,"m³ × 6.28981077 bbl/m³ ÷ days in month ÷ 1,000,000.",Sales are not direct final consumption; gasoline and diesel blend composition can change.,3757409.020000000,0.762367475,0.098619308,601340.811000000,0.122010320,0.018377972,4542381.596000000,0.921636151,-0.019189939,0.097807341
Brazil,2023-02-01,National fuel sales,m3,"Agência Nacional do Petróleo, Gás Natural e Biocombustíveis (ANP)",https://www.gov.br/anp/pt-br/centrais-de-conteudo/dados-abertos/arquivos/vdpb/vendas-derivados-petroleo-e-etanol/vendas-combustiveis-m3-1990-2025.csv,ANP CSV updated 28 Aug. 2026; data through Jul. 2026.,Gasolina C; Querosene de Aviação; Óleo Diesel.,"m³ × 6.28981077 bbl/m³ ÷ days in month ÷ 1,000,000.",Sales are not direct final consumption; gasoline and diesel blend composition can change.,3788872.723000000,0.851117588,0.105082333,486150.472000000,0.109206946,0.014320233,4805250.645000000,1.079432759,-0.027871699,0.091530866
Brazil,2023-03-01,National fuel sales,m3,"Agência Nacional do Petróleo, Gás Natural e Biocombustíveis (ANP)",https://www.gov.br/anp/pt-br/centrais-de-conteudo/dados-abertos/arquivos/vdpb/vendas-derivados-petroleo-e-etanol/vendas-combustiveis-m3-1990-2025.csv,ANP CSV updated 28 Aug. 2026; data through Jul. 2026.,Gasolina C; Querosene de Aviação; Óleo Diesel.,"m³ × 6.28981077 bbl/m³ ÷ days in month ÷ 1,000,000.",Sales are not direct final consumption; gasoline and diesel blend composition can change.,3896160.164000000,0.790519683,0.120687640,544653.338000000,0.110508595,0.012249920,5849408.092000000,1.186828065,0.078648837,0.211586396
Brazil,2023-04-01,National fuel sales,m3,"Agência Nacional do Petróleo, Gás Natural e Biocombustíveis (ANP)",https://www.gov.br/anp/pt-br/centrais-de-conteudo/dados-abertos/arquivos/vdpb/vendas-derivados-petroleo-e-etanol/vendas-combustiveis-m3-1990-2025.csv,ANP CSV updated 28 Aug. 2026; data through Jul. 2026.,Gasolina C; Querosene de Aviação; Óleo Diesel.,"m³ × 6.28981077 bbl/m³ ÷ days in month ÷ 1,000,000.",Sales are not direct final consumption; gasoline and diesel blend composition can change.,3675673.868000000,0.770643103,0.087007923,508086.502000000,0.106525598,0.009993480,4903816.575000000,1.028135944,-0.018034376,0.078967028
Brazil,2023-05-01,National fuel sales,m3,"Agência Nacional do Petróleo, Gás Natural e Biocombustíveis (ANP)",https://www.gov.br/anp/pt-br/centrais-de-conteudo/dados-abertos/arquivos/vdpb/vendas-derivados-petroleo-e-etanol/vendas-combustiveis-m3-1990-2025.csv,ANP CSV updated 28 Aug. 2026; data through Jul. 2026.,Gasolina C; Querosene de Aviação; Óleo Diesel.,"m³ × 6.28981077 bbl/m³ ÷ days in month ÷ 1,000,000.",Sales are not direct final consumption; gasoline and diesel blend composition can change.,4179565.278000000,0.848021764,0.152194271,528079.824000000,0.107145876,0.008355180,5645097.039000000,1.145373940,0.060860507,0.221409958
Brazil,2023-06-01,National fuel sales,m3,"Agência Nacional do Petróleo, Gás Natural e Biocombustíveis (ANP)",https://www.gov.br/anp/pt-br/centrais-de-conteudo/dados-abertos/arquivos/vdpb/vendas-derivados-petroleo-e-etanol/vendas-combustiveis-m3-1990-2025.csv,ANP CSV updated 28 Aug. 2026; data through Jul. 2026.,Gasolina C; Querosene de Aviação; Óleo Diesel.,"m³ × 6.28981077 bbl/m³ ÷ days in month ÷ 1,000,000.",Sales are not direct final consumption; gasoline and diesel blend composition can change.,3845007.597000000,0.806145673,0.141459401,517768.266000000,0.108555481,0.011100737,5458802.458000000,1.144494483,0.066976108,0.219536246
Brazil,2023-07-01,National fuel sales,m3,"Agência Nacional do Petróleo, Gás Natural e Biocombustíveis (ANP)",https://www.gov.br/anp/pt-br/centrais-de-conteudo/dados-abertos/arquivos/vdpb/vendas-derivados-petroleo-e-etanol/vendas-combustiveis-m3-1990-2025.csv,ANP CSV updated 28 Aug. 2026; data through Jul. 2026.,Gasolina C; Querosene de Aviação; Óleo Diesel.,"m³ × 6.28981077 bbl/m³ ÷ days in month ÷ 1,000,000.",Sales are not direct final consumption; gasoline and diesel blend composition can change.,3790703.182000000,0.769122765,0.045590766,565101.364000000,0.114657440,0.007654948,5717418.468000000,1.160047750,0.037723183,0.090968897
Brazil,2023-08-01,National fuel sales,m3,"Agência Nacional do Petróleo, Gás Natural e Biocombustíveis (ANP)",https://www.gov.br/anp/pt-br/centrais-de-conteudo/dados-abertos/arquivos/vdpb/vendas-derivados-petroleo-e-etanol/vendas-combustiveis-m3-1990-2025.csv,ANP CSV updated 28 Aug. 2026; data through Jul. 2026.,Gasolina C; Querosene de Aviação; Óleo Diesel.,"m³ × 6.28981077 bbl/m³ ÷ days in month ÷ 1,000,000.",Sales are not direct final consumption; gasoline and diesel blend composition can change.,3892903.531000000,0.789858921,0.011238468,567997.845000000,0.115245128,0.012945426,6216641.942000000,1.261338756,0.082276102,0.106459997
Brazil,2023-09-01,National fuel sales,m3,"Agência Nacional do Petróleo, Gás Natural e Biocombustíveis (ANP)",https://www.gov.br/anp/pt-br/centrais-de-conteudo/dados-abertos/arquivos/vdpb/vendas-derivados-petroleo-e-etanol/vendas-combustiveis-m3-1990-2025.csv,ANP CSV updated 28 Aug. 2026; data through Jul. 2026.,Gasolina C; Querosene de Aviação; Óleo Diesel.,"m³ × 6.28981077 bbl/m³ ÷ days in month ÷ 1,000,000.",Sales are not direct final consumption; gasoline and diesel blend composition can change.,3694909.120000000,0.774675973,-0.024233057,533161.129000000,0.111782754,0.008013986,5761845.273000000,1.208030548,0.056424129,0.040205059
Brazil,2023-10-01,National fuel sales,m3,"Agência Nacional do Petróleo, Gás Natural e Biocombustíveis (ANP)",https://www.gov.br/anp/pt-br/centrais-de-conteudo/dados-abertos/arquivos/vdpb/vendas-derivados-petroleo-e-etanol/vendas-combustiveis-m3-1990-2025.csv,ANP CSV updated 28 Aug. 2026; data through Jul. 2026.,Gasolina C; Querosene de Aviação; Óleo Diesel.,"m³ × 6.28981077 bbl/m³ ÷ days in month ÷ 1,000,000.",Sales are not direct final consumption; gasoline and diesel blend composition can change.,3715699.230000000,0.753904679,-0.032852721,547606.663000000,0.111107816,0.005918522,5760971.024000000,1.168884438,0.029380558,0.002446358
Brazil,2023-11-01,National fuel sales,m3,"Agência Nacional do Petróleo, Gás Natural e Biocombustíveis (ANP)",https://www.gov.br/anp/pt-br/centrais-de-conteudo/dados-abertos/arquivos/vdpb/vendas-derivados-petroleo-e-etanol/vendas-combustiveis-m3-1990-2025.csv,ANP CSV updated 28 Aug. 2026; data through Jul. 2026.,Gasolina C; Querosene de Aviação; Óleo Diesel.,"m³ × 6.28981077 bbl/m³ ÷ days in month ÷ 1,000,000.",Sales are not direct final consumption; gasoline and diesel blend composition can change.,3673113.762000000,0.770106350,-0.017834794,549347.311000000,0.115176354,0.006117494,5515564.935000000,1.156395324,0.058772903,0.047055604
Brazil,2023-12-01,National fuel sales,m3,"Agência Nacional do Petróleo, Gás Natural e Biocombustíveis (ANP)",https://www.gov.br/anp/pt-br/centrais-de-conteudo/dados-abertos/arquivos/vdpb/vendas-derivados-petroleo-e-etanol/vendas-combustiveis-m3-1990-2025.csv,ANP CSV updated 28 Aug. 2026; data through Jul. 2026.,Gasolina C; Querosene de Aviação; Óleo Diesel.,"m³ × 6.28981077 bbl/m³ ÷ days in month ÷ 1,000,000.",Sales are not direct final consumption; gasoline and diesel blend composition can change.,4119696.808000000,0.835874624,-0.064025282,582328.081000000,0.118152691,0.003496541,5341202.674000000,1.083714649,0.061561980,0.001033240
Brazil,2024-01-01,National fuel sales,m3,"Agência Nacional do Petróleo, Gás Natural e Biocombustíveis (ANP)",https://www.gov.br/anp/pt-br/centrais-de-conteudo/dados-abertos/arquivos/vdpb/vendas-derivados-petroleo-e-etanol/vendas-combustiveis-m3-1990-2025.csv,ANP CSV updated 28 Aug. 2026; data through Jul. 2026.,Gasolina C; Querosene de Aviação; Óleo Diesel.,"m³ × 6.28981077 bbl/m³ ÷ days in month ÷ 1,000,000.",Sales are not direct final consumption; gasoline and diesel blend composition can change.,3711808.628000000,0.753115287,-0.009252188,613570.137000000,0.124491615,0.002481295,5098280.407000000,1.034426420,0.112790269,0.106019375
Brazil,2024-02-01,National fuel sales,m3,"Agência Nacional do Petróleo, Gás Natural e Biocombustíveis (ANP)",https://www.gov.br/anp/pt-br/centrais-de-conteudo/dados-abertos/arquivos/vdpb/vendas-derivados-petroleo-e-etanol/vendas-combustiveis-m3-1990-2025.csv,ANP CSV updated 28 Aug. 2026; data through Jul. 2026.,Gasolina C; Querosene de Aviação; Óleo Diesel.,"m³ × 6.28981077 bbl/m³ ÷ days in month ÷ 1,000,000.",Sales are not direct final consumption; gasoline and diesel blend composition can change.,3262264.325000000,0.707552596,-0.143564992,542912.223000000,0.117752246,0.008545301,5069879.688000000,1.099606340,0.020173581,-0.114846110
Brazil,2024-03-01,National fuel sales,m3,"Agência Nacional do Petróleo, Gás Natural e Biocombustíveis (ANP)",https://www.gov.br/anp/pt-br/centrais-de-conteudo/dados-abertos/arquivos/vdpb/vendas-derivados-petroleo-e-etanol/vendas-combustiveis-m3-1990-2025.csv,ANP CSV updated 28 Aug. 2026; data through Jul. 2026.,Gasolina C; Querosene de Aviação; Óleo Diesel.,"m³ × 6.28981077 bbl/m³ ÷ days in month ÷ 1,000,000.",Sales are not direct final consumption; gasoline and diesel blend composition can change.,3626015.531000000,0.735708114,-0.054811568,564740.022000000,0.114584125,0.004075530,5396917.840000000,1.095019095,-0.091808970,-0.142545008
Brazil,2024-04-01,National fuel sales,m3,"Agência Nacional do Petróleo, Gás Natural e Biocombustíveis (ANP)",https://www.gov.br/anp/pt-br/centrais-de-conteudo/dados-abertos/arquivos/vdpb/vendas-derivados-petroleo-e-etanol/vendas-combustiveis-m3-1990-2025.csv,ANP CSV updated 28 Aug. 2026; data through Jul. 2026.,Gasolina C; Querosene de Aviação; Óleo Diesel.,"m³ × 6.28981077 bbl/m³ ÷ days in month ÷ 1,000,000.",Sales are not direct final consumption; gasoline and diesel blend composition can change.,3643087.378000000,0.763811008,-0.006832095,554134.520000000,0.116180042,0.009654444,5629598.915000000,1.180303730,0.152167786,0.154990135
Brazil,2024-05-01,National fuel sales,m3,"Agência Nacional do Petróleo, Gás Natural e Biocombustíveis (ANP)",https://www.gov.br/anp/pt-br/centrais-de-conteudo/dados-abertos/arquivos/vdpb/vendas-derivados-petroleo-e-etanol/vendas-combustiveis-m3-1990-2025.csv,ANP CSV updated 28 Aug. 2026; data through Jul. 2026.,Gasolina C; Querosene de Aviação; Óleo Diesel.,"m³ × 6.28981077 bbl/m³ ÷ days in month ÷ 1,000,000.",Sales are not direct final consumption; gasoline and diesel blend composition can change.,3645688.904000000,0.739699785,-0.108321980,552306.063000000,0.112061310,0.004915434,5650832.568000000,1.146537663,0.001163722,-0.102242823
Brazil,2024-06-01,National fuel sales,m3,"Agência Nacional do Petróleo, Gás Natural e Biocombustíveis (ANP)",https://www.gov.br/anp/pt-br/centrais-de-conteudo/dados-abertos/arquivos/vdpb/vendas-derivados-petroleo-e-etanol/vendas-combustiveis-m3-1990-2025.csv,ANP CSV updated 28 Aug. 2026; data through Jul. 2026.,Gasolina C; Querosene de Aviação; Óleo Diesel.,"m³ × 6.28981077 bbl/m³ ÷ days in month ÷ 1,000,000.",Sales are not direct final consumption; gasoline and diesel blend composition can change.,3514468.713000000,0.736844772,-0.069300901,548679.926000000,0.115036430,0.006480950,5665145.228000000,1.187756382,0.043261899,-0.019558052
Brazil,2024-07-01,National fuel sales,m3,"Agência Nacional do Petróleo, Gás Natural e Biocombustíveis (ANP)",https://www.gov.br/anp/pt-br/centrais-de-conteudo/dados-abertos/arquivos/vdpb/vendas-derivados-petroleo-e-etanol/vendas-combustiveis-m3-1990-2025.csv,ANP CSV updated 28 Aug. 2026; data through Jul. 2026.,Gasolina C; Querosene de Aviação; Óleo Diesel.,"m³ × 6.28981077 bbl/m³ ÷ days in month ÷ 1,000,000.",Sales are not direct final consumption; gasoline and diesel blend composition can change.,3766270.306000000,0.764165404,-0.004957360,603075.943000000,0.122362373,0.007704933,6069938.669000000,1.231573084,0.071525334,0.074272907
Brazil,2024-08-01,National fuel sales,m3,"Agência Nacional do Petróleo, Gás Natural e Biocombustíveis (ANP)",https://www.gov.br/anp/pt-br/centrais-de-conteudo/dados-abertos/arquivos/vdpb/vendas-derivados-petroleo-e-etanol/vendas-combustiveis-m3-1990-2025.csv,ANP CSV updated 28 Aug. 2026; data through Jul. 2026.,Gasolina C; Querosene de Aviação; Óleo Diesel.,"m³ × 6.28981077 bbl/m³ ÷ days in month ÷ 1,000,000.",Sales are not direct final consumption; gasoline and diesel blend composition can change.,3809057.686000000,0.772846841,-0.017012081,584302.495000000,0.118553294,0.003308167,6115042.770000000,1.240724577,-0.020614180,-0.034318094
Brazil,2024-09-01,National fuel sales,m3,"Agência Nacional do Petróleo, Gás Natural e Biocombustíveis (ANP)",https://www.gov.br/anp/pt-br/centrais-de-conteudo/dados-abertos/arquivos/vdpb/vendas-derivados-petroleo-e-etanol/vendas-combustiveis-m3-1990-2025.csv,ANP CSV updated 28 Aug. 2026; data through Jul. 2026.,Gasolina C; Querosene de Aviação; Óleo Diesel.,"m³ × 6.28981077 bbl/m³ ÷ days in month ÷ 1,000,000.",Sales are not direct final consumption; gasoline and diesel blend composition can change.,3651906.909000000,0.765660114,-0.009015859,574013.740000000,0.120347927,0.008565173,5793933.746000000,1.214758229,0.006727681,0.006276995
Brazil,2024-10-01,National fuel sales,m3,"Agência Nacional do Petróleo, Gás Natural e Biocombustíveis (ANP)",https://www.gov.br/anp/pt-br/centrais-de-conteudo/dados-abertos/arquivos/vdpb/vendas-derivados-petroleo-e-etanol/vendas-combustiveis-m3-1990-2025.csv,ANP CSV updated 28 Aug. 2026; data through Jul. 2026.,Gasolina C; Querosene de Aviação; Óleo Diesel.,"m³ × 6.28981077 bbl/m³ ÷ days in month ÷ 1,000,000.",Sales are not direct final consumption; gasoline and diesel blend composition can change.,3927613.148000000,0.796901403,0.042996724,602129.000000000,0.122170241,0.011062425,6270659.497000000,1.272298763,0.103414324,0.157473473
Brazil,2024-11-01,National fuel sales,m3,"Agência Nacional do Petróleo, Gás Natural e Biocombustíveis (ANP)",https://www.gov.br/anp/pt-br/centrais-de-conteudo/dados-abertos/arquivos/vdpb/vendas-derivados-petroleo-e-etanol/vendas-combustiveis-m3-1990-2025.csv,ANP CSV updated 28 Aug. 2026; data through Jul. 2026.,Gasolina C; Querosene de Aviação; Óleo Diesel.,"m³ × 6.28981077 bbl/m³ ÷ days in month ÷ 1,000,000.",Sales are not direct final consumption; gasoline and diesel blend composition can change.,3737121.135000000,0.783526159,0.013419809,602553.613000000,0.126331607,0.011155252,5607131.014000000,1.175593101,0.019197777,0.043772838
Brazil,2024-12-01,National fuel sales,m3,"Agência Nacional do Petróleo, Gás Natural e Biocombustíveis (ANP)",https://www.gov.br/anp/pt-br/centrais-de-conteudo/dados-abertos/arquivos/vdpb/vendas-derivados-petroleo-e-etanol/vendas-combustiveis-m3-1990-2025.csv,ANP CSV updated 28 Aug. 2026; data through Jul. 2026.,Gasolina C; Querosene de Aviação; Óleo Diesel.,"m³ × 6.28981077 bbl/m³ ÷ days in month ÷ 1,000,000.",Sales are not direct final consumption; gasoline and diesel blend composition can change.,4110015.374000000,0.833910289,-0.001964335,632135.330000000,0.128258439,0.010105747,5054317.222000000,1.025506416,-0.058208232,-0.050066820
Brazil,2025-01-01,National fuel sales,m3,"Agência Nacional do Petróleo, Gás Natural e Biocombustíveis (ANP)",https://www.gov.br/anp/pt-br/centrais-de-conteudo/dados-abertos/arquivos/vdpb/vendas-derivados-petroleo-e-etanol/vendas-combustiveis-m3-1990-2025.csv,ANP CSV updated 28 Aug. 2026; data through Jul. 2026.,Gasolina C; Querosene de Aviação; Óleo Diesel.,"m³ × 6.28981077 bbl/m³ ÷ days in month ÷ 1,000,000.",Sales are not direct final consumption; gasoline and diesel blend composition can change.,3841733.109000000,0.779476590,0.026361303,648901.555000000,0.131660258,0.007168643,5376453.723000000,1.090866985,0.056440565,0.089970511
Brazil,2025-02-01,National fuel sales,m3,"Agência Nacional do Petróleo, Gás Natural e Biocombustíveis (ANP)",https://www.gov.br/anp/pt-br/centrais-de-conteudo/dados-abertos/arquivos/vdpb/vendas-derivados-petroleo-e-etanol/vendas-combustiveis-m3-1990-2025.csv,ANP CSV updated 28 Aug. 2026; data through Jul. 2026.,Gasolina C; Querosene de Aviação; Óleo Diesel.,"m³ × 6.28981077 bbl/m³ ÷ days in month ÷ 1,000,000.",Sales are not direct final consumption; gasoline and diesel blend composition can change.,3412735.600000000,0.766623612,0.059071016,558506.095000000,0.125460630,0.007708384,5283454.311000000,1.186854565,0.087248225,0.154027625
Brazil,2025-03-01,National fuel sales,m3,"Agência Nacional do Petróleo, Gás Natural e Biocombustíveis (ANP)",https://www.gov.br/anp/pt-br/centrais-de-conteudo/dados-abertos/arquivos/vdpb/vendas-derivados-petroleo-e-etanol/vendas-combustiveis-m3-1990-2025.csv,ANP CSV updated 28 Aug. 2026; data through Jul. 2026.,Gasolina C; Querosene de Aviação; Óleo Diesel.,"m³ × 6.28981077 bbl/m³ ÷ days in month ÷ 1,000,000.",Sales are not direct final consumption; gasoline and diesel blend composition can change.,3700842.412000000,0.750890273,0.015182159,615533.035000000,0.124889881,0.010305756,5698602.098000000,1.156229963,0.061210868,0.086698782
Brazil,2025-04-01,National fuel sales,m3,"Agência Nacional do Petróleo, Gás Natural e Biocombustíveis (ANP)",https://www.gov.br/anp/pt-br/centrais-de-conteudo/dados-abertos/arquivos/vdpb/vendas-derivados-petroleo-e-etanol/vendas-combustiveis-m3-1990-2025.csv,ANP CSV updated 28 Aug. 2026; data through Jul. 2026.,Gasolina C; Querosene de Aviação; Óleo Diesel.,"m³ × 6.28981077 bbl/m³ ÷ days in month ÷ 1,000,000.",Sales are not direct final consumption; gasoline and diesel blend composition can change.,3813003.344000000,0.799435650,0.035624642,586626.337000000,0.122992288,0.006812246,5477035.461000000,1.148317221,-0.031986509,0.010450380
Brazil,2025-05-01,National fuel sales,m3,"Agência Nacional do Petróleo, Gás Natural e Biocombustíveis (ANP)",https://www.gov.br/anp/pt-br/centrais-de-conteudo/dados-abertos/arquivos/vdpb/vendas-derivados-petroleo-e-etanol/vendas-combustiveis-m3-1990-2025.csv,ANP CSV updated 28 Aug. 2026; data through Jul. 2026.,Gasolina C; Querosene de Aviação; Óleo Diesel.,"m³ × 6.28981077 bbl/m³ ÷ days in month ÷ 1,000,000.",Sales are not direct final consumption; gasoline and diesel blend composition can change.,3810733.248000000,0.773186807,0.033487022,596131.309000000,0.120953327,0.008892016,5856275.998000000,1.188221543,0.041683881,0.084062919
Brazil,2025-06-01,National fuel sales,m3,"Agência Nacional do Petróleo, Gás Natural e Biocombustíveis (ANP)",https://www.gov.br/anp/pt-br/centrais-de-conteudo/dados-abertos/arquivos/vdpb/vendas-derivados-petroleo-e-etanol/vendas-combustiveis-m3-1990-2025.csv,ANP CSV updated 28 Aug. 2026; data through Jul. 2026.,Gasolina C; Querosene de Aviação; Óleo Diesel.,"m³ × 6.28981077 bbl/m³ ÷ days in month ÷ 1,000,000.",Sales are not direct final consumption; gasoline and diesel blend composition can change.,3706679.217000000,0.777143695,0.040298923,594007.944000000,0.124539919,0.009503489,5640408.231000000,1.182570015,-0.005186368,0.044616044
Brazil,2025-07-01,National fuel sales,m3,"Agência Nacional do Petróleo, Gás Natural e Biocombustíveis (ANP)",https://www.gov.br/anp/pt-br/centrais-de-conteudo/dados-abertos/arquivos/vdpb/vendas-derivados-petroleo-e-etanol/vendas-combustiveis-m3-1990-2025.csv,ANP CSV updated 28 Aug. 2026; data through Jul. 2026.,Gasolina C; Querosene de Aviação; Óleo Diesel.,"m³ × 6.28981077 bbl/m³ ÷ days in month ÷ 1,000,000.",Sales are not direct final consumption; gasoline and diesel blend composition can change.,3916883.267000000,0.794724341,0.030558936,640784.176000000,0.130013265,0.007650892,6373131.975000000,1.293090133,0.061517049,0.099726877
Brazil,2025-08-01,National fuel sales,m3,"Agência Nacional do Petróleo, Gás Natural e Biocombustíveis (ANP)",https://www.gov.br/anp/pt-br/centrais-de-conteudo/dados-abertos/arquivos/vdpb/vendas-derivados-petroleo-e-etanol/vendas-combustiveis-m3-1990-2025.csv,ANP CSV updated 28 Aug. 2026; data through Jul. 2026.,Gasolina C; Querosene de Aviação; Óleo Diesel.,"m³ × 6.28981077 bbl/m³ ÷ days in month ÷ 1,000,000.",Sales are not direct final consumption; gasoline and diesel blend composition can change.,3869714.615000000,0.785153957,0.012307116,619397.385000000,0.125673947,0.007120652,6044501.407000000,1.226411937,-0.014312640,0.005115129
Brazil,2025-09-01,National fuel sales,m3,"Agência Nacional do Petróleo, Gás Natural e Biocombustíveis (ANP)",https://www.gov.br/anp/pt-br/centrais-de-conteudo/dados-abertos/arquivos/vdpb/vendas-derivados-petroleo-e-etanol/vendas-combustiveis-m3-1990-2025.csv,ANP CSV updated 28 Aug. 2026; data through Jul. 2026.,Gasolina C; Querosene de Aviação; Óleo Diesel.,"m³ × 6.28981077 bbl/m³ ÷ days in month ÷ 1,000,000.",Sales are not direct final consumption; gasoline and diesel blend composition can change.,3946697.927000000,0.827466104,0.061805991,604788.713000000,0.126800219,0.006452292,6246149.819000000,1.309570013,0.094811784,0.163070067
Brazil,2025-10-01,National fuel sales,m3,"Agência Nacional do Petróleo, Gás Natural e Biocombustíveis (ANP)",https://www.gov.br/anp/pt-br/centrais-de-conteudo/dados-abertos/arquivos/vdpb/vendas-derivados-petroleo-e-etanol/vendas-combustiveis-m3-1990-2025.csv,ANP CSV updated 28 Aug. 2026; data through Jul. 2026.,Gasolina C; Querosene de Aviação; Óleo Diesel.,"m³ × 6.28981077 bbl/m³ ÷ days in month ÷ 1,000,000.",Sales are not direct final consumption; gasoline and diesel blend composition can change.,4145225.442000000,0.841054311,0.044152908,634806.473000000,0.128800406,0.006630165,6429837.820000000,1.304595586,0.032296824,0.083079897
Brazil,2025-11-01,National fuel sales,m3,"Agência Nacional do Petróleo, Gás Natural e Biocombustíveis (ANP)",https://www.gov.br/anp/pt-br/centrais-de-conteudo/dados-abertos/arquivos/vdpb/vendas-derivados-petroleo-e-etanol/vendas-combustiveis-m3-1990-2025.csv,ANP CSV updated 28 Aug. 2026; data through Jul. 2026.,Gasolina C; Querosene de Aviação; Óleo Diesel.,"m³ × 6.28981077 bbl/m³ ÷ days in month ÷ 1,000,000.",Sales are not direct final consumption; gasoline and diesel blend composition can change.,3850786.813000000,0.807357346,0.023831187,628343.890000000,0.131738806,0.005407199,5626768.340000000,1.179710270,0.004117169,0.033355554
Brazil,2025-12-01,National fuel sales,m3,"Agência Nacional do Petróleo, Gás Natural e Biocombustíveis (ANP)",https://www.gov.br/anp/pt-br/centrais-de-conteudo/dados-abertos/arquivos/vdpb/vendas-derivados-petroleo-e-etanol/vendas-combustiveis-m3-1990-2025.csv,ANP CSV updated 28 Aug. 2026; data through Jul. 2026.,Gasolina C; Querosene de Aviação; Óleo Diesel.,"m³ × 6.28981077 bbl/m³ ÷ days in month ÷ 1,000,000.",Sales are not direct final consumption; gasoline and diesel blend composition can change.,4639249.557000000,0.941290382,0.107380092,673665.764000000,0.136684844,0.008426406,5424093.992000000,1.100533058,0.075026642,0.190833140
Brazil,2026-01-01,National fuel sales,m3,"Agência Nacional do Petróleo, Gás Natural e Biocombustíveis (ANP)",https://www.gov.br/anp/pt-br/centrais-de-conteudo/dados-abertos/arquivos/vdpb/vendas-derivados-petroleo-e-etanol/vendas-combustiveis-m3-1990-2025.csv,ANP CSV updated 28 Aug. 2026; data through Jul. 2026.,Gasolina C; Querosene de Aviação; Óleo Diesel.,"m³ × 6.28981077 bbl/m³ ÷ days in month ÷ 1,000,000.",Sales are not direct final consumption; gasoline and diesel blend composition can change.,3918219.832000000,0.794995526,0.015518936,694503.398000000,0.140912740,0.009252483,5200698.484000000,1.055206753,-0.035660232,-0.010888813
Brazil,2026-02-01,National fuel sales,m3,"Agência Nacional do Petróleo, Gás Natural e Biocombustíveis (ANP)",https://www.gov.br/anp/pt-br/centrais-de-conteudo/dados-abertos/arquivos/vdpb/vendas-derivados-petroleo-e-etanol/vendas-combustiveis-m3-1990-2025.csv,ANP CSV updated 28 Aug. 2026; data through Jul. 2026.,Gasolina C; Querosene de Aviação; Óleo Diesel.,"m³ × 6.28981077 bbl/m³ ÷ days in month ÷ 1,000,000.",Sales are not direct final consumption; gasoline and diesel blend composition can change.,3763892.298000000,0.845506083,0.078882471,613866.980000000,0.137896684,0.012436053,5324997.979000000,1.196186773,0.009332208,0.100650732
Brazil,2026-03-01,National fuel sales,m3,"Agência Nacional do Petróleo, Gás Natural e Biocombustíveis (ANP)",https://www.gov.br/anp/pt-br/centrais-de-conteudo/dados-abertos/arquivos/vdpb/vendas-derivados-petroleo-e-etanol/vendas-combustiveis-m3-1990-2025.csv,ANP CSV updated 28 Aug. 2026; data through Jul. 2026.,Gasolina C; Querosene de Aviação; Óleo Diesel.,"m³ × 6.28981077 bbl/m³ ÷ days in month ÷ 1,000,000.",Sales are not direct final consumption; gasoline and diesel blend composition can change.,4175202.666000000,0.847136603,0.096246330,660973.330000000,0.134109586,0.009219705,6307614.769000000,1.279796881,0.123566918,0.229032953
Brazil,2026-04-01,National fuel sales,m3,"Agência Nacional do Petróleo, Gás Natural e Biocombustíveis (ANP)",https://www.gov.br/anp/pt-br/centrais-de-conteudo/dados-abertos/arquivos/vdpb/vendas-derivados-petroleo-e-etanol/vendas-combustiveis-m3-1990-2025.csv,ANP CSV updated 28 Aug. 2026; data through Jul. 2026.,Gasolina C; Querosene de Aviação; Óleo Diesel.,"m³ × 6.28981077 bbl/m³ ÷ days in month ÷ 1,000,000.",Sales are not direct final consumption; gasoline and diesel blend composition can change.,3940074.400000000,0.826077413,0.026641763,592255.415000000,0.124172483,0.001180195,5655256.783000000,1.185683167,0.037365946,0.065187904
Brazil,2026-05-01,National fuel sales,m3,"Agência Nacional do Petróleo, Gás Natural e Biocombustíveis (ANP)",https://www.gov.br/anp/pt-br/centrais-de-conteudo/dados-abertos/arquivos/vdpb/vendas-derivados-petroleo-e-etanol/vendas-combustiveis-m3-1990-2025.csv,ANP CSV updated 28 Aug. 2026; data through Jul. 2026.,Gasolina C; Querosene de Aviação; Óleo Diesel.,"m³ × 6.28981077 bbl/m³ ÷ days in month ÷ 1,000,000.",Sales are not direct final consumption; gasoline and diesel blend composition can change.,3855061.887000000,0.782180961,0.008994153,599324.796000000,0.121601276,0.000647949,5674314.701000000,1.151302120,-0.036919423,-0.027277321
Brazil,2026-06-01,National fuel sales,m3,"Agência Nacional do Petróleo, Gás Natural e Biocombustíveis (ANP)",https://www.gov.br/anp/pt-br/centrais-de-conteudo/dados-abertos/arquivos/vdpb/vendas-derivados-petroleo-e-etanol/vendas-combustiveis-m3-1990-2025.csv,ANP CSV updated 28 Aug. 2026; data through Jul. 2026.,Gasolina C; Querosene de Aviação; Óleo Diesel.,"m³ × 6.28981077 bbl/m³ ÷ days in month ÷ 1,000,000.",Sales are not direct final consumption; gasoline and diesel blend composition can change.,3876406.469000000,0.812728772,0.035585077,599055.056000000,0.125598098,0.001058179,5736689.225000000,1.202756322,0.020186308,0.056829564
Brazil,2026-07-01,National fuel sales,m3,"Agência Nacional do Petróleo, Gás Natural e Biocombustíveis (ANP)",https://www.gov.br/anp/pt-br/centrais-de-conteudo/dados-abertos/arquivos/vdpb/vendas-derivados-petroleo-e-etanol/vendas-combustiveis-m3-1990-2025.csv,ANP CSV updated 28 Aug. 2026; data through Jul. 2026.,Gasolina C; Querosene de Aviação; Óleo Diesel.,"m³ × 6.28981077 bbl/m³ ÷ days in month ÷ 1,000,000.",Sales are not direct final consumption; gasoline and diesel blend composition can change.,4002461.748000000,0.812087968,0.017363627,664206.350000000,0.134765557,0.004752292,6351659.504000000,1.288733431,-0.004356703,0.017759217
Canada,2021-07-01,"Products supplied, disposition",m3,Statistics Canada,https://www150.statcan.gc.ca/t1/tbl1/en/tv.action?pid=2510008101,"Statistics Canada table 25-10-0081-01, released 31 Aug. 2026; data through Jun. 2026.",Finished motor gasoline; Kerosene-type jet fuel; Distillate fuel oil.,"m³ × 6.28981077 bbl/m³ ÷ days in month ÷ 1,000,000.",Products supplied is a supply/demand proxy; distillate fuel oil is broader than narrowly defined diesel.,3882632.000000000,0.787774857,0.072640822,407472.000000000,0.082674896,0.024301191,2534849.000000000,0.514313566,-0.010778504,0.086163509
Canada,2021-08-01,"Products supplied, disposition",m3,Statistics Canada,https://www150.statcan.gc.ca/t1/tbl1/en/tv.action?pid=2510008101,"Statistics Canada table 25-10-0081-01, released 31 Aug. 2026; data through Jun. 2026.",Finished motor gasoline; Kerosene-type jet fuel; Distillate fuel oil.,"m³ × 6.28981077 bbl/m³ ÷ days in month ÷ 1,000,000.",Products supplied is a supply/demand proxy; distillate fuel oil is broader than narrowly defined diesel.,3859815.000000000,0.783145353,0.116340804,551723.000000000,0.111943009,0.053269828,2796464.000000000,0.567394496,0.012571709,0.182182340
Canada,2021-09-01,"Products supplied, disposition",m3,Statistics Canada,https://www150.statcan.gc.ca/t1/tbl1/en/tv.action?pid=2510008101,"Statistics Canada table 25-10-0081-01, released 31 Aug. 2026; data through Jun. 2026.",Finished motor gasoline; Kerosene-type jet fuel; Distillate fuel oil.,"m³ × 6.28981077 bbl/m³ ÷ days in month ÷ 1,000,000.",Products supplied is a supply/demand proxy; distillate fuel oil is broader than narrowly defined diesel.,3333006.000000000,0.698799235,-0.016858160,399513.000000000,0.083762039,0.024000031,2806972.000000000,0.588510757,-0.009241200,-0.002099329
Canada,2021-10-01,"Products supplied, disposition",m3,Statistics Canada,https://www150.statcan.gc.ca/t1/tbl1/en/tv.action?pid=2510008101,"Statistics Canada table 25-10-0081-01, released 31 Aug. 2026; data through Jun. 2026.",Finished motor gasoline; Kerosene-type jet fuel; Distillate fuel oil.,"m³ × 6.28981077 bbl/m³ ÷ days in month ÷ 1,000,000.",Products supplied is a supply/demand proxy; distillate fuel oil is broader than narrowly defined diesel.,3599887.000000000,0.730406710,0.035142390,481161.000000000,0.097626182,0.044085284,2803970.000000000,0.568917442,0.035266766,0.114494440
Canada,2021-11-01,"Products supplied, disposition",m3,Statistics Canada,https://www150.statcan.gc.ca/t1/tbl1/en/tv.action?pid=2510008101,"Statistics Canada table 25-10-0081-01, released 31 Aug. 2026; data through Jun. 2026.",Finished motor gasoline; Kerosene-type jet fuel; Distillate fuel oil.,"m³ × 6.28981077 bbl/m³ ÷ days in month ÷ 1,000,000.",Products supplied is a supply/demand proxy; distillate fuel oil is broader than narrowly defined diesel.,3403875.000000000,0.713657654,0.028668329,440413.000000000,0.092337148,0.033966446,2690730.000000000,0.564139418,-0.042915169,0.019719605
Canada,2021-12-01,"Products supplied, disposition",m3,Statistics Canada,https://www150.statcan.gc.ca/t1/tbl1/en/tv.action?pid=2510008101,"Statistics Canada table 25-10-0081-01, released 31 Aug. 2026; data through Jun. 2026.",Finished motor gasoline; Kerosene-type jet fuel; Distillate fuel oil.,"m³ × 6.28981077 bbl/m³ ÷ days in month ÷ 1,000,000.",Products supplied is a supply/demand proxy; distillate fuel oil is broader than narrowly defined diesel.,3485141.000000000,0.707125077,0.061178555,594982.000000000,0.120720135,0.061799826,2447647.000000000,0.496620531,-0.003565917,0.119412463
Canada,2022-01-01,"Products supplied, disposition",m3,Statistics Canada,https://www150.statcan.gc.ca/t1/tbl1/en/tv.action?pid=2510008101,"Statistics Canada table 25-10-0081-01, released 31 Aug. 2026; data through Jun. 2026.",Finished motor gasoline; Kerosene-type jet fuel; Distillate fuel oil.,"m³ × 6.28981077 bbl/m³ ÷ days in month ÷ 1,000,000.",Products supplied is a supply/demand proxy; distillate fuel oil is broader than narrowly defined diesel.,3114374.000000000,0.631897520,0.067290627,370551.000000000,0.075183731,0.014407116,2706198.000000000,0.549079785,0.020104061,0.101801805
Canada,2022-02-01,"Products supplied, disposition",m3,Statistics Canada,https://www150.statcan.gc.ca/t1/tbl1/en/tv.action?pid=2510008101,"Statistics Canada table 25-10-0081-01, released 31 Aug. 2026; data through Jun. 2026.",Finished motor gasoline; Kerosene-type jet fuel; Distillate fuel oil.,"m³ × 6.28981077 bbl/m³ ÷ days in month ÷ 1,000,000.",Products supplied is a supply/demand proxy; distillate fuel oil is broader than narrowly defined diesel.,3028372.000000000,0.680281672,0.068317454,441331.000000000,0.099138874,0.054615101,2696214.000000000,0.605666995,0.090143097,0.213075651
Canada,2022-03-01,"Products supplied, disposition",m3,Statistics Canada,https://www150.statcan.gc.ca/t1/tbl1/en/tv.action?pid=2510008101,"Statistics Canada table 25-10-0081-01, released 31 Aug. 2026; data through Jun. 2026.",Finished motor gasoline; Kerosene-type jet fuel; Distillate fuel oil.,"m³ × 6.28981077 bbl/m³ ÷ days in month ÷ 1,000,000.",Products supplied is a supply/demand proxy; distillate fuel oil is broader than narrowly defined diesel.,3199233.000000000,0.649115167,-0.039986356,532752.000000000,0.108093847,0.055983171,2768990.000000000,0.561820101,0.034889377,0.050886192
Canada,2022-04-01,"Products supplied, disposition",m3,Statistics Canada,https://www150.statcan.gc.ca/t1/tbl1/en/tv.action?pid=2510008101,"Statistics Canada table 25-10-0081-01, released 31 Aug. 2026; data through Jun. 2026.",Finished motor gasoline; Kerosene-type jet fuel; Distillate fuel oil.,"m³ × 6.28981077 bbl/m³ ÷ days in month ÷ 1,000,000.",Products supplied is a supply/demand proxy; distillate fuel oil is broader than narrowly defined diesel.,3183047.000000000,0.667358777,0.061928638,538207.000000000,0.112840673,0.068621626,2422336.000000000,0.507867835,0.004392804,0.134943068
Canada,2022-05-01,"Products supplied, disposition",m3,Statistics Canada,https://www150.statcan.gc.ca/t1/tbl1/en/tv.action?pid=2510008101,"Statistics Canada table 25-10-0081-01, released 31 Aug. 2026; data through Jun. 2026.",Finished motor gasoline; Kerosene-type jet fuel; Distillate fuel oil.,"m³ × 6.28981077 bbl/m³ ÷ days in month ÷ 1,000,000.",Products supplied is a supply/demand proxy; distillate fuel oil is broader than narrowly defined diesel.,3340684.000000000,0.677815168,0.053243248,532394.000000000,0.108021210,0.056726789,1517829.000000000,0.307963135,-0.213296411,-0.103326374
Canada,2022-06-01,"Products supplied, disposition",m3,Statistics Canada,https://www150.statcan.gc.ca/t1/tbl1/en/tv.action?pid=2510008101,"Statistics Canada table 25-10-0081-01, released 31 Aug. 2026; data through Jun. 2026.",Finished motor gasoline; Kerosene-type jet fuel; Distillate fuel oil.,"m³ × 6.28981077 bbl/m³ ÷ days in month ÷ 1,000,000.",Products supplied is a supply/demand proxy; distillate fuel oil is broader than narrowly defined diesel.,3566337.000000000,0.747719496,0.000861914,716256.000000000,0.150170490,0.091706280,3111280.000000000,0.652312082,0.088646706,0.181214899
Canada,2022-07-01,"Products supplied, disposition",m3,Statistics Canada,https://www150.statcan.gc.ca/t1/tbl1/en/tv.action?pid=2510008101,"Statistics Canada table 25-10-0081-01, released 31 Aug. 2026; data through Jun. 2026.",Finished motor gasoline; Kerosene-type jet fuel; Distillate fuel oil.,"m³ × 6.28981077 bbl/m³ ÷ days in month ÷ 1,000,000.",Products supplied is a supply/demand proxy; distillate fuel oil is broader than narrowly defined diesel.,3748942.000000000,0.760649541,-0.027125316,826238.000000000,0.167641312,0.084966416,2831498.000000000,0.574502794,0.060189228,0.118030328
Canada,2022-08-01,"Products supplied, disposition",m3,Statistics Canada,https://www150.statcan.gc.ca/t1/tbl1/en/tv.action?pid=2510008101,"Statistics Canada table 25-10-0081-01, released 31 Aug. 2026; data through Jun. 2026.",Finished motor gasoline; Kerosene-type jet fuel; Distillate fuel oil.,"m³ × 6.28981077 bbl/m³ ÷ days in month ÷ 1,000,000.",Products supplied is a supply/demand proxy; distillate fuel oil is broader than narrowly defined diesel.,3895514.000000000,0.790388578,0.007243224,797132.000000000,0.161735788,0.049792780,2704539.000000000,0.548743178,-0.018651318,0.038384686
Canada,2022-09-01,"Products supplied, disposition",m3,Statistics Canada,https://www150.statcan.gc.ca/t1/tbl1/en/tv.action?pid=2510008101,"Statistics Canada table 25-10-0081-01, released 31 Aug. 2026; data through Jun. 2026.",Finished motor gasoline; Kerosene-type jet fuel; Distillate fuel oil.,"m³ × 6.28981077 bbl/m³ ÷ days in month ÷ 1,000,000.",Products supplied is a supply/demand proxy; distillate fuel oil is broader than narrowly defined diesel.,3574068.000000000,0.749340380,0.050541145,683534.000000000,0.143309984,0.059547945,3248612.000000000,0.681105158,0.092594401,0.202683491
Canada,2022-10-01,"Products supplied, disposition",m3,Statistics Canada,https://www150.statcan.gc.ca/t1/tbl1/en/tv.action?pid=2510008101,"Statistics Canada table 25-10-0081-01, released 31 Aug. 2026; data through Jun. 2026.",Finished motor gasoline; Kerosene-type jet fuel; Distillate fuel oil.,"m³ × 6.28981077 bbl/m³ ÷ days in month ÷ 1,000,000.",Products supplied is a supply/demand proxy; distillate fuel oil is broader than narrowly defined diesel.,3633429.000000000,0.737212286,0.006805575,681835.000000000,0.138342359,0.040716177,2635180.000000000,0.534670437,-0.034247005,0.013274747
Canada,2022-11-01,"Products supplied, disposition",m3,Statistics Canada,https://www150.statcan.gc.ca/t1/tbl1/en/tv.action?pid=2510008101,"Statistics Canada table 25-10-0081-01, released 31 Aug. 2026; data through Jun. 2026.",Finished motor gasoline; Kerosene-type jet fuel; Distillate fuel oil.,"m³ × 6.28981077 bbl/m³ ÷ days in month ÷ 1,000,000.",Products supplied is a supply/demand proxy; distillate fuel oil is broader than narrowly defined diesel.,3553923.000000000,0.745116772,0.031459118,497726.000000000,0.104353412,0.012016264,2766516.000000000,0.580028738,0.015889320,0.059364702
Canada,2022-12-01,"Products supplied, disposition",m3,Statistics Canada,https://www150.statcan.gc.ca/t1/tbl1/en/tv.action?pid=2510008101,"Statistics Canada table 25-10-0081-01, released 31 Aug. 2026; data through Jun. 2026.",Finished motor gasoline; Kerosene-type jet fuel; Distillate fuel oil.,"m³ × 6.28981077 bbl/m³ ÷ days in month ÷ 1,000,000.",Products supplied is a supply/demand proxy; distillate fuel oil is broader than narrowly defined diesel.,3647025.000000000,0.739970875,0.032845798,734993.000000000,0.149127964,0.028407829,2568096.000000000,0.521059286,0.024438755,0.085692382
Canada,2023-01-01,"Products supplied, disposition",m3,Statistics Canada,https://www150.statcan.gc.ca/t1/tbl1/en/tv.action?pid=2510008101,"Statistics Canada table 25-10-0081-01, released 31 Aug. 2026; data through Jun. 2026.",Finished motor gasoline; Kerosene-type jet fuel; Distillate fuel oil.,"m³ × 6.28981077 bbl/m³ ÷ days in month ÷ 1,000,000.",Products supplied is a supply/demand proxy; distillate fuel oil is broader than narrowly defined diesel.,3060851.000000000,0.621037858,-0.010859663,629820.000000000,0.127788665,0.052604934,2481109.000000000,0.503409875,-0.045669910,-0.003924639
Canada,2023-02-01,"Products supplied, disposition",m3,Statistics Canada,https://www150.statcan.gc.ca/t1/tbl1/en/tv.action?pid=2510008101,"Statistics Canada table 25-10-0081-01, released 31 Aug. 2026; data through Jun. 2026.",Finished motor gasoline; Kerosene-type jet fuel; Distillate fuel oil.,"m³ × 6.28981077 bbl/m³ ÷ days in month ÷ 1,000,000.",Products supplied is a supply/demand proxy; distillate fuel oil is broader than narrowly defined diesel.,3091844.000000000,0.694539775,0.014258102,523754.000000000,0.117654055,0.018515181,2532389.000000000,0.568865986,-0.036801009,-0.004027725
Canada,2023-03-01,"Products supplied, disposition",m3,Statistics Canada,https://www150.statcan.gc.ca/t1/tbl1/en/tv.action?pid=2510008101,"Statistics Canada table 25-10-0081-01, released 31 Aug. 2026; data through Jun. 2026.",Finished motor gasoline; Kerosene-type jet fuel; Distillate fuel oil.,"m³ × 6.28981077 bbl/m³ ÷ days in month ÷ 1,000,000.",Products supplied is a supply/demand proxy; distillate fuel oil is broader than narrowly defined diesel.,3390397.000000000,0.687901792,0.038786625,678376.000000000,0.137640538,0.029546690,2831062.000000000,0.574414331,0.012594230,0.080927546
Canada,2023-04-01,"Products supplied, disposition",m3,Statistics Canada,https://www150.statcan.gc.ca/t1/tbl1/en/tv.action?pid=2510008101,"Statistics Canada table 25-10-0081-01, released 31 Aug. 2026; data through Jun. 2026.",Finished motor gasoline; Kerosene-type jet fuel; Distillate fuel oil.,"m³ × 6.28981077 bbl/m³ ÷ days in month ÷ 1,000,000.",Products supplied is a supply/demand proxy; distillate fuel oil is broader than narrowly defined diesel.,3321504.000000000,0.696387721,0.029028944,638130.000000000,0.133790565,0.020949892,2300875.000000000,0.482402279,-0.025465557,0.024513280
Canada,2023-05-01,"Products supplied, disposition",m3,Statistics Canada,https://www150.statcan.gc.ca/t1/tbl1/en/tv.action?pid=2510008101,"Statistics Canada table 25-10-0081-01, released 31 Aug. 2026; data through Jun. 2026.",Finished motor gasoline; Kerosene-type jet fuel; Distillate fuel oil.,"m³ × 6.28981077 bbl/m³ ÷ days in month ÷ 1,000,000.",Products supplied is a supply/demand proxy; distillate fuel oil is broader than narrowly defined diesel.,3802603.000000000,0.771537203,0.093722036,675884.000000000,0.137134918,0.029113708,2858263.000000000,0.579933336,0.271970200,0.394805944
Canada,2023-06-01,"Products supplied, disposition",m3,Statistics Canada,https://www150.statcan.gc.ca/t1/tbl1/en/tv.action?pid=2510008101,"Statistics Canada table 25-10-0081-01, released 31 Aug. 2026; data through Jun. 2026.",Finished motor gasoline; Kerosene-type jet fuel; Distillate fuel oil.,"m³ × 6.28981077 bbl/m³ ÷ days in month ÷ 1,000,000.",Products supplied is a supply/demand proxy; distillate fuel oil is broader than narrowly defined diesel.,3862029.000000000,0.809714387,0.061994891,765873.000000000,0.160573208,0.010402718,2553878.000000000,0.535446978,-0.116865103,-0.044467495
Canada,2023-07-01,"Products supplied, disposition",m3,Statistics Canada,https://www150.statcan.gc.ca/t1/tbl1/en/tv.action?pid=2510008101,"Statistics Canada table 25-10-0081-01, released 31 Aug. 2026; data through Jun. 2026.",Finished motor gasoline; Kerosene-type jet fuel; Distillate fuel oil.,"m³ × 6.28981077 bbl/m³ ÷ days in month ÷ 1,000,000.",Products supplied is a supply/demand proxy; distillate fuel oil is broader than narrowly defined diesel.,3809870.000000000,0.773011657,0.012362116,809362.000000000,0.164217220,-0.003424092,2745418.000000000,0.557037410,-0.017465384,-0.008527360
Canada,2023-08-01,"Products supplied, disposition",m3,Statistics Canada,https://www150.statcan.gc.ca/t1/tbl1/en/tv.action?pid=2510008101,"Statistics Canada table 25-10-0081-01, released 31 Aug. 2026; data through Jun. 2026.",Finished motor gasoline; Kerosene-type jet fuel; Distillate fuel oil.,"m³ × 6.28981077 bbl/m³ ÷ days in month ÷ 1,000,000.",Products supplied is a supply/demand proxy; distillate fuel oil is broader than narrowly defined diesel.,3874732.000000000,0.786171970,-0.004216608,906124.000000000,0.183849951,0.022114163,2839514.000000000,0.576129217,0.027386039,0.045283594
Canada,2023-09-01,"Products supplied, disposition",m3,Statistics Canada,https://www150.statcan.gc.ca/t1/tbl1/en/tv.action?pid=2510008101,"Statistics Canada table 25-10-0081-01, released 31 Aug. 2026; data through Jun. 2026.",Finished motor gasoline; Kerosene-type jet fuel; Distillate fuel oil.,"m³ × 6.28981077 bbl/m³ ÷ days in month ÷ 1,000,000.",Products supplied is a supply/demand proxy; distillate fuel oil is broader than narrowly defined diesel.,3529657.000000000,0.740029154,-0.009311226,782169.000000000,0.163989833,0.020679850,2859465.000000000,0.599516458,-0.081588700,-0.070220076
Canada,2023-10-01,"Products supplied, disposition",m3,Statistics Canada,https://www150.statcan.gc.ca/t1/tbl1/en/tv.action?pid=2510008101,"Statistics Canada table 25-10-0081-01, released 31 Aug. 2026; data through Jun. 2026.",Finished motor gasoline; Kerosene-type jet fuel; Distillate fuel oil.,"m³ × 6.28981077 bbl/m³ ÷ days in month ÷ 1,000,000.",Products supplied is a supply/demand proxy; distillate fuel oil is broader than narrowly defined diesel.,3589554.000000000,0.728310174,-0.008902111,597833.000000000,0.121298595,-0.017043764,2885772.000000000,0.585514832,0.050844395,0.024898520
Canada,2023-11-01,"Products supplied, disposition",m3,Statistics Canada,https://www150.statcan.gc.ca/t1/tbl1/en/tv.action?pid=2510008101,"Statistics Canada table 25-10-0081-01, released 31 Aug. 2026; data through Jun. 2026.",Finished motor gasoline; Kerosene-type jet fuel; Distillate fuel oil.,"m³ × 6.28981077 bbl/m³ ÷ days in month ÷ 1,000,000.",Products supplied is a supply/demand proxy; distillate fuel oil is broader than narrowly defined diesel.,3598739.000000000,0.754512911,0.009396139,613622.000000000,0.128652209,0.024298797,2911617.000000000,0.610450665,0.030421928,0.064116863
Canada,2023-12-01,"Products supplied, disposition",m3,Statistics Canada,https://www150.statcan.gc.ca/t1/tbl1/en/tv.action?pid=2510008101,"Statistics Canada table 25-10-0081-01, released 31 Aug. 2026; data through Jun. 2026.",Finished motor gasoline; Kerosene-type jet fuel; Distillate fuel oil.,"m³ × 6.28981077 bbl/m³ ÷ days in month ÷ 1,000,000.",Products supplied is a supply/demand proxy; distillate fuel oil is broader than narrowly defined diesel.,3244757.000000000,0.658351856,-0.081619019,739014.000000000,0.149943813,0.000815849,2556342.000000000,0.518674434,-0.002384853,-0.083188023
Canada,2024-01-01,"Products supplied, disposition",m3,Statistics Canada,https://www150.statcan.gc.ca/t1/tbl1/en/tv.action?pid=2510008101,"Statistics Canada table 25-10-0081-01, released 31 Aug. 2026; data through Jun. 2026.",Finished motor gasoline; Kerosene-type jet fuel; Distillate fuel oil.,"m³ × 6.28981077 bbl/m³ ÷ days in month ÷ 1,000,000.",Products supplied is a supply/demand proxy; distillate fuel oil is broader than narrowly defined diesel.,3412982.000000000,0.692484224,0.071446366,715901.000000000,0.145254252,0.017465587,2538706.000000000,0.515096140,0.011686266,0.100598219
Canada,2024-02-01,"Products supplied, disposition",m3,Statistics Canada,https://www150.statcan.gc.ca/t1/tbl1/en/tv.action?pid=2510008101,"Statistics Canada table 25-10-0081-01, released 31 Aug. 2026; data through Jun. 2026.",Finished motor gasoline; Kerosene-type jet fuel; Distillate fuel oil.,"m³ × 6.28981077 bbl/m³ ÷ days in month ÷ 1,000,000.",Products supplied is a supply/demand proxy; distillate fuel oil is broader than narrowly defined diesel.,2955874.000000000,0.641099590,-0.053440184,638246.000000000,0.138429192,0.020775137,2517491.000000000,0.546018690,-0.022847296,-0.055512344
Canada,2024-03-01,"Products supplied, disposition",m3,Statistics Canada,https://www150.statcan.gc.ca/t1/tbl1/en/tv.action?pid=2510008101,"Statistics Canada table 25-10-0081-01, released 31 Aug. 2026; data through Jun. 2026.",Finished motor gasoline; Kerosene-type jet fuel; Distillate fuel oil.,"m³ × 6.28981077 bbl/m³ ÷ days in month ÷ 1,000,000.",Products supplied is a supply/demand proxy; distillate fuel oil is broader than narrowly defined diesel.,3342159.000000000,0.678114441,-0.009787351,623931.000000000,0.126593804,-0.011046734,2726779.000000000,0.553255610,-0.021158721,-0.041992806
Canada,2024-04-01,"Products supplied, disposition",m3,Statistics Canada,https://www150.statcan.gc.ca/t1/tbl1/en/tv.action?pid=2510008101,"Statistics Canada table 25-10-0081-01, released 31 Aug. 2026; data through Jun. 2026.",Finished motor gasoline; Kerosene-type jet fuel; Distillate fuel oil.,"m³ × 6.28981077 bbl/m³ ÷ days in month ÷ 1,000,000.",Products supplied is a supply/demand proxy; distillate fuel oil is broader than narrowly defined diesel.,3414079.000000000,0.715797029,0.019409308,721389.000000000,0.151246677,0.017456112,2439299.000000000,0.511424304,0.029022026,0.065887445
Canada,2024-05-01,"Products supplied, disposition",m3,Statistics Canada,https://www150.statcan.gc.ca/t1/tbl1/en/tv.action?pid=2510008101,"Statistics Canada table 25-10-0081-01, released 31 Aug. 2026; data through Jun. 2026.",Finished motor gasoline; Kerosene-type jet fuel; Distillate fuel oil.,"m³ × 6.28981077 bbl/m³ ÷ days in month ÷ 1,000,000.",Products supplied is a supply/demand proxy; distillate fuel oil is broader than narrowly defined diesel.,3604745.000000000,0.731392385,-0.040144819,720109.000000000,0.146108043,0.008973125,2629241.000000000,0.533465431,-0.046467905,-0.077639598
Canada,2024-06-01,"Products supplied, disposition",m3,Statistics Canada,https://www150.statcan.gc.ca/t1/tbl1/en/tv.action?pid=2510008101,"Statistics Canada table 25-10-0081-01, released 31 Aug. 2026; data through Jun. 2026.",Finished motor gasoline; Kerosene-type jet fuel; Distillate fuel oil.,"m³ × 6.28981077 bbl/m³ ÷ days in month ÷ 1,000,000.",Products supplied is a supply/demand proxy; distillate fuel oil is broader than narrowly defined diesel.,3566534.000000000,0.747760799,-0.061953588,947488.000000000,0.198650674,0.038077466,2700120.000000000,0.566108129,0.030661150,0.006785029
Canada,2024-07-01,"Products supplied, disposition",m3,Statistics Canada,https://www150.statcan.gc.ca/t1/tbl1/en/tv.action?pid=2510008101,"Statistics Canada table 25-10-0081-01, released 31 Aug. 2026; data through Jun. 2026.",Finished motor gasoline; Kerosene-type jet fuel; Distillate fuel oil.,"m³ × 6.28981077 bbl/m³ ÷ days in month ÷ 1,000,000.",Products supplied is a supply/demand proxy; distillate fuel oil is broader than narrowly defined diesel.,3833296.000000000,0.777764725,0.004753068,716035.000000000,0.145281440,-0.018935780,2936116.000000000,0.595729485,0.038692075,0.024509364
Canada,2024-08-01,"Products supplied, disposition",m3,Statistics Canada,https://www150.statcan.gc.ca/t1/tbl1/en/tv.action?pid=2510008101,"Statistics Canada table 25-10-0081-01, released 31 Aug. 2026; data through Jun. 2026.",Finished motor gasoline; Kerosene-type jet fuel; Distillate fuel oil.,"m³ × 6.28981077 bbl/m³ ÷ days in month ÷ 1,000,000.",Products supplied is a supply/demand proxy; distillate fuel oil is broader than narrowly defined diesel.,3811592.000000000,0.773361046,-0.012810924,929960.000000000,0.188686207,0.004836256,2957403.000000000,0.600048556,0.023919339,0.015944670
Canada,2024-09-01,"Products supplied, disposition",m3,Statistics Canada,https://www150.statcan.gc.ca/t1/tbl1/en/tv.action?pid=2510008101,"Statistics Canada table 25-10-0081-01, released 31 Aug. 2026; data through Jun. 2026.",Finished motor gasoline; Kerosene-type jet fuel; Distillate fuel oil.,"m³ × 6.28981077 bbl/m³ ÷ days in month ÷ 1,000,000.",Products supplied is a supply/demand proxy; distillate fuel oil is broader than narrowly defined diesel.,3521097.000000000,0.738234461,-0.001794693,726072.000000000,0.152228516,-0.011761317,2836420.000000000,0.594684835,-0.004831623,-0.018387633
Canada,2024-10-01,"Products supplied, disposition",m3,Statistics Canada,https://www150.statcan.gc.ca/t1/tbl1/en/tv.action?pid=2510008101,"Statistics Canada table 25-10-0081-01, released 31 Aug. 2026; data through Jun. 2026.",Finished motor gasoline; Kerosene-type jet fuel; Distillate fuel oil.,"m³ × 6.28981077 bbl/m³ ÷ days in month ÷ 1,000,000.",Products supplied is a supply/demand proxy; distillate fuel oil is broader than narrowly defined diesel.,3567070.000000000,0.723748236,-0.004561939,622376.000000000,0.126278299,0.004979704,3035230.000000000,0.615839430,0.030324598,0.030742363
Canada,2024-11-01,"Products supplied, disposition",m3,Statistics Canada,https://www150.statcan.gc.ca/t1/tbl1/en/tv.action?pid=2510008101,"Statistics Canada table 25-10-0081-01, released 31 Aug. 2026; data through Jun. 2026.",Finished motor gasoline; Kerosene-type jet fuel; Distillate fuel oil.,"m³ × 6.28981077 bbl/m³ ÷ days in month ÷ 1,000,000.",Products supplied is a supply/demand proxy; distillate fuel oil is broader than narrowly defined diesel.,3487676.000000000,0.731227402,-0.023285508,671710.000000000,0.140830960,0.012178751,2578387.000000000,0.540585544,-0.069865121,-0.080971879
Canada,2024-12-01,"Products supplied, disposition",m3,Statistics Canada,https://www150.statcan.gc.ca/t1/tbl1/en/tv.action?pid=2510008101,"Statistics Canada table 25-10-0081-01, released 31 Aug. 2026; data through Jun. 2026.",Finished motor gasoline; Kerosene-type jet fuel; Distillate fuel oil.,"m³ × 6.28981077 bbl/m³ ÷ days in month ÷ 1,000,000.",Products supplied is a supply/demand proxy; distillate fuel oil is broader than narrowly defined diesel.,3519482.000000000,0.714092767,0.055740912,686806.000000000,0.139350961,-0.010592853,2649045.000000000,0.537483606,0.018809172,0.063957231
Canada,2025-01-01,"Products supplied, disposition",m3,Statistics Canada,https://www150.statcan.gc.ca/t1/tbl1/en/tv.action?pid=2510008101,"Statistics Canada table 25-10-0081-01, released 31 Aug. 2026; data through Jun. 2026.",Finished motor gasoline; Kerosene-type jet fuel; Distillate fuel oil.,"m³ × 6.28981077 bbl/m³ ÷ days in month ÷ 1,000,000.",Products supplied is a supply/demand proxy; distillate fuel oil is broader than narrowly defined diesel.,3476470.000000000,0.705365756,0.012881532,777314.000000000,0.157714773,0.012460521,2771317.000000000,0.562292242,0.047196102,0.072538156
Canada,2025-02-01,"Products supplied, disposition",m3,Statistics Canada,https://www150.statcan.gc.ca/t1/tbl1/en/tv.action?pid=2510008101,"Statistics Canada table 25-10-0081-01, released 31 Aug. 2026; data through Jun. 2026.",Finished motor gasoline; Kerosene-type jet fuel; Distillate fuel oil.,"m³ × 6.28981077 bbl/m³ ÷ days in month ÷ 1,000,000.",Products supplied is a supply/demand proxy; distillate fuel oil is broader than narrowly defined diesel.,3042055.000000000,0.683355368,0.042255778,580005.000000000,0.130290061,-0.008139131,2565626.000000000,0.576332216,0.030313526,0.064430172
Canada,2025-03-01,"Products supplied, disposition",m3,Statistics Canada,https://www150.statcan.gc.ca/t1/tbl1/en/tv.action?pid=2510008101,"Statistics Canada table 25-10-0081-01, released 31 Aug. 2026; data through Jun. 2026.",Finished motor gasoline; Kerosene-type jet fuel; Distillate fuel oil.,"m³ × 6.28981077 bbl/m³ ÷ days in month ÷ 1,000,000.",Products supplied is a supply/demand proxy; distillate fuel oil is broader than narrowly defined diesel.,3409035.000000000,0.691683389,0.013568948,858433.000000000,0.174173585,0.047579781,2652063.000000000,0.538095949,-0.015159661,0.045989067
Canada,2025-04-01,"Products supplied, disposition",m3,Statistics Canada,https://www150.statcan.gc.ca/t1/tbl1/en/tv.action?pid=2510008101,"Statistics Canada table 25-10-0081-01, released 31 Aug. 2026; data through Jun. 2026.",Finished motor gasoline; Kerosene-type jet fuel; Distillate fuel oil.,"m³ × 6.28981077 bbl/m³ ÷ days in month ÷ 1,000,000.",Products supplied is a supply/demand proxy; distillate fuel oil is broader than narrowly defined diesel.,3408946.000000000,0.714720842,-0.001076187,617981.000000000,0.129566118,-0.021680558,2493119.000000000,0.522708225,0.011283921,-0.011472825
Canada,2025-05-01,"Products supplied, disposition",m3,Statistics Canada,https://www150.statcan.gc.ca/t1/tbl1/en/tv.action?pid=2510008101,"Statistics Canada table 25-10-0081-01, released 31 Aug. 2026; data through Jun. 2026.",Finished motor gasoline; Kerosene-type jet fuel; Distillate fuel oil.,"m³ × 6.28981077 bbl/m³ ÷ days in month ÷ 1,000,000.",Products supplied is a supply/demand proxy; distillate fuel oil is broader than narrowly defined diesel.,3642949.000000000,0.739143866,0.007751482,755175.000000000,0.153222834,0.007114790,2568357.000000000,0.521112243,-0.012353188,0.002513084
Canada,2025-06-01,"Products supplied, disposition",m3,Statistics Canada,https://www150.statcan.gc.ca/t1/tbl1/en/tv.action?pid=2510008101,"Statistics Canada table 25-10-0081-01, released 31 Aug. 2026; data through Jun. 2026.",Finished motor gasoline; Kerosene-type jet fuel; Distillate fuel oil.,"m³ × 6.28981077 bbl/m³ ÷ days in month ÷ 1,000,000.",Products supplied is a supply/demand proxy; distillate fuel oil is broader than narrowly defined diesel.,3852334.000000000,0.807681729,0.059920931,868297.000000000,0.182047461,-0.016603213,2632388.000000000,0.551907413,-0.014200715,0.029117002
Canada,2025-07-01,"Products supplied, disposition",m3,Statistics Canada,https://www150.statcan.gc.ca/t1/tbl1/en/tv.action?pid=2510008101,"Statistics Canada table 25-10-0081-01, released 31 Aug. 2026; data through Jun. 2026.",Finished motor gasoline; Kerosene-type jet fuel; Distillate fuel oil.,"m³ × 6.28981077 bbl/m³ ÷ days in month ÷ 1,000,000.",Products supplied is a supply/demand proxy; distillate fuel oil is broader than narrowly defined diesel.,3942491.000000000,0.799920076,0.022155351,995166.000000000,0.201916317,0.056634876,2995956.000000000,0.607870849,0.012141364,0.090931591
Canada,2025-08-01,"Products supplied, disposition",m3,Statistics Canada,https://www150.statcan.gc.ca/t1/tbl1/en/tv.action?pid=2510008101,"Statistics Canada table 25-10-0081-01, released 31 Aug. 2026; data through Jun. 2026.",Finished motor gasoline; Kerosene-type jet fuel; Distillate fuel oil.,"m³ × 6.28981077 bbl/m³ ÷ days in month ÷ 1,000,000.",Products supplied is a supply/demand proxy; distillate fuel oil is broader than narrowly defined diesel.,3887291.000000000,0.788720155,0.015359109,917674.000000000,0.186193413,-0.002492794,2941353.000000000,0.596792057,-0.003256499,0.009609816
Canada,2025-09-01,"Products supplied, disposition",m3,Statistics Canada,https://www150.statcan.gc.ca/t1/tbl1/en/tv.action?pid=2510008101,"Statistics Canada table 25-10-0081-01, released 31 Aug. 2026; data through Jun. 2026.",Finished motor gasoline; Kerosene-type jet fuel; Distillate fuel oil.,"m³ × 6.28981077 bbl/m³ ÷ days in month ÷ 1,000,000.",Products supplied is a supply/demand proxy; distillate fuel oil is broader than narrowly defined diesel.,3604772.000000000,0.755777792,0.017543331,778128.000000000,0.163142596,0.010914080,3174286.000000000,0.665521942,0.070837107,0.099294517
Canada,2025-10-01,"Products supplied, disposition",m3,Statistics Canada,https://www150.statcan.gc.ca/t1/tbl1/en/tv.action?pid=2510008101,"Statistics Canada table 25-10-0081-01, released 31 Aug. 2026; data through Jun. 2026.",Finished motor gasoline; Kerosene-type jet fuel; Distillate fuel oil.,"m³ × 6.28981077 bbl/m³ ÷ days in month ÷ 1,000,000.",Products supplied is a supply/demand proxy; distillate fuel oil is broader than narrowly defined diesel.,3559191.000000000,0.722149609,-0.001598626,750230.000000000,0.152219508,0.025941209,2969243.000000000,0.602450858,-0.013388572,0.010954010
Canada,2025-11-01,"Products supplied, disposition",m3,Statistics Canada,https://www150.statcan.gc.ca/t1/tbl1/en/tv.action?pid=2510008101,"Statistics Canada table 25-10-0081-01, released 31 Aug. 2026; data through Jun. 2026.",Finished motor gasoline; Kerosene-type jet fuel; Distillate fuel oil.,"m³ × 6.28981077 bbl/m³ ÷ days in month ÷ 1,000,000.",Products supplied is a supply/demand proxy; distillate fuel oil is broader than narrowly defined diesel.,3682937.000000000,0.772165894,0.040938491,776703.000000000,0.162843830,0.022012870,2728564.000000000,0.572071708,0.031486164,0.094437525
Canada,2025-12-01,"Products supplied, disposition",m3,Statistics Canada,https://www150.statcan.gc.ca/t1/tbl1/en/tv.action?pid=2510008101,"Statistics Canada table 25-10-0081-01, released 31 Aug. 2026; data through Jun. 2026.",Finished motor gasoline; Kerosene-type jet fuel; Distillate fuel oil.,"m³ × 6.28981077 bbl/m³ ÷ days in month ÷ 1,000,000.",Products supplied is a supply/demand proxy; distillate fuel oil is broader than narrowly defined diesel.,3677575.000000000,0.746169382,0.032076615,701919.000000000,0.142417345,0.003066384,2765553.000000000,0.561122743,0.023639138,0.058782137
Canada,2026-01-01,"Products supplied, disposition",m3,Statistics Canada,https://www150.statcan.gc.ca/t1/tbl1/en/tv.action?pid=2510008101,"Statistics Canada table 25-10-0081-01, released 31 Aug. 2026; data through Jun. 2026.",Finished motor gasoline; Kerosene-type jet fuel; Distillate fuel oil.,"m³ × 6.28981077 bbl/m³ ÷ days in month ÷ 1,000,000.",Products supplied is a supply/demand proxy; distillate fuel oil is broader than narrowly defined diesel.,3284035.000000000,0.666321249,-0.039044508,701277.000000000,0.142287085,-0.015427688,2742423.000000000,0.556429733,-0.005862509,-0.060334705
Canada,2026-02-01,"Products supplied, disposition",m3,Statistics Canada,https://www150.statcan.gc.ca/t1/tbl1/en/tv.action?pid=2510008101,"Statistics Canada table 25-10-0081-01, released 31 Aug. 2026; data through Jun. 2026.",Finished motor gasoline; Kerosene-type jet fuel; Distillate fuel oil.,"m³ × 6.28981077 bbl/m³ ÷ days in month ÷ 1,000,000.",Products supplied is a supply/demand proxy; distillate fuel oil is broader than narrowly defined diesel.,3268200.000000000,0.734155699,0.050800331,678531.000000000,0.152422557,0.022132496,2521966.000000000,0.566524604,-0.009807612,0.063125215
Canada,2026-03-01,"Products supplied, disposition",m3,Statistics Canada,https://www150.statcan.gc.ca/t1/tbl1/en/tv.action?pid=2510008101,"Statistics Canada table 25-10-0081-01, released 31 Aug. 2026; data through Jun. 2026.",Finished motor gasoline; Kerosene-type jet fuel; Distillate fuel oil.,"m³ × 6.28981077 bbl/m³ ÷ days in month ÷ 1,000,000.",Products supplied is a supply/demand proxy; distillate fuel oil is broader than narrowly defined diesel.,3492411.000000000,0.708600139,0.016916750,715323.000000000,0.145136978,-0.029036607,2660965.000000000,0.539902139,0.001806190,-0.010313666
Canada,2026-04-01,"Products supplied, disposition",m3,Statistics Canada,https://www150.statcan.gc.ca/t1/tbl1/en/tv.action?pid=2510008101,"Statistics Canada table 25-10-0081-01, released 31 Aug. 2026; data through Jun. 2026.",Finished motor gasoline; Kerosene-type jet fuel; Distillate fuel oil.,"m³ × 6.28981077 bbl/m³ ÷ days in month ÷ 1,000,000.",Products supplied is a supply/demand proxy; distillate fuel oil is broader than narrowly defined diesel.,3143558.000000000,0.659079499,-0.055641343,688161.000000000,0.144280082,0.014713964,2521444.000000000,0.528646854,0.005938630,-0.034988750
Canada,2026-05-01,"Products supplied, disposition",m3,Statistics Canada,https://www150.statcan.gc.ca/t1/tbl1/en/tv.action?pid=2510008101,"Statistics Canada table 25-10-0081-01, released 31 Aug. 2026; data through Jun. 2026.",Finished motor gasoline; Kerosene-type jet fuel; Distillate fuel oil.,"m³ × 6.28981077 bbl/m³ ÷ days in month ÷ 1,000,000.",Products supplied is a supply/demand proxy; distillate fuel oil is broader than narrowly defined diesel.,3708668.000000000,0.752478062,0.013334196,742937.000000000,0.150739779,-0.002483055,2966361.000000000,0.601866109,0.080753866,0.091605007
Canada,2026-06-01,"Products supplied, disposition",m3,Statistics Canada,https://www150.statcan.gc.ca/t1/tbl1/en/tv.action?pid=2510008101,"Statistics Canada table 25-10-0081-01, released 31 Aug. 2026; data through Jun. 2026.",Finished motor gasoline; Kerosene-type jet fuel; Distillate fuel oil.,"m³ × 6.28981077 bbl/m³ ÷ days in month ÷ 1,000,000.",Products supplied is a supply/demand proxy; distillate fuel oil is broader than narrowly defined diesel.,3657770.000000000,0.766889371,-0.040792358,754557.000000000,0.158200692,-0.023846769,2709005.000000000,0.567970961,0.016063548,-0.048575580
India,2021-07-01,Domestic petroleum-product consumption / market demand,TMT,"Petroleum Planning & Analysis Cell (PPAC), Government of India",https://ppac.gov.in/consumption/products-wise,PPAC public service accessed 2 Sep. 2026; data through Jul. 2026.,Motor Spirit; Aviation Turbine Fuel; High-Speed Diesel.,"TMT × 1,000 × product-specific bbl/t ÷ days in month ÷ 1,000,000.",PPAC data are provisional market-demand estimates; Motor Spirit includes ethanol blending.,2630.000000000,0.721129032,0.101177419,315.000000000,0.078953226,0.020552903,6134.000000000,1.430607097,0.146465806,0.268196129
India,2021-08-01,Domestic petroleum-product consumption / market demand,TMT,"Petroleum Planning & Analysis Cell (PPAC), Government of India",https://ppac.gov.in/consumption/products-wise,PPAC public service accessed 2 Sep. 2026; data through Jul. 2026.,Motor Spirit; Aviation Turbine Fuel; High-Speed Diesel.,"TMT × 1,000 × product-specific bbl/t ÷ days in month ÷ 1,000,000.",PPAC data are provisional market-demand estimates; Motor Spirit includes ethanol blending.,2692.000000000,0.738129032,0.085000000,379.000000000,0.094994516,0.030829355,5603.000000000,1.306764194,0.177251613,0.293080968
India,2021-09-01,Domestic petroleum-product consumption / market demand,TMT,"Petroleum Planning & Analysis Cell (PPAC), Government of India",https://ppac.gov.in/consumption/products-wise,PPAC public service accessed 2 Sep. 2026; data through Jul. 2026.,Motor Spirit; Aviation Turbine Fuel; High-Speed Diesel.,"TMT × 1,000 × product-specific bbl/t ÷ days in month ÷ 1,000,000.",PPAC data are provisional market-demand estimates; Motor Spirit includes ethanol blending.,2598.000000000,0.736100000,0.041650000,409.000000000,0.105931000,0.024864000,5513.000000000,1.328633000,0.006266000,0.072780000
India,2021-10-01,Domestic petroleum-product consumption / market demand,TMT,"Petroleum Planning & Analysis Cell (PPAC), Government of India",https://ppac.gov.in/consumption/products-wise,PPAC public service accessed 2 Sep. 2026; data through Jul. 2026.,Motor Spirit; Aviation Turbine Fuel; High-Speed Diesel.,"TMT × 1,000 × product-specific bbl/t ÷ days in month ÷ 1,000,000.",PPAC data are provisional market-demand estimates; Motor Spirit includes ethanol blending.,2750.000000000,0.754032258,0.026048387,479.000000000,0.120059032,0.029826774,6616.000000000,1.543021935,-0.089791935,-0.033916774
India,2021-11-01,Domestic petroleum-product consumption / market demand,TMT,"Petroleum Planning & Analysis Cell (PPAC), Government of India",https://ppac.gov.in/consumption/products-wise,PPAC public service accessed 2 Sep. 2026; data through Jul. 2026.,Motor Spirit; Aviation Turbine Fuel; High-Speed Diesel.,"TMT × 1,000 × product-specific bbl/t ÷ days in month ÷ 1,000,000.",PPAC data are provisional market-demand estimates; Motor Spirit includes ethanol blending.,2645.000000000,0.749416667,-0.005666667,504.000000000,0.130536000,0.033152000,6506.000000000,1.567946000,-0.128453000,-0.100967667
India,2021-12-01,Domestic petroleum-product consumption / market demand,TMT,"Petroleum Planning & Analysis Cell (PPAC), Government of India",https://ppac.gov.in/consumption/products-wise,PPAC public service accessed 2 Sep. 2026; data through Jul. 2026.,Motor Spirit; Aviation Turbine Fuel; High-Speed Diesel.,"TMT × 1,000 × product-specific bbl/t ÷ days in month ÷ 1,000,000.",PPAC data are provisional market-demand estimates; Motor Spirit includes ethanol blending.,2816.000000000,0.772129032,0.030161290,552.000000000,0.138356129,0.031330645,7302.000000000,1.703014839,0.025654839,0.087146774
India,2022-01-01,Domestic petroleum-product consumption / market demand,TMT,"Petroleum Planning & Analysis Cell (PPAC), Government of India",https://ppac.gov.in/consumption/products-wise,PPAC public service accessed 2 Sep. 2026; data through Jul. 2026.,Motor Spirit; Aviation Turbine Fuel; High-Speed Diesel.,"TMT × 1,000 × product-specific bbl/t ÷ days in month ÷ 1,000,000.",PPAC data are provisional market-demand estimates; Motor Spirit includes ethanol blending.,2473.000000000,0.678080645,-0.037838710,456.000000000,0.114294194,0.003759677,6366.000000000,1.484715484,-0.102619355,-0.136698387
India,2022-02-01,Domestic petroleum-product consumption / market demand,TMT,"Petroleum Planning & Analysis Cell (PPAC), Government of India",https://ppac.gov.in/consumption/products-wise,PPAC public service accessed 2 Sep. 2026; data through Jul. 2026.,Motor Spirit; Aviation Turbine Fuel; High-Speed Diesel.,"TMT × 1,000 × product-specific bbl/t ÷ days in month ÷ 1,000,000.",PPAC data are provisional market-demand estimates; Motor Spirit includes ethanol blending.,2550.000000000,0.774107143,0.023678571,435.000000000,0.120712500,0.000832500,6511.000000000,1.681233214,-0.014976429,0.009534643
India,2022-03-01,Domestic petroleum-product consumption / market demand,TMT,"Petroleum Planning & Analysis Cell (PPAC), Government of India",https://ppac.gov.in/consumption/products-wise,PPAC public service accessed 2 Sep. 2026; data through Jul. 2026.,Motor Spirit; Aviation Turbine Fuel; High-Speed Diesel.,"TMT × 1,000 × product-specific bbl/t ÷ days in month ÷ 1,000,000.",PPAC data are provisional market-demand estimates; Motor Spirit includes ethanol blending.,2908.000000000,0.797354839,0.046064516,543.000000000,0.136100323,0.017294516,7704.000000000,1.796771613,0.111715161,0.175074194
India,2022-04-01,Domestic petroleum-product consumption / market demand,TMT,"Petroleum Planning & Analysis Cell (PPAC), Government of India",https://ppac.gov.in/consumption/products-wise,PPAC public service accessed 2 Sep. 2026; data through Jul. 2026.,Motor Spirit; Aviation Turbine Fuel; High-Speed Diesel.,"TMT × 1,000 × product-specific bbl/t ÷ days in month ÷ 1,000,000.",PPAC data are provisional market-demand estimates; Motor Spirit includes ethanol blending.,2797.000000000,0.792483333,0.116450000,553.000000000,0.143227000,0.036519000,7199.000000000,1.734959000,0.126043000,0.279012000
India,2022-05-01,Domestic petroleum-product consumption / market demand,TMT,"Petroleum Planning & Analysis Cell (PPAC), Government of India",https://ppac.gov.in/consumption/products-wise,PPAC public service accessed 2 Sep. 2026; data through Jul. 2026.,Motor Spirit; Aviation Turbine Fuel; High-Speed Diesel.,"TMT × 1,000 × product-specific bbl/t ÷ days in month ÷ 1,000,000.",PPAC data are provisional market-demand estimates; Motor Spirit includes ethanol blending.,3017.000000000,0.827241935,0.281322581,596.000000000,0.149384516,0.082211613,7287.000000000,1.699516452,0.409311290,0.772845484
India,2022-06-01,Domestic petroleum-product consumption / market demand,TMT,"Petroleum Planning & Analysis Cell (PPAC), Government of India",https://ppac.gov.in/consumption/products-wise,PPAC public service accessed 2 Sep. 2026; data through Jul. 2026.,Motor Spirit; Aviation Turbine Fuel; High-Speed Diesel.,"TMT × 1,000 × product-specific bbl/t ÷ days in month ÷ 1,000,000.",PPAC data are provisional market-demand estimates; Motor Spirit includes ethanol blending.,2968.000000000,0.840933333,0.158383333,588.000000000,0.152292000,0.085729000,7674.000000000,1.849434000,0.356439000,0.600551333
India,2022-07-01,Domestic petroleum-product consumption / market demand,TMT,"Petroleum Planning & Analysis Cell (PPAC), Government of India",https://ppac.gov.in/consumption/products-wise,PPAC public service accessed 2 Sep. 2026; data through Jul. 2026.,Motor Spirit; Aviation Turbine Fuel; High-Speed Diesel.,"TMT × 1,000 × product-specific bbl/t ÷ days in month ÷ 1,000,000.",PPAC data are provisional market-demand estimates; Motor Spirit includes ethanol blending.,2808.000000000,0.769935484,0.048806452,579.000000000,0.145123548,0.066170323,6633.000000000,1.546986774,0.116379677,0.231356452
India,2022-08-01,Domestic petroleum-product consumption / market demand,TMT,"Petroleum Planning & Analysis Cell (PPAC), Government of India",https://ppac.gov.in/consumption/products-wise,PPAC public service accessed 2 Sep. 2026; data through Jul. 2026.,Motor Spirit; Aviation Turbine Fuel; High-Speed Diesel.,"TMT × 1,000 × product-specific bbl/t ÷ days in month ÷ 1,000,000.",PPAC data are provisional market-demand estimates; Motor Spirit includes ethanol blending.,3006.000000000,0.824225806,0.086096774,596.000000000,0.149384516,0.054390000,6343.000000000,1.479351290,0.172587097,0.313073871
India,2022-09-01,Domestic petroleum-product consumption / market demand,TMT,"Petroleum Planning & Analysis Cell (PPAC), Government of India",https://ppac.gov.in/consumption/products-wise,PPAC public service accessed 2 Sep. 2026; data through Jul. 2026.,Motor Spirit; Aviation Turbine Fuel; High-Speed Diesel.,"TMT × 1,000 × product-specific bbl/t ÷ days in month ÷ 1,000,000.",PPAC data are provisional market-demand estimates; Motor Spirit includes ethanol blending.,2827.000000000,0.800983333,0.064883333,592.000000000,0.153328000,0.047397000,6253.000000000,1.506973000,0.178340000,0.290620333
India,2022-10-01,Domestic petroleum-product consumption / market demand,TMT,"Petroleum Planning & Analysis Cell (PPAC), Government of India",https://ppac.gov.in/consumption/products-wise,PPAC public service accessed 2 Sep. 2026; data through Jul. 2026.,Motor Spirit; Aviation Turbine Fuel; High-Speed Diesel.,"TMT × 1,000 × product-specific bbl/t ÷ days in month ÷ 1,000,000.",PPAC data are provisional market-demand estimates; Motor Spirit includes ethanol blending.,2996.000000000,0.821483871,0.067451613,616.000000000,0.154397419,0.034338387,6986.000000000,1.629315484,0.086293548,0.188083548
India,2022-11-01,Domestic petroleum-product consumption / market demand,TMT,"Petroleum Planning & Analysis Cell (PPAC), Government of India",https://ppac.gov.in/consumption/products-wise,PPAC public service accessed 2 Sep. 2026; data through Jul. 2026.,Motor Spirit; Aviation Turbine Fuel; High-Speed Diesel.,"TMT × 1,000 × product-specific bbl/t ÷ days in month ÷ 1,000,000.",PPAC data are provisional market-demand estimates; Motor Spirit includes ethanol blending.,2861.000000000,0.810616667,0.061200000,618.000000000,0.160062000,0.029526000,7763.000000000,1.870883000,0.302937000,0.393663000
India,2022-12-01,Domestic petroleum-product consumption / market demand,TMT,"Petroleum Planning & Analysis Cell (PPAC), Government of India",https://ppac.gov.in/consumption/products-wise,PPAC public service accessed 2 Sep. 2026; data through Jul. 2026.,Motor Spirit; Aviation Turbine Fuel; High-Speed Diesel.,"TMT × 1,000 × product-specific bbl/t ÷ days in month ÷ 1,000,000.",PPAC data are provisional market-demand estimates; Motor Spirit includes ethanol blending.,2984.000000000,0.818193548,0.046064516,659.000000000,0.165175161,0.026819032,7787.000000000,1.816129355,0.113114516,0.185998065
India,2023-01-01,Domestic petroleum-product consumption / market demand,TMT,"Petroleum Planning & Analysis Cell (PPAC), Government of India",https://ppac.gov.in/consumption/products-wise,PPAC public service accessed 2 Sep. 2026; data through Jul. 2026.,Motor Spirit; Aviation Turbine Fuel; High-Speed Diesel.,"TMT × 1,000 × product-specific bbl/t ÷ days in month ÷ 1,000,000.",PPAC data are provisional market-demand estimates; Motor Spirit includes ethanol blending.,2827.000000000,0.775145161,0.097064516,668.000000000,0.167430968,0.053136774,7178.000000000,1.674094839,0.189379355,0.339580645
India,2023-02-01,Domestic petroleum-product consumption / market demand,TMT,"Petroleum Planning & Analysis Cell (PPAC), Government of India",https://ppac.gov.in/consumption/products-wise,PPAC public service accessed 2 Sep. 2026; data through Jul. 2026.,Motor Spirit; Aviation Turbine Fuel; High-Speed Diesel.,"TMT × 1,000 × product-specific bbl/t ÷ days in month ÷ 1,000,000.",PPAC data are provisional market-demand estimates; Motor Spirit includes ethanol blending.,2776.000000000,0.842714286,0.068607143,626.000000000,0.173715000,0.053002500,7003.000000000,1.808274643,0.127041429,0.248651071
India,2023-03-01,Domestic petroleum-product consumption / market demand,TMT,"Petroleum Planning & Analysis Cell (PPAC), Government of India",https://ppac.gov.in/consumption/products-wise,PPAC public service accessed 2 Sep. 2026; data through Jul. 2026.,Motor Spirit; Aviation Turbine Fuel; High-Speed Diesel.,"TMT × 1,000 × product-specific bbl/t ÷ days in month ÷ 1,000,000.",PPAC data are provisional market-demand estimates; Motor Spirit includes ethanol blending.,3108.000000000,0.852193548,0.054838710,688.000000000,0.172443871,0.036343548,7794.000000000,1.817761935,0.020990323,0.112172581
India,2023-04-01,Domestic petroleum-product consumption / market demand,TMT,"Petroleum Planning & Analysis Cell (PPAC), Government of India",https://ppac.gov.in/consumption/products-wise,PPAC public service accessed 2 Sep. 2026; data through Jul. 2026.,Motor Spirit; Aviation Turbine Fuel; High-Speed Diesel.,"TMT × 1,000 × product-specific bbl/t ÷ days in month ÷ 1,000,000.",PPAC data are provisional market-demand estimates; Motor Spirit includes ethanol blending.,2877.000000000,0.815150000,0.022666667,656.000000000,0.169904000,0.026677000,7818.000000000,1.884138000,0.149179000,0.198522667
India,2023-05-01,Domestic petroleum-product consumption / market demand,TMT,"Petroleum Planning & Analysis Cell (PPAC), Government of India",https://ppac.gov.in/consumption/products-wise,PPAC public service accessed 2 Sep. 2026; data through Jul. 2026.,Motor Spirit; Aviation Turbine Fuel; High-Speed Diesel.,"TMT × 1,000 × product-specific bbl/t ÷ days in month ÷ 1,000,000.",PPAC data are provisional market-demand estimates; Motor Spirit includes ethanol blending.,3350.000000000,0.918548387,0.091306452,671.000000000,0.168182903,0.018798387,8217.000000000,1.916416452,0.216900000,0.327004839
India,2023-06-01,Domestic petroleum-product consumption / market demand,TMT,"Petroleum Planning & Analysis Cell (PPAC), Government of India",https://ppac.gov.in/consumption/products-wise,PPAC public service accessed 2 Sep. 2026; data through Jul. 2026.,Motor Spirit; Aviation Turbine Fuel; High-Speed Diesel.,"TMT × 1,000 × product-specific bbl/t ÷ days in month ÷ 1,000,000.",PPAC data are provisional market-demand estimates; Motor Spirit includes ethanol blending.,3152.000000000,0.893066667,0.052133333,642.000000000,0.166278000,0.013986000,7906.000000000,1.905346000,0.055912000,0.122031333
India,2023-07-01,Domestic petroleum-product consumption / market demand,TMT,"Petroleum Planning & Analysis Cell (PPAC), Government of India",https://ppac.gov.in/consumption/products-wise,PPAC public service accessed 2 Sep. 2026; data through Jul. 2026.,Motor Spirit; Aviation Turbine Fuel; High-Speed Diesel.,"TMT × 1,000 × product-specific bbl/t ÷ days in month ÷ 1,000,000.",PPAC data are provisional market-demand estimates; Motor Spirit includes ethanol blending.,2984.000000000,0.818193548,0.048258065,663.000000000,0.166177742,0.021054194,6885.000000000,1.605759677,0.058772903,0.128085161
India,2023-08-01,Domestic petroleum-product consumption / market demand,TMT,"Petroleum Planning & Analysis Cell (PPAC), Government of India",https://ppac.gov.in/consumption/products-wise,PPAC public service accessed 2 Sep. 2026; data through Jul. 2026.,Motor Spirit; Aviation Turbine Fuel; High-Speed Diesel.,"TMT × 1,000 × product-specific bbl/t ÷ days in month ÷ 1,000,000.",PPAC data are provisional market-demand estimates; Motor Spirit includes ethanol blending.,3093.000000000,0.848080645,0.023854839,677.000000000,0.169686774,0.020302258,6670.000000000,1.555616129,0.076264839,0.120421935
India,2023-09-01,Domestic petroleum-product consumption / market demand,TMT,"Petroleum Planning & Analysis Cell (PPAC), Government of India",https://ppac.gov.in/consumption/products-wise,PPAC public service accessed 2 Sep. 2026; data through Jul. 2026.,Motor Spirit; Aviation Turbine Fuel; High-Speed Diesel.,"TMT × 1,000 × product-specific bbl/t ÷ days in month ÷ 1,000,000.",PPAC data are provisional market-demand estimates; Motor Spirit includes ethanol blending.,3058.000000000,0.866433333,0.065450000,657.000000000,0.170163000,0.016835000,6493.000000000,1.564813000,0.057840000,0.140125000
India,2023-10-01,Domestic petroleum-product consumption / market demand,TMT,"Petroleum Planning & Analysis Cell (PPAC), Government of India",https://ppac.gov.in/consumption/products-wise,PPAC public service accessed 2 Sep. 2026; data through Jul. 2026.,Motor Spirit; Aviation Turbine Fuel; High-Speed Diesel.,"TMT × 1,000 × product-specific bbl/t ÷ days in month ÷ 1,000,000.",PPAC data are provisional market-demand estimates; Motor Spirit includes ethanol blending.,3140.000000000,0.860967742,0.039483871,692.000000000,0.173446452,0.019049032,7634.000000000,1.780445806,0.151130323,0.209663226
India,2023-11-01,Domestic petroleum-product consumption / market demand,TMT,"Petroleum Planning & Analysis Cell (PPAC), Government of India",https://ppac.gov.in/consumption/products-wise,PPAC public service accessed 2 Sep. 2026; data through Jul. 2026.,Motor Spirit; Aviation Turbine Fuel; High-Speed Diesel.,"TMT × 1,000 × product-specific bbl/t ÷ days in month ÷ 1,000,000.",PPAC data are provisional market-demand estimates; Motor Spirit includes ethanol blending.,3129.000000000,0.886550000,0.075933333,690.000000000,0.178710000,0.018648000,7525.000000000,1.813525000,-0.057358000,0.037223333
India,2023-12-01,Domestic petroleum-product consumption / market demand,TMT,"Petroleum Planning & Analysis Cell (PPAC), Government of India",https://ppac.gov.in/consumption/products-wise,PPAC public service accessed 2 Sep. 2026; data through Jul. 2026.,Motor Spirit; Aviation Turbine Fuel; High-Speed Diesel.,"TMT × 1,000 × product-specific bbl/t ÷ days in month ÷ 1,000,000.",PPAC data are provisional market-demand estimates; Motor Spirit includes ethanol blending.,2990.000000000,0.819838710,0.001645161,720.000000000,0.180464516,0.015289355,7603.000000000,1.773215806,-0.042913548,-0.025979032
India,2024-01-01,Domestic petroleum-product consumption / market demand,TMT,"Petroleum Planning & Analysis Cell (PPAC), Government of India",https://ppac.gov.in/consumption/products-wise,PPAC public service accessed 2 Sep. 2026; data through Jul. 2026.,Motor Spirit; Aviation Turbine Fuel; High-Speed Diesel.,"TMT × 1,000 × product-specific bbl/t ÷ days in month ÷ 1,000,000.",PPAC data are provisional market-demand estimates; Motor Spirit includes ethanol blending.,3100.000000000,0.850000000,0.074854839,717.000000000,0.179712581,0.012281613,7424.000000000,1.731468387,0.057373548,0.144510000
India,2024-02-01,Domestic petroleum-product consumption / market demand,TMT,"Petroleum Planning & Analysis Cell (PPAC), Government of India",https://ppac.gov.in/consumption/products-wise,PPAC public service accessed 2 Sep. 2026; data through Jul. 2026.,Motor Spirit; Aviation Turbine Fuel; High-Speed Diesel.,"TMT × 1,000 × product-specific bbl/t ÷ days in month ÷ 1,000,000.",PPAC data are provisional market-demand estimates; Motor Spirit includes ethanol blending.,3023.000000000,0.886051724,0.043337438,705.000000000,0.188891379,0.015176379,7443.000000000,1.855616897,0.047342254,0.105856071
India,2024-03-01,Domestic petroleum-product consumption / market demand,TMT,"Petroleum Planning & Analysis Cell (PPAC), Government of India",https://ppac.gov.in/consumption/products-wise,PPAC public service accessed 2 Sep. 2026; data through Jul. 2026.,Motor Spirit; Aviation Turbine Fuel; High-Speed Diesel.,"TMT × 1,000 × product-specific bbl/t ÷ days in month ÷ 1,000,000.",PPAC data are provisional market-demand estimates; Motor Spirit includes ethanol blending.,3324.000000000,0.911419355,0.059225806,758.000000000,0.189989032,0.017545161,8007.000000000,1.867439032,0.049677097,0.126448065
India,2024-04-01,Domestic petroleum-product consumption / market demand,TMT,"Petroleum Planning & Analysis Cell (PPAC), Government of India",https://ppac.gov.in/consumption/products-wise,PPAC public service accessed 2 Sep. 2026; data through Jul. 2026.,Motor Spirit; Aviation Turbine Fuel; High-Speed Diesel.,"TMT × 1,000 × product-specific bbl/t ÷ days in month ÷ 1,000,000.",PPAC data are provisional market-demand estimates; Motor Spirit includes ethanol blending.,3285.000000000,0.930750000,0.115600000,742.000000000,0.192178000,0.022274000,7925.000000000,1.909925000,0.025787000,0.163661000
India,2024-05-01,Domestic petroleum-product consumption / market demand,TMT,"Petroleum Planning & Analysis Cell (PPAC), Government of India",https://ppac.gov.in/consumption/products-wise,PPAC public service accessed 2 Sep. 2026; data through Jul. 2026.,Motor Spirit; Aviation Turbine Fuel; High-Speed Diesel.,"TMT × 1,000 × product-specific bbl/t ÷ days in month ÷ 1,000,000.",PPAC data are provisional market-demand estimates; Motor Spirit includes ethanol blending.,3463.000000000,0.949532258,0.030983871,744.000000000,0.186480000,0.018297097,8412.000000000,1.961895484,0.045479032,0.094760000
India,2024-06-01,Domestic petroleum-product consumption / market demand,TMT,"Petroleum Planning & Analysis Cell (PPAC), Government of India",https://ppac.gov.in/consumption/products-wise,PPAC public service accessed 2 Sep. 2026; data through Jul. 2026.,Motor Spirit; Aviation Turbine Fuel; High-Speed Diesel.,"TMT × 1,000 × product-specific bbl/t ÷ days in month ÷ 1,000,000.",PPAC data are provisional market-demand estimates; Motor Spirit includes ethanol blending.,3296.000000000,0.933866667,0.040800000,707.000000000,0.183113000,0.016835000,7982.000000000,1.923662000,0.018316000,0.075951000
India,2024-07-01,Domestic petroleum-product consumption / market demand,TMT,"Petroleum Planning & Analysis Cell (PPAC), Government of India",https://ppac.gov.in/consumption/products-wise,PPAC public service accessed 2 Sep. 2026; data through Jul. 2026.,Motor Spirit; Aviation Turbine Fuel; High-Speed Diesel.,"TMT × 1,000 × product-specific bbl/t ÷ days in month ÷ 1,000,000.",PPAC data are provisional market-demand estimates; Motor Spirit includes ethanol blending.,3297.000000000,0.904016129,0.085822581,727.000000000,0.182219032,0.016041290,7193.000000000,1.677593226,0.071833548,0.173697419
India,2024-08-01,Domestic petroleum-product consumption / market demand,TMT,"Petroleum Planning & Analysis Cell (PPAC), Government of India",https://ppac.gov.in/consumption/products-wise,PPAC public service accessed 2 Sep. 2026; data through Jul. 2026.,Motor Spirit; Aviation Turbine Fuel; High-Speed Diesel.,"TMT × 1,000 × product-specific bbl/t ÷ days in month ÷ 1,000,000.",PPAC data are provisional market-demand estimates; Motor Spirit includes ethanol blending.,3360.000000000,0.921290323,0.073209677,732.000000000,0.183472258,0.013785484,6501.000000000,1.516200968,-0.039415161,0.047580000
India,2024-09-01,Domestic petroleum-product consumption / market demand,TMT,"Petroleum Planning & Analysis Cell (PPAC), Government of India",https://ppac.gov.in/consumption/products-wise,PPAC public service accessed 2 Sep. 2026; data through Jul. 2026.,Motor Spirit; Aviation Turbine Fuel; High-Speed Diesel.,"TMT × 1,000 × product-specific bbl/t ÷ days in month ÷ 1,000,000.",PPAC data are provisional market-demand estimates; Motor Spirit includes ethanol blending.,3149.000000000,0.892216667,0.025783333,726.000000000,0.188034000,0.017871000,6369.000000000,1.534929000,-0.029884000,0.013770333
India,2024-10-01,Domestic petroleum-product consumption / market demand,TMT,"Petroleum Planning & Analysis Cell (PPAC), Government of India",https://ppac.gov.in/consumption/products-wise,PPAC public service accessed 2 Sep. 2026; data through Jul. 2026.,Motor Spirit; Aviation Turbine Fuel; High-Speed Diesel.,"TMT × 1,000 × product-specific bbl/t ÷ days in month ÷ 1,000,000.",PPAC data are provisional market-demand estimates; Motor Spirit includes ethanol blending.,3412.000000000,0.935548387,0.074580645,757.000000000,0.189738387,0.016291935,7645.000000000,1.783011290,0.002565484,0.093438065
India,2024-11-01,Domestic petroleum-product consumption / market demand,TMT,"Petroleum Planning & Analysis Cell (PPAC), Government of India",https://ppac.gov.in/consumption/products-wise,PPAC public service accessed 2 Sep. 2026; data through Jul. 2026.,Motor Spirit; Aviation Turbine Fuel; High-Speed Diesel.,"TMT × 1,000 × product-specific bbl/t ÷ days in month ÷ 1,000,000.",PPAC data are provisional market-demand estimates; Motor Spirit includes ethanol blending.,3428.000000000,0.971266667,0.084716667,748.000000000,0.193732000,0.015022000,8166.000000000,1.968006000,0.154481000,0.254219667
India,2024-12-01,Domestic petroleum-product consumption / market demand,TMT,"Petroleum Planning & Analysis Cell (PPAC), Government of India",https://ppac.gov.in/consumption/products-wise,PPAC public service accessed 2 Sep. 2026; data through Jul. 2026.,Motor Spirit; Aviation Turbine Fuel; High-Speed Diesel.,"TMT × 1,000 × product-specific bbl/t ÷ days in month ÷ 1,000,000.",PPAC data are provisional market-demand estimates; Motor Spirit includes ethanol blending.,3320.000000000,0.910322581,0.090483871,782.000000000,0.196004516,0.015540000,8054.000000000,1.878400645,0.105184839,0.211208710
India,2025-01-01,Domestic petroleum-product consumption / market demand,TMT,"Petroleum Planning & Analysis Cell (PPAC), Government of India",https://ppac.gov.in/consumption/products-wise,PPAC public service accessed 2 Sep. 2026; data through Jul. 2026.,Motor Spirit; Aviation Turbine Fuel; High-Speed Diesel.,"TMT × 1,000 × product-specific bbl/t ÷ days in month ÷ 1,000,000.",PPAC data are provisional market-demand estimates; Motor Spirit includes ethanol blending.,3308.000000000,0.907032258,0.057032258,784.000000000,0.196505806,0.016793226,7738.000000000,1.804701290,0.073232903,0.147058387
India,2025-02-01,Domestic petroleum-product consumption / market demand,TMT,"Petroleum Planning & Analysis Cell (PPAC), Government of India",https://ppac.gov.in/consumption/products-wise,PPAC public service accessed 2 Sep. 2026; data through Jul. 2026.,Motor Spirit; Aviation Turbine Fuel; High-Speed Diesel.,"TMT × 1,000 × product-specific bbl/t ÷ days in month ÷ 1,000,000.",PPAC data are provisional market-demand estimates; Motor Spirit includes ethanol blending.,3174.000000000,0.963535714,0.077483990,735.000000000,0.203962500,0.015071121,7346.000000000,1.896842143,0.041225246,0.133780357
India,2025-03-01,Domestic petroleum-product consumption / market demand,TMT,"Petroleum Planning & Analysis Cell (PPAC), Government of India",https://ppac.gov.in/consumption/products-wise,PPAC public service accessed 2 Sep. 2026; data through Jul. 2026.,Motor Spirit; Aviation Turbine Fuel; High-Speed Diesel.,"TMT × 1,000 × product-specific bbl/t ÷ days in month ÷ 1,000,000.",PPAC data are provisional market-demand estimates; Motor Spirit includes ethanol blending.,3512.000000000,0.962967742,0.051548387,801.000000000,0.200766774,0.010777742,8075.000000000,1.883298387,0.015859355,0.078185484
India,2025-04-01,Domestic petroleum-product consumption / market demand,TMT,"Petroleum Planning & Analysis Cell (PPAC), Government of India",https://ppac.gov.in/consumption/products-wise,PPAC public service accessed 2 Sep. 2026; data through Jul. 2026.,Motor Spirit; Aviation Turbine Fuel; High-Speed Diesel.,"TMT × 1,000 × product-specific bbl/t ÷ days in month ÷ 1,000,000.",PPAC data are provisional market-demand estimates; Motor Spirit includes ethanol blending.,3449.000000000,0.977216667,0.046466667,772.000000000,0.199948000,0.007770000,8261.000000000,1.990901000,0.080976000,0.135212667
India,2025-05-01,Domestic petroleum-product consumption / market demand,TMT,"Petroleum Planning & Analysis Cell (PPAC), Government of India",https://ppac.gov.in/consumption/products-wise,PPAC public service accessed 2 Sep. 2026; data through Jul. 2026.,Motor Spirit; Aviation Turbine Fuel; High-Speed Diesel.,"TMT × 1,000 × product-specific bbl/t ÷ days in month ÷ 1,000,000.",PPAC data are provisional market-demand estimates; Motor Spirit includes ethanol blending.,3782.000000000,1.037000000,0.087467742,776.000000000,0.194500645,0.008020645,8592.000000000,2.003876129,0.041980645,0.137469032
India,2025-06-01,Domestic petroleum-product consumption / market demand,TMT,"Petroleum Planning & Analysis Cell (PPAC), Government of India",https://ppac.gov.in/consumption/products-wise,PPAC public service accessed 2 Sep. 2026; data through Jul. 2026.,Motor Spirit; Aviation Turbine Fuel; High-Speed Diesel.,"TMT × 1,000 × product-specific bbl/t ÷ days in month ÷ 1,000,000.",PPAC data are provisional market-demand estimates; Motor Spirit includes ethanol blending.,3522.000000000,0.997900000,0.064033333,730.000000000,0.189070000,0.005957000,8105.000000000,1.953305000,0.029643000,0.099633333
India,2025-07-01,Domestic petroleum-product consumption / market demand,TMT,"Petroleum Planning & Analysis Cell (PPAC), Government of India",https://ppac.gov.in/consumption/products-wise,PPAC public service accessed 2 Sep. 2026; data through Jul. 2026.,Motor Spirit; Aviation Turbine Fuel; High-Speed Diesel.,"TMT × 1,000 × product-specific bbl/t ÷ days in month ÷ 1,000,000.",PPAC data are provisional market-demand estimates; Motor Spirit includes ethanol blending.,3493.000000000,0.957758065,0.053741935,710.000000000,0.177958065,-0.004260968,7356.000000000,1.715609032,0.038015806,0.087496774
India,2025-08-01,Domestic petroleum-product consumption / market demand,TMT,"Petroleum Planning & Analysis Cell (PPAC), Government of India",https://ppac.gov.in/consumption/products-wise,PPAC public service accessed 2 Sep. 2026; data through Jul. 2026.,Motor Spirit; Aviation Turbine Fuel; High-Speed Diesel.,"TMT × 1,000 × product-specific bbl/t ÷ days in month ÷ 1,000,000.",PPAC data are provisional market-demand estimates; Motor Spirit includes ethanol blending.,3544.000000000,0.971741935,0.050451613,710.000000000,0.177958065,-0.005514194,6577.000000000,1.533926129,0.017725161,0.062662581
India,2025-09-01,Domestic petroleum-product consumption / market demand,TMT,"Petroleum Planning & Analysis Cell (PPAC), Government of India",https://ppac.gov.in/consumption/products-wise,PPAC public service accessed 2 Sep. 2026; data through Jul. 2026.,Motor Spirit; Aviation Turbine Fuel; High-Speed Diesel.,"TMT × 1,000 × product-specific bbl/t ÷ days in month ÷ 1,000,000.",PPAC data are provisional market-demand estimates; Motor Spirit includes ethanol blending.,3399.000000000,0.963050000,0.070833333,720.000000000,0.186480000,-0.001554000,6786.000000000,1.635426000,0.100497000,0.169776333
India,2025-10-01,Domestic petroleum-product consumption / market demand,TMT,"Petroleum Planning & Analysis Cell (PPAC), Government of India",https://ppac.gov.in/consumption/products-wise,PPAC public service accessed 2 Sep. 2026; data through Jul. 2026.,Motor Spirit; Aviation Turbine Fuel; High-Speed Diesel.,"TMT × 1,000 × product-specific bbl/t ÷ days in month ÷ 1,000,000.",PPAC data are provisional market-demand estimates; Motor Spirit includes ethanol blending.,3665.000000000,1.004919355,0.069370968,773.000000000,0.193748710,0.004010323,7620.000000000,1.777180645,-0.005830645,0.067550645
India,2025-11-01,Domestic petroleum-product consumption / market demand,TMT,"Petroleum Planning & Analysis Cell (PPAC), Government of India",https://ppac.gov.in/consumption/products-wise,PPAC public service accessed 2 Sep. 2026; data through Jul. 2026.,Motor Spirit; Aviation Turbine Fuel; High-Speed Diesel.,"TMT × 1,000 × product-specific bbl/t ÷ days in month ÷ 1,000,000.",PPAC data are provisional market-demand estimates; Motor Spirit includes ethanol blending.,3517.000000000,0.996483333,0.025216667,788.000000000,0.204092000,0.010360000,8557.000000000,2.062237000,0.094231000,0.129807667
India,2025-12-01,Domestic petroleum-product consumption / market demand,TMT,"Petroleum Planning & Analysis Cell (PPAC), Government of India",https://ppac.gov.in/consumption/products-wise,PPAC public service accessed 2 Sep. 2026; data through Jul. 2026.,Motor Spirit; Aviation Turbine Fuel; High-Speed Diesel.,"TMT × 1,000 × product-specific bbl/t ÷ days in month ÷ 1,000,000.",PPAC data are provisional market-demand estimates; Motor Spirit includes ethanol blending.,3555.000000000,0.974758065,0.064435484,784.000000000,0.196505806,0.000501290,8470.000000000,1.975422581,0.097021935,0.161958710
India,2026-01-01,Domestic petroleum-product consumption / market demand,TMT,"Petroleum Planning & Analysis Cell (PPAC), Government of India",https://ppac.gov.in/consumption/products-wise,PPAC public service accessed 2 Sep. 2026; data through Jul. 2026.,Motor Spirit; Aviation Turbine Fuel; High-Speed Diesel.,"TMT × 1,000 × product-specific bbl/t ÷ days in month ÷ 1,000,000.",PPAC data are provisional market-demand estimates; Motor Spirit includes ethanol blending.,3511.000000000,0.962693548,0.055661290,827.000000000,0.207283548,0.010777742,7993.000000000,1.864173871,0.059472581,0.125911613
India,2026-02-01,Domestic petroleum-product consumption / market demand,TMT,"Petroleum Planning & Analysis Cell (PPAC), Government of India",https://ppac.gov.in/consumption/products-wise,PPAC public service accessed 2 Sep. 2026; data through Jul. 2026.,Motor Spirit; Aviation Turbine Fuel; High-Speed Diesel.,"TMT × 1,000 × product-specific bbl/t ÷ days in month ÷ 1,000,000.",PPAC data are provisional market-demand estimates; Motor Spirit includes ethanol blending.,3369.000000000,1.022732143,0.059196429,764.000000000,0.212010000,0.008047500,7665.000000000,1.979212500,0.082370357,0.149614286
India,2026-03-01,Domestic petroleum-product consumption / market demand,TMT,"Petroleum Planning & Analysis Cell (PPAC), Government of India",https://ppac.gov.in/consumption/products-wise,PPAC public service accessed 2 Sep. 2026; data through Jul. 2026.,Motor Spirit; Aviation Turbine Fuel; High-Speed Diesel.,"TMT × 1,000 × product-specific bbl/t ÷ days in month ÷ 1,000,000.",PPAC data are provisional market-demand estimates; Motor Spirit includes ethanol blending.,3780.000000000,1.036451613,0.073483871,807.000000000,0.202270645,0.001503871,8726.000000000,2.035128387,0.151830000,0.226817742
India,2026-04-01,Domestic petroleum-product consumption / market demand,TMT,"Petroleum Planning & Analysis Cell (PPAC), Government of India",https://ppac.gov.in/consumption/products-wise,PPAC public service accessed 2 Sep. 2026; data through Jul. 2026.,Motor Spirit; Aviation Turbine Fuel; High-Speed Diesel.,"TMT × 1,000 × product-specific bbl/t ÷ days in month ÷ 1,000,000.",PPAC data are provisional market-demand estimates; Motor Spirit includes ethanol blending.,3684.000000000,1.043800000,0.066583333,771.000000000,0.199689000,-0.000259000,8330.000000000,2.007530000,0.016629000,0.082953333
India,2026-05-01,Domestic petroleum-product consumption / market demand,TMT,"Petroleum Planning & Analysis Cell (PPAC), Government of India",https://ppac.gov.in/consumption/products-wise,PPAC public service accessed 2 Sep. 2026; data through Jul. 2026.,Motor Spirit; Aviation Turbine Fuel; High-Speed Diesel.,"TMT × 1,000 × product-specific bbl/t ÷ days in month ÷ 1,000,000.",PPAC data are provisional market-demand estimates; Motor Spirit includes ethanol blending.,3910.000000000,1.072096774,0.035096774,783.000000000,0.196255161,0.001754516,8725.000000000,2.034895161,0.031019032,0.067870323
India,2026-06-01,Domestic petroleum-product consumption / market demand,TMT,"Petroleum Planning & Analysis Cell (PPAC), Government of India",https://ppac.gov.in/consumption/products-wise,PPAC public service accessed 2 Sep. 2026; data through Jul. 2026.,Motor Spirit; Aviation Turbine Fuel; High-Speed Diesel.,"TMT × 1,000 × product-specific bbl/t ÷ days in month ÷ 1,000,000.",PPAC data are provisional market-demand estimates; Motor Spirit includes ethanol blending.,3784.000000000,1.072133333,0.074233333,730.000000000,0.189070000,0.000000000,8605.000000000,2.073805000,0.120500000,0.194733333
India,2026-07-01,Domestic petroleum-product consumption / market demand,TMT,"Petroleum Planning & Analysis Cell (PPAC), Government of India",https://ppac.gov.in/consumption/products-wise,PPAC public service accessed 2 Sep. 2026; data through Jul. 2026.,Motor Spirit; Aviation Turbine Fuel; High-Speed Diesel.,"TMT × 1,000 × product-specific bbl/t ÷ days in month ÷ 1,000,000.",PPAC data are provisional market-demand estimates; Motor Spirit includes ethanol blending.,3815.000000000,1.046048387,0.088290323,705.000000000,0.176704839,-0.001253226,8093.000000000,1.887496452,0.171887419,0.258924516
Japan,2021-07-01,Domestic sales by petroleum manufacturers and importers,kl,"Agency for Natural Resources and Energy, METI",https://www.meti.go.jp/english/statistics/tyo/sekiyuso/index.html,METI series accessed 2 Sep. 2026; latest preliminary data through Jul. 2026.,Gasoline; Jet Fuel; Gas Oil (diesel proxy).,"kl (= m³) × 6.28981077 bbl/m³ ÷ days in month ÷ 1,000,000.",Domestic sales are not identical to final end-use consumption; July values are preliminary.,4014660.000000000,0.814562958,-0.004139101,275980.000000000,0.055995548,-0.005640743,2671455.000000000,0.542030530,0.006154478,-0.003625366
Japan,2021-08-01,Domestic sales by petroleum manufacturers and importers,kl,"Agency for Natural Resources and Energy, METI",https://www.meti.go.jp/english/statistics/tyo/sekiyuso/index.html,METI series accessed 2 Sep. 2026; latest preliminary data through Jul. 2026.,Gasoline; Jet Fuel; Gas Oil (diesel proxy).,"kl (= m³) × 6.28981077 bbl/m³ ÷ days in month ÷ 1,000,000.",Domestic sales are not identical to final end-use consumption; July values are preliminary.,4102658.000000000,0.832417499,-0.058163706,323566.000000000,0.065650610,-0.008612983,2564026.000000000,0.520233495,-0.006802329,-0.073579018
Japan,2021-09-01,Domestic sales by petroleum manufacturers and importers,kl,"Agency for Natural Resources and Energy, METI",https://www.meti.go.jp/english/statistics/tyo/sekiyuso/index.html,METI series accessed 2 Sep. 2026; latest preliminary data through Jul. 2026.,Gasoline; Jet Fuel; Gas Oil (diesel proxy).,"kl (= m³) × 6.28981077 bbl/m³ ÷ days in month ÷ 1,000,000.",Domestic sales are not identical to final end-use consumption; July values are preliminary.,3824993.000000000,0.801949406,-0.047949324,308827.000000000,0.064748780,0.021499622,2727054.000000000,0.571755121,0.013852470,-0.012597233
Japan,2021-10-01,Domestic sales by petroleum manufacturers and importers,kl,"Agency for Natural Resources and Energy, METI",https://www.meti.go.jp/english/statistics/tyo/sekiyuso/index.html,METI series accessed 2 Sep. 2026; latest preliminary data through Jul. 2026.,Gasoline; Jet Fuel; Gas Oil (diesel proxy).,"kl (= m³) × 6.28981077 bbl/m³ ÷ days in month ÷ 1,000,000.",Domestic sales are not identical to final end-use consumption; July values are preliminary.,3369735.000000000,0.683709532,-0.111732604,264283.000000000,0.053622260,0.000656981,2655272.000000000,0.538747046,-0.021631674,-0.132707297
Japan,2021-11-01,Domestic sales by petroleum manufacturers and importers,kl,"Agency for Natural Resources and Energy, METI",https://www.meti.go.jp/english/statistics/tyo/sekiyuso/index.html,METI series accessed 2 Sep. 2026; latest preliminary data through Jul. 2026.,Gasoline; Jet Fuel; Gas Oil (diesel proxy).,"kl (= m³) × 6.28981077 bbl/m³ ÷ days in month ÷ 1,000,000.",Domestic sales are not identical to final end-use consumption; July values are preliminary.,3505692.000000000,0.735004643,-0.067640625,282107.000000000,0.059146655,0.011542432,2720352.000000000,0.570349977,-0.004601626,-0.060699819
Japan,2021-12-01,Domestic sales by petroleum manufacturers and importers,kl,"Agency for Natural Resources and Energy, METI",https://www.meti.go.jp/english/statistics/tyo/sekiyuso/index.html,METI series accessed 2 Sep. 2026; latest preliminary data through Jul. 2026.,Gasoline; Jet Fuel; Gas Oil (diesel proxy).,"kl (= m³) × 6.28981077 bbl/m³ ÷ days in month ÷ 1,000,000.",Domestic sales are not identical to final end-use consumption; July values are preliminary.,4157011.000000000,0.843445566,-0.023469922,317811.000000000,0.064482937,0.002077261,2972572.000000000,0.603126303,0.009278282,-0.012114378
Japan,2022-01-01,Domestic sales by petroleum manufacturers and importers,kl,"Agency for Natural Resources and Energy, METI",https://www.meti.go.jp/english/statistics/tyo/sekiyuso/index.html,METI series accessed 2 Sep. 2026; latest preliminary data through Jul. 2026.,Gasoline; Jet Fuel; Gas Oil (diesel proxy).,"kl (= m³) × 6.28981077 bbl/m³ ÷ days in month ÷ 1,000,000.",Domestic sales are not identical to final end-use consumption; July values are preliminary.,3581330.000000000,0.726641549,0.017795295,277941.000000000,0.056393429,0.015567485,2574987.000000000,0.522457450,0.010665693,0.044028472
Japan,2022-02-01,Domestic sales by petroleum manufacturers and importers,kl,"Agency for Natural Resources and Energy, METI",https://www.meti.go.jp/english/statistics/tyo/sekiyuso/index.html,METI series accessed 2 Sep. 2026; latest preliminary data through Jul. 2026.,Gasoline; Jet Fuel; Gas Oil (diesel proxy).,"kl (= m³) × 6.28981077 bbl/m³ ÷ days in month ÷ 1,000,000.",Domestic sales are not identical to final end-use consumption; July values are preliminary.,3246027.000000000,0.729174842,-0.055056735,220725.000000000,0.049582803,0.013664165,2575172.000000000,0.578476592,-0.021414335,-0.062806905
Japan,2022-03-01,Domestic sales by petroleum manufacturers and importers,kl,"Agency for Natural Resources and Energy, METI",https://www.meti.go.jp/english/statistics/tyo/sekiyuso/index.html,METI series accessed 2 Sep. 2026; latest preliminary data through Jul. 2026.,Gasoline; Jet Fuel; Gas Oil (diesel proxy).,"kl (= m³) × 6.28981077 bbl/m³ ÷ days in month ÷ 1,000,000.",Domestic sales are not identical to final end-use consumption; July values are preliminary.,3728454.000000000,0.756492585,-0.020540696,291370.000000000,0.059118134,0.000048087,2844685.000000000,0.577178398,-0.004432085,-0.024924694
Japan,2022-04-01,Domestic sales by petroleum manufacturers and importers,kl,"Agency for Natural Resources and Energy, METI",https://www.meti.go.jp/english/statistics/tyo/sekiyuso/index.html,METI series accessed 2 Sep. 2026; latest preliminary data through Jul. 2026.,Gasoline; Jet Fuel; Gas Oil (diesel proxy).,"kl (= m³) × 6.28981077 bbl/m³ ÷ days in month ÷ 1,000,000.",Domestic sales are not identical to final end-use consumption; July values are preliminary.,3525668.000000000,0.739192819,-0.044689315,268311.000000000,0.056254181,0.006129421,2549838.000000000,0.534599950,-0.036521157,-0.075081052
Japan,2022-05-01,Domestic sales by petroleum manufacturers and importers,kl,"Agency for Natural Resources and Energy, METI",https://www.meti.go.jp/english/statistics/tyo/sekiyuso/index.html,METI series accessed 2 Sep. 2026; latest preliminary data through Jul. 2026.,Gasoline; Jet Fuel; Gas Oil (diesel proxy).,"kl (= m³) × 6.28981077 bbl/m³ ÷ days in month ÷ 1,000,000.",Domestic sales are not identical to final end-use consumption; July values are preliminary.,3626506.000000000,0.735807629,0.012329449,334893.000000000,0.067948826,0.016302784,2454168.000000000,0.497943623,0.013675875,0.042308108
Japan,2022-06-01,Domestic sales by petroleum manufacturers and importers,kl,"Agency for Natural Resources and Energy, METI",https://www.meti.go.jp/english/statistics/tyo/sekiyuso/index.html,METI series accessed 2 Sep. 2026; latest preliminary data through Jul. 2026.,Gasoline; Jet Fuel; Gas Oil (diesel proxy).,"kl (= m³) × 6.28981077 bbl/m³ ÷ days in month ÷ 1,000,000.",Domestic sales are not identical to final end-use consumption; July values are preliminary.,3618265.000000000,0.758606739,-0.011644536,338218.000000000,0.070910907,0.017148959,2639640.000000000,0.553427870,-0.003979983,0.001524440
Japan,2022-07-01,Domestic sales by petroleum manufacturers and importers,kl,"Agency for Natural Resources and Energy, METI",https://www.meti.go.jp/english/statistics/tyo/sekiyuso/index.html,METI series accessed 2 Sep. 2026; latest preliminary data through Jul. 2026.,Gasoline; Jet Fuel; Gas Oil (diesel proxy).,"kl (= m³) × 6.28981077 bbl/m³ ÷ days in month ÷ 1,000,000.",Domestic sales are not identical to final end-use consumption; July values are preliminary.,4047450.000000000,0.821215955,0.006652997,366514.000000000,0.074364636,0.018369088,2731490.000000000,0.554211459,0.012180929,0.037203013
Japan,2022-08-01,Domestic sales by petroleum manufacturers and importers,kl,"Agency for Natural Resources and Energy, METI",https://www.meti.go.jp/english/statistics/tyo/sekiyuso/index.html,METI series accessed 2 Sep. 2026; latest preliminary data through Jul. 2026.,Gasoline; Jet Fuel; Gas Oil (diesel proxy).,"kl (= m³) × 6.28981077 bbl/m³ ÷ days in month ÷ 1,000,000.",Domestic sales are not identical to final end-use consumption; July values are preliminary.,4164976.000000000,0.845061642,0.012644143,370194.000000000,0.075111297,0.009460687,2760545.000000000,0.560106635,0.039873139,0.061977969
Japan,2022-09-01,Domestic sales by petroleum manufacturers and importers,kl,"Agency for Natural Resources and Energy, METI",https://www.meti.go.jp/english/statistics/tyo/sekiyuso/index.html,METI series accessed 2 Sep. 2026; latest preliminary data through Jul. 2026.,Gasoline; Jet Fuel; Gas Oil (diesel proxy).,"kl (= m³) × 6.28981077 bbl/m³ ÷ days in month ÷ 1,000,000.",Domestic sales are not identical to final end-use consumption; July values are preliminary.,3730540.000000000,0.782146356,-0.019803050,367648.000000000,0.077081212,0.012332432,2641513.000000000,0.553820564,-0.017934557,-0.025405175
Japan,2022-10-01,Domestic sales by petroleum manufacturers and importers,kl,"Agency for Natural Resources and Energy, METI",https://www.meti.go.jp/english/statistics/tyo/sekiyuso/index.html,METI series accessed 2 Sep. 2026; latest preliminary data through Jul. 2026.,Gasoline; Jet Fuel; Gas Oil (diesel proxy).,"kl (= m³) × 6.28981077 bbl/m³ ÷ days in month ÷ 1,000,000.",Domestic sales are not identical to final end-use consumption; July values are preliminary.,3808445.000000000,0.772722528,0.089012996,280749.000000000,0.056963164,0.003340904,2673581.000000000,0.542461889,0.003714843,0.096068744
Japan,2022-11-01,Domestic sales by petroleum manufacturers and importers,kl,"Agency for Natural Resources and Energy, METI",https://www.meti.go.jp/english/statistics/tyo/sekiyuso/index.html,METI series accessed 2 Sep. 2026; latest preliminary data through Jul. 2026.,Gasoline; Jet Fuel; Gas Oil (diesel proxy).,"kl (= m³) × 6.28981077 bbl/m³ ÷ days in month ÷ 1,000,000.",Domestic sales are not identical to final end-use consumption; July values are preliminary.,3579021.000000000,0.750378828,0.015374184,371512.000000000,0.077891339,0.018744684,2700948.000000000,0.566281727,-0.004068250,0.030050619
Japan,2022-12-01,Domestic sales by petroleum manufacturers and importers,kl,"Agency for Natural Resources and Energy, METI",https://www.meti.go.jp/english/statistics/tyo/sekiyuso/index.html,METI series accessed 2 Sep. 2026; latest preliminary data through Jul. 2026.,Gasoline; Jet Fuel; Gas Oil (diesel proxy).,"kl (= m³) × 6.28981077 bbl/m³ ÷ days in month ÷ 1,000,000.",Domestic sales are not identical to final end-use consumption; July values are preliminary.,4124533.000000000,0.836855874,-0.006589693,317642.000000000,0.064448648,-0.000034290,2892725.000000000,0.586925576,-0.016200726,-0.022824709
Japan,2023-01-01,Domestic sales by petroleum manufacturers and importers,kl,"Agency for Natural Resources and Energy, METI",https://www.meti.go.jp/english/statistics/tyo/sekiyuso/index.html,METI series accessed 2 Sep. 2026; latest preliminary data through Jul. 2026.,Gasoline; Jet Fuel; Gas Oil (diesel proxy).,"kl (= m³) × 6.28981077 bbl/m³ ÷ days in month ÷ 1,000,000.",Domestic sales are not identical to final end-use consumption; July values are preliminary.,3503087.000000000,0.710766269,-0.015875279,323529.000000000,0.065643103,0.009249674,2425210.000000000,0.492068128,-0.030389322,-0.037014928
Japan,2023-02-01,Domestic sales by petroleum manufacturers and importers,kl,"Agency for Natural Resources and Energy, METI",https://www.meti.go.jp/english/statistics/tyo/sekiyuso/index.html,METI series accessed 2 Sep. 2026; latest preliminary data through Jul. 2026.,Gasoline; Jet Fuel; Gas Oil (diesel proxy).,"kl (= m³) × 6.28981077 bbl/m³ ÷ days in month ÷ 1,000,000.",Domestic sales are not identical to final end-use consumption; July values are preliminary.,3385411.000000000,0.760485520,0.031310678,256508.000000000,0.057620956,0.008038154,2522863.000000000,0.566726102,-0.011750490,0.027598342
Japan,2023-03-01,Domestic sales by petroleum manufacturers and importers,kl,"Agency for Natural Resources and Energy, METI",https://www.meti.go.jp/english/statistics/tyo/sekiyuso/index.html,METI series accessed 2 Sep. 2026; latest preliminary data through Jul. 2026.,Gasoline; Jet Fuel; Gas Oil (diesel proxy).,"kl (= m³) × 6.28981077 bbl/m³ ÷ days in month ÷ 1,000,000.",Domestic sales are not identical to final end-use consumption; July values are preliminary.,3639982.000000000,0.738541871,-0.017950714,431707.000000000,0.087592108,0.028473973,2672147.000000000,0.542170935,-0.035007464,-0.024484204
Japan,2023-04-01,Domestic sales by petroleum manufacturers and importers,kl,"Agency for Natural Resources and Energy, METI",https://www.meti.go.jp/english/statistics/tyo/sekiyuso/index.html,METI series accessed 2 Sep. 2026; latest preliminary data through Jul. 2026.,Gasoline; Jet Fuel; Gas Oil (diesel proxy).,"kl (= m³) × 6.28981077 bbl/m³ ÷ days in month ÷ 1,000,000.",Domestic sales are not identical to final end-use consumption; July values are preliminary.,3570070.000000000,0.748502158,0.009309339,277163.000000000,0.058110094,0.001855913,2492592.000000000,0.522597734,-0.012002217,-0.000836964
Japan,2023-05-01,Domestic sales by petroleum manufacturers and importers,kl,"Agency for Natural Resources and Energy, METI",https://www.meti.go.jp/english/statistics/tyo/sekiyuso/index.html,METI series accessed 2 Sep. 2026; latest preliminary data through Jul. 2026.,Gasoline; Jet Fuel; Gas Oil (diesel proxy).,"kl (= m³) × 6.28981077 bbl/m³ ÷ days in month ÷ 1,000,000.",Domestic sales are not identical to final end-use consumption; July values are preliminary.,3676432.000000000,0.745937471,0.010129842,338305.000000000,0.068641111,0.000692285,2506531.000000000,0.508567925,0.010624302,0.021446429
Japan,2023-06-01,Domestic sales by petroleum manufacturers and importers,kl,"Agency for Natural Resources and Energy, METI",https://www.meti.go.jp/english/statistics/tyo/sekiyuso/index.html,METI series accessed 2 Sep. 2026; latest preliminary data through Jul. 2026.,Gasoline; Jet Fuel; Gas Oil (diesel proxy).,"kl (= m³) × 6.28981077 bbl/m³ ÷ days in month ÷ 1,000,000.",Domestic sales are not identical to final end-use consumption; July values are preliminary.,3641361.000000000,0.763449055,0.004842316,373586.000000000,0.078326175,0.007415268,2651973.000000000,0.556013611,0.002585741,0.014843324
Japan,2023-07-01,Domestic sales by petroleum manufacturers and importers,kl,"Agency for Natural Resources and Energy, METI",https://www.meti.go.jp/english/statistics/tyo/sekiyuso/index.html,METI series accessed 2 Sep. 2026; latest preliminary data through Jul. 2026.,Gasoline; Jet Fuel; Gas Oil (diesel proxy).,"kl (= m³) × 6.28981077 bbl/m³ ÷ days in month ÷ 1,000,000.",Domestic sales are not identical to final end-use consumption; July values are preliminary.,4047430.000000000,0.821211897,-0.000004058,393597.000000000,0.079859698,0.005495063,2722039.000000000,0.552293878,-0.001917581,0.003573424
Japan,2023-08-01,Domestic sales by petroleum manufacturers and importers,kl,"Agency for Natural Resources and Energy, METI",https://www.meti.go.jp/english/statistics/tyo/sekiyuso/index.html,METI series accessed 2 Sep. 2026; latest preliminary data through Jul. 2026.,Gasoline; Jet Fuel; Gas Oil (diesel proxy).,"kl (= m³) × 6.28981077 bbl/m³ ÷ days in month ÷ 1,000,000.",Domestic sales are not identical to final end-use consumption; July values are preliminary.,4231947.000000000,0.858649865,0.013588223,407685.000000000,0.082718113,0.007606816,2602900.000000000,0.528120918,-0.031985717,-0.010790678
Japan,2023-09-01,Domestic sales by petroleum manufacturers and importers,kl,"Agency for Natural Resources and Energy, METI",https://www.meti.go.jp/english/statistics/tyo/sekiyuso/index.html,METI series accessed 2 Sep. 2026; latest preliminary data through Jul. 2026.,Gasoline; Jet Fuel; Gas Oil (diesel proxy).,"kl (= m³) × 6.28981077 bbl/m³ ÷ days in month ÷ 1,000,000.",Domestic sales are not identical to final end-use consumption; July values are preliminary.,3765358.000000000,0.789446310,0.007299954,379945.000000000,0.079659405,0.002578193,2697261.000000000,0.565508710,0.011688146,0.021566294
Japan,2023-10-01,Domestic sales by petroleum manufacturers and importers,kl,"Agency for Natural Resources and Energy, METI",https://www.meti.go.jp/english/statistics/tyo/sekiyuso/index.html,METI series accessed 2 Sep. 2026; latest preliminary data through Jul. 2026.,Gasoline; Jet Fuel; Gas Oil (diesel proxy).,"kl (= m³) × 6.28981077 bbl/m³ ÷ days in month ÷ 1,000,000.",Domestic sales are not identical to final end-use consumption; July values are preliminary.,3697488.000000000,0.750209672,-0.022512856,376376.000000000,0.076365607,0.019402443,2667886.000000000,0.541306390,-0.001155499,-0.004265912
Japan,2023-11-01,Domestic sales by petroleum manufacturers and importers,kl,"Agency for Natural Resources and Energy, METI",https://www.meti.go.jp/english/statistics/tyo/sekiyuso/index.html,METI series accessed 2 Sep. 2026; latest preliminary data through Jul. 2026.,Gasoline; Jet Fuel; Gas Oil (diesel proxy).,"kl (= m³) × 6.28981077 bbl/m³ ÷ days in month ÷ 1,000,000.",Domestic sales are not identical to final end-use consumption; July values are preliminary.,3530799.000000000,0.740268586,-0.010110242,346496.000000000,0.072646476,-0.005244864,2637579.000000000,0.552995760,-0.013285967,-0.028641073
Japan,2023-12-01,Domestic sales by petroleum manufacturers and importers,kl,"Agency for Natural Resources and Energy, METI",https://www.meti.go.jp/english/statistics/tyo/sekiyuso/index.html,METI series accessed 2 Sep. 2026; latest preliminary data through Jul. 2026.,Gasoline; Jet Fuel; Gas Oil (diesel proxy).,"kl (= m³) × 6.28981077 bbl/m³ ÷ days in month ÷ 1,000,000.",Domestic sales are not identical to final end-use consumption; July values are preliminary.,3955918.000000000,0.802644376,-0.034211498,389274.000000000,0.078982574,0.014533927,2791864.000000000,0.566461170,-0.020464407,-0.040141978
Japan,2024-01-01,Domestic sales by petroleum manufacturers and importers,kl,"Agency for Natural Resources and Energy, METI",https://www.meti.go.jp/english/statistics/tyo/sekiyuso/index.html,METI series accessed 2 Sep. 2026; latest preliminary data through Jul. 2026.,Gasoline; Jet Fuel; Gas Oil (diesel proxy).,"kl (= m³) × 6.28981077 bbl/m³ ÷ days in month ÷ 1,000,000.",Domestic sales are not identical to final end-use consumption; July values are preliminary.,3407969.000000000,0.691467101,-0.019299168,386550.000000000,0.078429882,0.012786780,2340791.000000000,0.474939756,-0.017128372,-0.023640761
Japan,2024-02-01,Domestic sales by petroleum manufacturers and importers,kl,"Agency for Natural Resources and Energy, METI",https://www.meti.go.jp/english/statistics/tyo/sekiyuso/index.html,METI series accessed 2 Sep. 2026; latest preliminary data through Jul. 2026.,Gasoline; Jet Fuel; Gas Oil (diesel proxy).,"kl (= m³) × 6.28981077 bbl/m³ ÷ days in month ÷ 1,000,000.",Domestic sales are not identical to final end-use consumption; July values are preliminary.,3322535.000000000,0.720624704,-0.039860816,350278.000000000,0.075971805,0.018350848,2476530.000000000,0.537134657,-0.029591445,-0.051101413
Japan,2024-03-01,Domestic sales by petroleum manufacturers and importers,kl,"Agency for Natural Resources and Energy, METI",https://www.meti.go.jp/english/statistics/tyo/sekiyuso/index.html,METI series accessed 2 Sep. 2026; latest preliminary data through Jul. 2026.,Gasoline; Jet Fuel; Gas Oil (diesel proxy).,"kl (= m³) × 6.28981077 bbl/m³ ÷ days in month ÷ 1,000,000.",Domestic sales are not identical to final end-use consumption; July values are preliminary.,3657595.000000000,0.742115498,0.003573627,361925.000000000,0.073433541,-0.014158567,2639246.000000000,0.535495417,-0.006675518,-0.017260458
Japan,2024-04-01,Domestic sales by petroleum manufacturers and importers,kl,"Agency for Natural Resources and Energy, METI",https://www.meti.go.jp/english/statistics/tyo/sekiyuso/index.html,METI series accessed 2 Sep. 2026; latest preliminary data through Jul. 2026.,Gasoline; Jet Fuel; Gas Oil (diesel proxy).,"kl (= m³) × 6.28981077 bbl/m³ ÷ days in month ÷ 1,000,000.",Domestic sales are not identical to final end-use consumption; July values are preliminary.,3469698.000000000,0.727458128,-0.021044030,361059.000000000,0.075699760,0.017589665,2499632.000000000,0.524073742,0.001476009,-0.001978355
Japan,2024-05-01,Domestic sales by petroleum manufacturers and importers,kl,"Agency for Natural Resources and Energy, METI",https://www.meti.go.jp/english/statistics/tyo/sekiyuso/index.html,METI series accessed 2 Sep. 2026; latest preliminary data through Jul. 2026.,Gasoline; Jet Fuel; Gas Oil (diesel proxy).,"kl (= m³) × 6.28981077 bbl/m³ ÷ days in month ÷ 1,000,000.",Domestic sales are not identical to final end-use consumption; July values are preliminary.,3503148.000000000,0.710778646,-0.035158825,368649.000000000,0.074797821,0.006156710,2470367.000000000,0.501230354,-0.007337572,-0.036339686
Japan,2024-06-01,Domestic sales by petroleum manufacturers and importers,kl,"Agency for Natural Resources and Energy, METI",https://www.meti.go.jp/english/statistics/tyo/sekiyuso/index.html,METI series accessed 2 Sep. 2026; latest preliminary data through Jul. 2026.,Gasoline; Jet Fuel; Gas Oil (diesel proxy).,"kl (= m³) × 6.28981077 bbl/m³ ÷ days in month ÷ 1,000,000.",Domestic sales are not identical to final end-use consumption; July values are preliminary.,3511426.000000000,0.736206836,-0.027242219,384234.000000000,0.080558638,0.002232464,2595218.000000000,0.544114338,-0.011899274,-0.036909029
Japan,2024-07-01,Domestic sales by petroleum manufacturers and importers,kl,"Agency for Natural Resources and Energy, METI",https://www.meti.go.jp/english/statistics/tyo/sekiyuso/index.html,METI series accessed 2 Sep. 2026; latest preliminary data through Jul. 2026.,Gasoline; Jet Fuel; Gas Oil (diesel proxy).,"kl (= m³) × 6.28981077 bbl/m³ ÷ days in month ÷ 1,000,000.",Domestic sales are not identical to final end-use consumption; July values are preliminary.,3941380.000000000,0.799694657,-0.021517240,349439.000000000,0.070900167,-0.008959531,2685937.000000000,0.544968886,-0.007324992,-0.037801763
Japan,2024-08-01,Domestic sales by petroleum manufacturers and importers,kl,"Agency for Natural Resources and Energy, METI",https://www.meti.go.jp/english/statistics/tyo/sekiyuso/index.html,METI series accessed 2 Sep. 2026; latest preliminary data through Jul. 2026.,Gasoline; Jet Fuel; Gas Oil (diesel proxy).,"kl (= m³) × 6.28981077 bbl/m³ ÷ days in month ÷ 1,000,000.",Domestic sales are not identical to final end-use consumption; July values are preliminary.,4286468.000000000,0.869712019,0.011062154,357484.000000000,0.072532475,-0.010185638,2537364.000000000,0.514823852,-0.013297066,-0.012420550
Japan,2024-09-01,Domestic sales by petroleum manufacturers and importers,kl,"Agency for Natural Resources and Energy, METI",https://www.meti.go.jp/english/statistics/tyo/sekiyuso/index.html,METI series accessed 2 Sep. 2026; latest preliminary data through Jul. 2026.,Gasoline; Jet Fuel; Gas Oil (diesel proxy).,"kl (= m³) × 6.28981077 bbl/m³ ÷ days in month ÷ 1,000,000.",Domestic sales are not identical to final end-use consumption; July values are preliminary.,3723707.000000000,0.780713746,-0.008732564,357167.000000000,0.074883761,-0.004775644,2636032.000000000,0.552671415,-0.012837294,-0.026345501
Japan,2024-10-01,Domestic sales by petroleum manufacturers and importers,kl,"Agency for Natural Resources and Energy, METI",https://www.meti.go.jp/english/statistics/tyo/sekiyuso/index.html,METI series accessed 2 Sep. 2026; latest preliminary data through Jul. 2026.,Gasoline; Jet Fuel; Gas Oil (diesel proxy).,"kl (= m³) × 6.28981077 bbl/m³ ÷ days in month ÷ 1,000,000.",Domestic sales are not identical to final end-use consumption; July values are preliminary.,3628398.000000000,0.736191510,-0.014018162,351764.000000000,0.071371903,-0.004993704,2648989.000000000,0.537472243,-0.003834147,-0.022846013
Japan,2024-11-01,Domestic sales by petroleum manufacturers and importers,kl,"Agency for Natural Resources and Energy, METI",https://www.meti.go.jp/english/statistics/tyo/sekiyuso/index.html,METI series accessed 2 Sep. 2026; latest preliminary data through Jul. 2026.,Gasoline; Jet Fuel; Gas Oil (diesel proxy).,"kl (= m³) × 6.28981077 bbl/m³ ÷ days in month ÷ 1,000,000.",Domestic sales are not identical to final end-use consumption; July values are preliminary.,3557863.000000000,0.745942834,0.005674248,340602.000000000,0.071410738,-0.001235738,2650462.000000000,0.555696814,0.002701054,0.007139564
Japan,2024-12-01,Domestic sales by petroleum manufacturers and importers,kl,"Agency for Natural Resources and Energy, METI",https://www.meti.go.jp/english/statistics/tyo/sekiyuso/index.html,METI series accessed 2 Sep. 2026; latest preliminary data through Jul. 2026.,Gasoline; Jet Fuel; Gas Oil (diesel proxy).,"kl (= m³) × 6.28981077 bbl/m³ ÷ days in month ÷ 1,000,000.",Domestic sales are not identical to final end-use consumption; July values are preliminary.,3815932.000000000,0.774241619,-0.028402756,345420.000000000,0.070084724,-0.008897850,2650593.000000000,0.537797690,-0.028663479,-0.065964086
Japan,2025-01-01,Domestic sales by petroleum manufacturers and importers,kl,"Agency for Natural Resources and Energy, METI",https://www.meti.go.jp/english/statistics/tyo/sekiyuso/index.html,METI series accessed 2 Sep. 2026; latest preliminary data through Jul. 2026.,Gasoline; Jet Fuel; Gas Oil (diesel proxy).,"kl (= m³) × 6.28981077 bbl/m³ ÷ days in month ÷ 1,000,000.",Domestic sales are not identical to final end-use consumption; July values are preliminary.,3351719.000000000,0.680054138,-0.011412963,361667.000000000,0.073381193,-0.005048689,2334998.000000000,0.473764373,-0.001175383,-0.017637035
Japan,2025-02-01,Domestic sales by petroleum manufacturers and importers,kl,"Agency for Natural Resources and Energy, METI",https://www.meti.go.jp/english/statistics/tyo/sekiyuso/index.html,METI series accessed 2 Sep. 2026; latest preliminary data through Jul. 2026.,Gasoline; Jet Fuel; Gas Oil (diesel proxy).,"kl (= m³) × 6.28981077 bbl/m³ ÷ days in month ÷ 1,000,000.",Domestic sales are not identical to final end-use consumption; July values are preliminary.,3261295.000000000,0.732604586,0.011979882,318110.000000000,0.071458989,-0.004512815,2424252.000000000,0.544574512,0.007439855,0.014906921
Japan,2025-03-01,Domestic sales by petroleum manufacturers and importers,kl,"Agency for Natural Resources and Energy, METI",https://www.meti.go.jp/english/statistics/tyo/sekiyuso/index.html,METI series accessed 2 Sep. 2026; latest preliminary data through Jul. 2026.,Gasoline; Jet Fuel; Gas Oil (diesel proxy).,"kl (= m³) × 6.28981077 bbl/m³ ÷ days in month ÷ 1,000,000.",Domestic sales are not identical to final end-use consumption; July values are preliminary.,3587699.000000000,0.727933800,-0.014181697,341855.000000000,0.069361396,-0.004072145,2606885.000000000,0.528929463,-0.006565954,-0.024819796
Japan,2025-04-01,Domestic sales by petroleum manufacturers and importers,kl,"Agency for Natural Resources and Energy, METI",https://www.meti.go.jp/english/statistics/tyo/sekiyuso/index.html,METI series accessed 2 Sep. 2026; latest preliminary data through Jul. 2026.,Gasoline; Jet Fuel; Gas Oil (diesel proxy).,"kl (= m³) × 6.28981077 bbl/m³ ÷ days in month ÷ 1,000,000.",Domestic sales are not identical to final end-use consumption; July values are preliminary.,3397466.000000000,0.712313941,-0.015144187,328585.000000000,0.068891249,-0.006808510,2514447.000000000,0.527179861,0.003106118,-0.018846579
Japan,2025-05-01,Domestic sales by petroleum manufacturers and importers,kl,"Agency for Natural Resources and Energy, METI",https://www.meti.go.jp/english/statistics/tyo/sekiyuso/index.html,METI series accessed 2 Sep. 2026; latest preliminary data through Jul. 2026.,Gasoline; Jet Fuel; Gas Oil (diesel proxy).,"kl (= m³) × 6.28981077 bbl/m³ ÷ days in month ÷ 1,000,000.",Domestic sales are not identical to final end-use consumption; July values are preliminary.,3481977.000000000,0.706483111,-0.004295535,419912.000000000,0.085198936,0.010401115,2409914.000000000,0.488964614,-0.012265740,-0.006160160
Japan,2025-06-01,Domestic sales by petroleum manufacturers and importers,kl,"Agency for Natural Resources and Energy, METI",https://www.meti.go.jp/english/statistics/tyo/sekiyuso/index.html,METI series accessed 2 Sep. 2026; latest preliminary data through Jul. 2026.,Gasoline; Jet Fuel; Gas Oil (diesel proxy).,"kl (= m³) × 6.28981077 bbl/m³ ÷ days in month ÷ 1,000,000.",Domestic sales are not identical to final end-use consumption; July values are preliminary.,3622297.000000000,0.759452089,0.023245254,378871.000000000,0.079434230,-0.001124409,2607414.000000000,0.546671355,0.002557018,0.024677863
Japan,2025-07-01,Domestic sales by petroleum manufacturers and importers,kl,"Agency for Natural Resources and Energy, METI",https://www.meti.go.jp/english/statistics/tyo/sekiyuso/index.html,METI series accessed 2 Sep. 2026; latest preliminary data through Jul. 2026.,Gasoline; Jet Fuel; Gas Oil (diesel proxy).,"kl (= m³) × 6.28981077 bbl/m³ ÷ days in month ÷ 1,000,000.",Domestic sales are not identical to final end-use consumption; July values are preliminary.,4032270.000000000,0.818135977,0.018441319,283022.000000000,0.057424349,-0.013475818,2754234.000000000,0.558826151,0.013857265,0.018822766
Japan,2025-08-01,Domestic sales by petroleum manufacturers and importers,kl,"Agency for Natural Resources and Energy, METI",https://www.meti.go.jp/english/statistics/tyo/sekiyuso/index.html,METI series accessed 2 Sep. 2026; latest preliminary data through Jul. 2026.,Gasoline; Jet Fuel; Gas Oil (diesel proxy).,"kl (= m³) × 6.28981077 bbl/m³ ÷ days in month ÷ 1,000,000.",Domestic sales are not identical to final end-use consumption; July values are preliminary.,4163684.000000000,0.844799499,-0.024912520,371749.000000000,0.075426802,0.002894327,2473574.000000000,0.501881045,-0.012942807,-0.034961000
Japan,2025-09-01,Domestic sales by petroleum manufacturers and importers,kl,"Agency for Natural Resources and Energy, METI",https://www.meti.go.jp/english/statistics/tyo/sekiyuso/index.html,METI series accessed 2 Sep. 2026; latest preliminary data through Jul. 2026.,Gasoline; Jet Fuel; Gas Oil (diesel proxy).,"kl (= m³) × 6.28981077 bbl/m³ ÷ days in month ÷ 1,000,000.",Domestic sales are not identical to final end-use consumption; July values are preliminary.,3760902.000000000,0.788512063,0.007798317,329071.000000000,0.068993144,-0.005890617,2627493.000000000,0.550881126,-0.001790290,0.000117410
Japan,2025-10-01,Domestic sales by petroleum manufacturers and importers,kl,"Agency for Natural Resources and Energy, METI",https://www.meti.go.jp/english/statistics/tyo/sekiyuso/index.html,METI series accessed 2 Sep. 2026; latest preliminary data through Jul. 2026.,Gasoline; Jet Fuel; Gas Oil (diesel proxy).,"kl (= m³) × 6.28981077 bbl/m³ ÷ days in month ÷ 1,000,000.",Domestic sales are not identical to final end-use consumption; July values are preliminary.,3564393.000000000,0.723205080,-0.012986430,332361.000000000,0.067435090,-0.003936813,2661825.000000000,0.540076631,0.002604387,-0.014318856
Japan,2025-11-01,Domestic sales by petroleum manufacturers and importers,kl,"Agency for Natural Resources and Energy, METI",https://www.meti.go.jp/english/statistics/tyo/sekiyuso/index.html,METI series accessed 2 Sep. 2026; latest preliminary data through Jul. 2026.,Gasoline; Jet Fuel; Gas Oil (diesel proxy).,"kl (= m³) × 6.28981077 bbl/m³ ÷ days in month ÷ 1,000,000.",Domestic sales are not identical to final end-use consumption; July values are preliminary.,3443787.000000000,0.722025619,-0.023917215,362469.000000000,0.075995381,0.004584643,2455307.000000000,0.514780547,-0.040916267,-0.060248839
Japan,2025-12-01,Domestic sales by petroleum manufacturers and importers,kl,"Agency for Natural Resources and Energy, METI",https://www.meti.go.jp/english/statistics/tyo/sekiyuso/index.html,METI series accessed 2 Sep. 2026; latest preliminary data through Jul. 2026.,Gasoline; Jet Fuel; Gas Oil (diesel proxy).,"kl (= m³) × 6.28981077 bbl/m³ ÷ days in month ÷ 1,000,000.",Domestic sales are not identical to final end-use consumption; July values are preliminary.,3909055.000000000,0.793136008,0.018894389,340829.000000000,0.069153223,-0.000931501,2735663.000000000,0.555058148,0.017260458,0.035223346
Japan,2026-01-01,Domestic sales by petroleum manufacturers and importers,kl,"Agency for Natural Resources and Energy, METI",https://www.meti.go.jp/english/statistics/tyo/sekiyuso/index.html,METI series accessed 2 Sep. 2026; latest preliminary data through Jul. 2026.,Gasoline; Jet Fuel; Gas Oil (diesel proxy).,"kl (= m³) × 6.28981077 bbl/m³ ÷ days in month ÷ 1,000,000.",Domestic sales are not identical to final end-use consumption; July values are preliminary.,3450155.000000000,0.700026519,0.019972381,400183.000000000,0.081195979,0.007814786,2450317.000000000,0.497162266,0.023397893,0.051185060
Japan,2026-02-01,Domestic sales by petroleum manufacturers and importers,kl,"Agency for Natural Resources and Energy, METI",https://www.meti.go.jp/english/statistics/tyo/sekiyuso/index.html,METI series accessed 2 Sep. 2026; latest preliminary data through Jul. 2026.,Gasoline; Jet Fuel; Gas Oil (diesel proxy).,"kl (= m³) × 6.28981077 bbl/m³ ÷ days in month ÷ 1,000,000.",Domestic sales are not identical to final end-use consumption; July values are preliminary.,3182132.000000000,0.714821719,-0.017782867,332971.000000000,0.074797306,0.003338317,2420289.000000000,0.543684279,-0.000890233,-0.015334783
Japan,2026-03-01,Domestic sales by petroleum manufacturers and importers,kl,"Agency for Natural Resources and Energy, METI",https://www.meti.go.jp/english/statistics/tyo/sekiyuso/index.html,METI series accessed 2 Sep. 2026; latest preliminary data through Jul. 2026.,Gasoline; Jet Fuel; Gas Oil (diesel proxy).,"kl (= m³) × 6.28981077 bbl/m³ ÷ days in month ÷ 1,000,000.",Domestic sales are not identical to final end-use consumption; July values are preliminary.,3601042.000000000,0.730641057,0.002707256,341432.000000000,0.069275570,-0.000085825,2649247.000000000,0.537524591,0.008595128,0.011216559
Japan,2026-04-01,Domestic sales by petroleum manufacturers and importers,kl,"Agency for Natural Resources and Energy, METI",https://www.meti.go.jp/english/statistics/tyo/sekiyuso/index.html,METI series accessed 2 Sep. 2026; latest preliminary data through Jul. 2026.,Gasoline; Jet Fuel; Gas Oil (diesel proxy).,"kl (= m³) × 6.28981077 bbl/m³ ÷ days in month ÷ 1,000,000.",Domestic sales are not identical to final end-use consumption; July values are preliminary.,3309523.000000000,0.693875780,-0.018438161,331200.000000000,0.069439511,0.000548262,2518540.000000000,0.528038001,0.000858140,-0.017031759
Japan,2026-05-01,Domestic sales by petroleum manufacturers and importers,kl,"Agency for Natural Resources and Energy, METI",https://www.meti.go.jp/english/statistics/tyo/sekiyuso/index.html,METI series accessed 2 Sep. 2026; latest preliminary data through Jul. 2026.,Gasoline; Jet Fuel; Gas Oil (diesel proxy).,"kl (= m³) × 6.28981077 bbl/m³ ÷ days in month ÷ 1,000,000.",Domestic sales are not identical to final end-use consumption; July values are preliminary.,3442155.000000000,0.698403342,-0.008079769,420932.000000000,0.085405891,0.000206955,2367165.000000000,0.480290965,-0.008673649,-0.016546463
Japan,2026-06-01,Domestic sales by petroleum manufacturers and importers,kl,"Agency for Natural Resources and Energy, METI",https://www.meti.go.jp/english/statistics/tyo/sekiyuso/index.html,METI series accessed 2 Sep. 2026; latest preliminary data through Jul. 2026.,Gasoline; Jet Fuel; Gas Oil (diesel proxy).,"kl (= m³) × 6.28981077 bbl/m³ ÷ days in month ÷ 1,000,000.",Domestic sales are not identical to final end-use consumption; July values are preliminary.,3365999.000000000,0.705716559,-0.053735531,392186.000000000,0.082225858,0.002791628,2464915.000000000,0.516794964,-0.029876391,-0.080820295
Japan,2026-07-01,Domestic sales by petroleum manufacturers and importers,kl,"Agency for Natural Resources and Energy, METI",https://www.meti.go.jp/english/statistics/tyo/sekiyuso/index.html,METI series accessed 2 Sep. 2026; latest preliminary data through Jul. 2026.,Gasoline; Jet Fuel; Gas Oil (diesel proxy).,"kl (= m³) × 6.28981077 bbl/m³ ÷ days in month ÷ 1,000,000.",Domestic sales are not identical to final end-use consumption; July values are preliminary.,3899681.000000000,0.791234050,-0.026901926,452543.000000000,0.091819672,0.034395323,2687282.000000000,0.545241783,-0.013584368,-0.006090972
Mexico,2021-07-01,Internal sales volumes,m3,Petróleos Mexicanos (PEMEX),https://ebdi.pemex.com/bdi/bdiController.do?action=cuadro&cvecua=RVOLVIN,PEMEX institutional database accessed 2 Sep. 2026; data through Jul. 2026.,Gasolinas; Turbosina; Diesel.,"m³ × 6.28981077 bbl/m³ ÷ days in month ÷ 1,000,000.","Live official database values can be revised, extended, or reclassified.",2839721.962000000,0.576171412,0.018460009,342006.889000000,0.069392213,0.039983933,970675.424000000,0.196947250,-0.011762174,0.046681768
Mexico,2021-08-01,Internal sales volumes,m3,Petróleos Mexicanos (PEMEX),https://ebdi.pemex.com/bdi/bdiController.do?action=cuadro&cvecua=RVOLVIN,PEMEX institutional database accessed 2 Sep. 2026; data through Jul. 2026.,Gasolinas; Turbosina; Diesel.,"m³ × 6.28981077 bbl/m³ ÷ days in month ÷ 1,000,000.","Live official database values can be revised, extended, or reclassified.",2709789.680000000,0.549808526,-0.002439633,335174.070000000,0.068005854,0.040979576,953610.057000000,0.193484736,-0.001688029,0.036851913
Mexico,2021-09-01,Internal sales volumes,m3,Petróleos Mexicanos (PEMEX),https://ebdi.pemex.com/bdi/bdiController.do?action=cuadro&cvecua=RVOLVIN,PEMEX institutional database accessed 2 Sep. 2026; data through Jul. 2026.,Gasolinas; Turbosina; Diesel.,"m³ × 6.28981077 bbl/m³ ÷ days in month ÷ 1,000,000.","Live official database values can be revised, extended, or reclassified.",2634494.963000000,0.552349160,-0.008233807,277324.806000000,0.058144018,0.026038882,901252.432000000,0.188956908,-0.007071677,0.010733398
Mexico,2021-10-01,Internal sales volumes,m3,Petróleos Mexicanos (PEMEX),https://ebdi.pemex.com/bdi/bdiController.do?action=cuadro&cvecua=RVOLVIN,PEMEX institutional database accessed 2 Sep. 2026; data through Jul. 2026.,Gasolinas; Turbosina; Diesel.,"m³ × 6.28981077 bbl/m³ ÷ days in month ÷ 1,000,000.","Live official database values can be revised, extended, or reclassified.",2824290.498000000,0.573040413,-0.005590280,335250.241000000,0.068021309,0.036771118,1000873.990000000,0.203074452,-0.013474925,0.017705913
Mexico,2021-11-01,Internal sales volumes,m3,Petróleos Mexicanos (PEMEX),https://ebdi.pemex.com/bdi/bdiController.do?action=cuadro&cvecua=RVOLVIN,PEMEX institutional database accessed 2 Sep. 2026; data through Jul. 2026.,Gasolinas; Turbosina; Diesel.,"m³ × 6.28981077 bbl/m³ ÷ days in month ÷ 1,000,000.","Live official database values can be revised, extended, or reclassified.",3014621.809000000,0.632046691,0.072358909,389902.158000000,0.081747026,0.042982210,1095019.909000000,0.229582267,0.020269593,0.135610711
Mexico,2021-12-01,Internal sales volumes,m3,Petróleos Mexicanos (PEMEX),https://ebdi.pemex.com/bdi/bdiController.do?action=cuadro&cvecua=RVOLVIN,PEMEX institutional database accessed 2 Sep. 2026; data through Jul. 2026.,Gasolinas; Turbosina; Diesel.,"m³ × 6.28981077 bbl/m³ ÷ days in month ÷ 1,000,000.","Live official database values can be revised, extended, or reclassified.",3377275.813000000,0.685239541,0.077693181,432836.231000000,0.087821225,0.038454875,1104124.947000000,0.224023774,0.015485210,0.131633265
Mexico,2022-01-01,Internal sales volumes,m3,Petróleos Mexicanos (PEMEX),https://ebdi.pemex.com/bdi/bdiController.do?action=cuadro&cvecua=RVOLVIN,PEMEX institutional database accessed 2 Sep. 2026; data through Jul. 2026.,Gasolinas; Turbosina; Diesel.,"m³ × 6.28981077 bbl/m³ ÷ days in month ÷ 1,000,000.","Live official database values can be revised, extended, or reclassified.",2787404.694000000,0.565556389,0.058870843,414974.669000000,0.084197166,0.036573897,953427.856000000,0.193447768,0.015643012,0.111087752
Mexico,2022-02-01,Internal sales volumes,m3,Petróleos Mexicanos (PEMEX),https://ebdi.pemex.com/bdi/bdiController.do?action=cuadro&cvecua=RVOLVIN,PEMEX institutional database accessed 2 Sep. 2026; data through Jul. 2026.,Gasolinas; Turbosina; Diesel.,"m³ × 6.28981077 bbl/m³ ÷ days in month ÷ 1,000,000.","Live official database values can be revised, extended, or reclassified.",2704780.773000000,0.607591401,0.085615796,359785.777000000,0.080820873,0.039358177,1005424.283000000,0.225854589,0.035893813,0.160867786
Mexico,2022-03-01,Internal sales volumes,m3,Petróleos Mexicanos (PEMEX),https://ebdi.pemex.com/bdi/bdiController.do?action=cuadro&cvecua=RVOLVIN,PEMEX institutional database accessed 2 Sep. 2026; data through Jul. 2026.,Gasolinas; Turbosina; Diesel.,"m³ × 6.28981077 bbl/m³ ÷ days in month ÷ 1,000,000.","Live official database values can be revised, extended, or reclassified.",3419187.108000000,0.693743222,0.104358506,421504.754000000,0.085522101,0.039022821,1482463.869000000,0.300787652,0.068072696,0.211454023
Mexico,2022-04-01,Internal sales volumes,m3,Petróleos Mexicanos (PEMEX),https://ebdi.pemex.com/bdi/bdiController.do?action=cuadro&cvecua=RVOLVIN,PEMEX institutional database accessed 2 Sep. 2026; data through Jul. 2026.,Gasolinas; Turbosina; Diesel.,"m³ × 6.28981077 bbl/m³ ÷ days in month ÷ 1,000,000.","Live official database values can be revised, extended, or reclassified.",3339925.343000000,0.700249946,0.133601937,440234.479000000,0.092299719,0.037965658,1539198.037000000,0.322708813,0.104405571,0.275973165
Mexico,2022-05-01,Internal sales volumes,m3,Petróleos Mexicanos (PEMEX),https://ebdi.pemex.com/bdi/bdiController.do?action=cuadro&cvecua=RVOLVIN,PEMEX institutional database accessed 2 Sep. 2026; data through Jul. 2026.,Gasolinas; Turbosina; Diesel.,"m³ × 6.28981077 bbl/m³ ÷ days in month ÷ 1,000,000.","Live official database values can be revised, extended, or reclassified.",3496019.766000000,0.709332348,0.139136993,427339.566000000,0.086705968,0.028157488,1683817.941000000,0.341641814,0.131488492,0.298782973
Mexico,2022-06-01,Internal sales volumes,m3,Petróleos Mexicanos (PEMEX),https://ebdi.pemex.com/bdi/bdiController.do?action=cuadro&cvecua=RVOLVIN,PEMEX institutional database accessed 2 Sep. 2026; data through Jul. 2026.,Gasolinas; Turbosina; Diesel.,"m³ × 6.28981077 bbl/m³ ÷ days in month ÷ 1,000,000.","Live official database values can be revised, extended, or reclassified.",3440536.548000000,0.721344128,0.145286860,419220.239000000,0.087893866,0.027296271,1678142.521000000,0.351839963,0.145327475,0.317910607
Mexico,2022-07-01,Internal sales volumes,m3,Petróleos Mexicanos (PEMEX),https://ebdi.pemex.com/bdi/bdiController.do?action=cuadro&cvecua=RVOLVIN,PEMEX institutional database accessed 2 Sep. 2026; data through Jul. 2026.,Gasolinas; Turbosina; Diesel.,"m³ × 6.28981077 bbl/m³ ÷ days in month ÷ 1,000,000.","Live official database values can be revised, extended, or reclassified.",3454041.694000000,0.700815118,0.124643705,438169.402000000,0.088903310,0.019511097,1676466.517000000,0.340150231,0.143202981,0.287357784
Mexico,2022-08-01,Internal sales volumes,m3,Petróleos Mexicanos (PEMEX),https://ebdi.pemex.com/bdi/bdiController.do?action=cuadro&cvecua=RVOLVIN,PEMEX institutional database accessed 2 Sep. 2026; data through Jul. 2026.,Gasolinas; Turbosina; Diesel.,"m³ × 6.28981077 bbl/m³ ÷ days in month ÷ 1,000,000.","Live official database values can be revised, extended, or reclassified.",3356002.776000000,0.680923303,0.131114777,441866.828000000,0.089653508,0.021647653,1581865.815000000,0.320956021,0.127471285,0.280233716
Mexico,2022-09-01,Internal sales volumes,m3,Petróleos Mexicanos (PEMEX),https://ebdi.pemex.com/bdi/bdiController.do?action=cuadro&cvecua=RVOLVIN,PEMEX institutional database accessed 2 Sep. 2026; data through Jul. 2026.,Gasolinas; Turbosina; Diesel.,"m³ × 6.28981077 bbl/m³ ÷ days in month ÷ 1,000,000.","Live official database values can be revised, extended, or reclassified.",3221160.776000000,0.675349725,0.123000565,387103.278000000,0.081160212,0.023016194,1501187.963000000,0.314739607,0.125782699,0.271799458
Mexico,2022-10-01,Internal sales volumes,m3,Petróleos Mexicanos (PEMEX),https://ebdi.pemex.com/bdi/bdiController.do?action=cuadro&cvecua=RVOLVIN,PEMEX institutional database accessed 2 Sep. 2026; data through Jul. 2026.,Gasolinas; Turbosina; Diesel.,"m³ × 6.28981077 bbl/m³ ÷ days in month ÷ 1,000,000.","Live official database values can be revised, extended, or reclassified.",3193831.973000000,0.648019314,0.074978902,413356.944000000,0.083868934,0.015847625,1575290.738000000,0.319621956,0.116547505,0.207374032
Mexico,2022-11-01,Internal sales volumes,m3,Petróleos Mexicanos (PEMEX),https://ebdi.pemex.com/bdi/bdiController.do?action=cuadro&cvecua=RVOLVIN,PEMEX institutional database accessed 2 Sep. 2026; data through Jul. 2026.,Gasolinas; Turbosina; Diesel.,"m³ × 6.28981077 bbl/m³ ÷ days in month ÷ 1,000,000.","Live official database values can be revised, extended, or reclassified.",3205519.646000000,0.672070400,0.040023709,437798.744000000,0.091789042,0.010042015,1505111.156000000,0.315562145,0.085979878,0.136045603
Mexico,2022-12-01,Internal sales volumes,m3,Petróleos Mexicanos (PEMEX),https://ebdi.pemex.com/bdi/bdiController.do?action=cuadro&cvecua=RVOLVIN,PEMEX institutional database accessed 2 Sep. 2026; data through Jul. 2026.,Gasolinas; Turbosina; Diesel.,"m³ × 6.28981077 bbl/m³ ÷ days in month ÷ 1,000,000.","Live official database values can be revised, extended, or reclassified.",3316367.557000000,0.672881432,-0.012358110,482478.120000000,0.097893422,0.010072196,1470952.476000000,0.298452023,0.074428250,0.072142336
Mexico,2023-01-01,Internal sales volumes,m3,Petróleos Mexicanos (PEMEX),https://ebdi.pemex.com/bdi/bdiController.do?action=cuadro&cvecua=RVOLVIN,PEMEX institutional database accessed 2 Sep. 2026; data through Jul. 2026.,Gasolinas; Turbosina; Diesel.,"m³ × 6.28981077 bbl/m³ ÷ days in month ÷ 1,000,000.","Live official database values can be revised, extended, or reclassified.",3081089.232000000,0.625144137,0.059587747,466126.400000000,0.094575705,0.010378539,1351311.543000000,0.274177222,0.080729455,0.150695741
Mexico,2023-02-01,Internal sales volumes,m3,Petróleos Mexicanos (PEMEX),https://ebdi.pemex.com/bdi/bdiController.do?action=cuadro&cvecua=RVOLVIN,PEMEX institutional database accessed 2 Sep. 2026; data through Jul. 2026.,Gasolinas; Turbosina; Diesel.,"m³ × 6.28981077 bbl/m³ ÷ days in month ÷ 1,000,000.","Live official database values can be revised, extended, or reclassified.",2855648.247000000,0.641481682,0.033890281,410427.038000000,0.092196729,0.011375855,1286919.921000000,0.289088671,0.063234082,0.108500218
Mexico,2023-03-01,Internal sales volumes,m3,Petróleos Mexicanos (PEMEX),https://ebdi.pemex.com/bdi/bdiController.do?action=cuadro&cvecua=RVOLVIN,PEMEX institutional database accessed 2 Sep. 2026; data through Jul. 2026.,Gasolinas; Turbosina; Diesel.,"m³ × 6.28981077 bbl/m³ ÷ days in month ÷ 1,000,000.","Live official database values can be revised, extended, or reclassified.",3188096.052000000,0.646855512,-0.046887710,464221.524000000,0.094189211,0.008667110,1426303.341000000,0.289392842,-0.011394809,-0.049615410
Mexico,2023-04-01,Internal sales volumes,m3,Petróleos Mexicanos (PEMEX),https://ebdi.pemex.com/bdi/bdiController.do?action=cuadro&cvecua=RVOLVIN,PEMEX institutional database accessed 2 Sep. 2026; data through Jul. 2026.,Gasolinas; Turbosina; Diesel.,"m³ × 6.28981077 bbl/m³ ÷ days in month ÷ 1,000,000.","Live official database values can be revised, extended, or reclassified.",2958737.652000000,0.620329998,-0.079919948,432331.336000000,0.090642743,-0.001656976,1276995.392000000,0.267735312,-0.054973501,-0.136550425
Mexico,2023-05-01,Internal sales volumes,m3,Petróleos Mexicanos (PEMEX),https://ebdi.pemex.com/bdi/bdiController.do?action=cuadro&cvecua=RVOLVIN,PEMEX institutional database accessed 2 Sep. 2026; data through Jul. 2026.,Gasolinas; Turbosina; Diesel.,"m³ × 6.28981077 bbl/m³ ÷ days in month ÷ 1,000,000.","Live official database values can be revised, extended, or reclassified.",3177851.410000000,0.644776904,-0.064555444,418192.543000000,0.084850063,-0.001855905,1340761.967000000,0.272036744,-0.069605070,-0.136016418
Mexico,2023-06-01,Internal sales volumes,m3,Petróleos Mexicanos (PEMEX),https://ebdi.pemex.com/bdi/bdiController.do?action=cuadro&cvecua=RVOLVIN,PEMEX institutional database accessed 2 Sep. 2026; data through Jul. 2026.,Gasolinas; Turbosina; Diesel.,"m³ × 6.28981077 bbl/m³ ÷ days in month ÷ 1,000,000.","Live official database values can be revised, extended, or reclassified.",3183819.534000000,0.667520746,-0.053823381,418425.480000000,0.087727236,-0.000166629,1416249.988000000,0.296931481,-0.054908482,-0.108898493
Mexico,2023-07-01,Internal sales volumes,m3,Petróleos Mexicanos (PEMEX),https://ebdi.pemex.com/bdi/bdiController.do?action=cuadro&cvecua=RVOLVIN,PEMEX institutional database accessed 2 Sep. 2026; data through Jul. 2026.,Gasolinas; Turbosina; Diesel.,"m³ × 6.28981077 bbl/m³ ÷ days in month ÷ 1,000,000.","Live official database values can be revised, extended, or reclassified.",3243863.152000000,0.658170496,-0.042644621,457993.757000000,0.092925615,0.004022305,1456374.515000000,0.295494197,-0.044656034,-0.083278350
Mexico,2023-08-01,Internal sales volumes,m3,Petróleos Mexicanos (PEMEX),https://ebdi.pemex.com/bdi/bdiController.do?action=cuadro&cvecua=RVOLVIN,PEMEX institutional database accessed 2 Sep. 2026; data through Jul. 2026.,Gasolinas; Turbosina; Diesel.,"m³ × 6.28981077 bbl/m³ ÷ days in month ÷ 1,000,000.","Live official database values can be revised, extended, or reclassified.",3299732.803000000,0.669506288,-0.011417016,446043.350000000,0.090500912,0.000847404,1542827.381000000,0.313035235,-0.007920786,-0.018490397
Mexico,2023-09-01,Internal sales volumes,m3,Petróleos Mexicanos (PEMEX),https://ebdi.pemex.com/bdi/bdiController.do?action=cuadro&cvecua=RVOLVIN,PEMEX institutional database accessed 2 Sep. 2026; data through Jul. 2026.,Gasolinas; Turbosina; Diesel.,"m³ × 6.28981077 bbl/m³ ÷ days in month ÷ 1,000,000.","Live official database values can be revised, extended, or reclassified.",3149355.277000000,0.660294958,-0.015054767,387243.551000000,0.081189622,0.000029410,1409515.799000000,0.295519588,-0.019220019,-0.034245376
Mexico,2023-10-01,Internal sales volumes,m3,Petróleos Mexicanos (PEMEX),https://ebdi.pemex.com/bdi/bdiController.do?action=cuadro&cvecua=RVOLVIN,PEMEX institutional database accessed 2 Sep. 2026; data through Jul. 2026.,Gasolinas; Turbosina; Diesel.,"m³ × 6.28981077 bbl/m³ ÷ days in month ÷ 1,000,000.","Live official database values can be revised, extended, or reclassified.",3205675.162000000,0.650422263,0.002402949,411684.749000000,0.083529651,-0.000339284,1430817.767000000,0.290308806,-0.029313150,-0.027249485
Mexico,2023-11-01,Internal sales volumes,m3,Petróleos Mexicanos (PEMEX),https://ebdi.pemex.com/bdi/bdiController.do?action=cuadro&cvecua=RVOLVIN,PEMEX institutional database accessed 2 Sep. 2026; data through Jul. 2026.,Gasolinas; Turbosina; Diesel.,"m³ × 6.28981077 bbl/m³ ÷ days in month ÷ 1,000,000.","Live official database values can be revised, extended, or reclassified.",3190076.938000000,0.668832676,-0.003237724,445737.727000000,0.093453532,0.001664490,1372412.597000000,0.287740518,-0.027821628,-0.029394861
Mexico,2023-12-01,Internal sales volumes,m3,Petróleos Mexicanos (PEMEX),https://ebdi.pemex.com/bdi/bdiController.do?action=cuadro&cvecua=RVOLVIN,PEMEX institutional database accessed 2 Sep. 2026; data through Jul. 2026.,Gasolinas; Turbosina; Diesel.,"m³ × 6.28981077 bbl/m³ ÷ days in month ÷ 1,000,000.","Live official database values can be revised, extended, or reclassified.",3388056.386000000,0.687426889,0.014545457,495047.236000000,0.100443659,0.002550237,1335161.123000000,0.270900349,-0.027551675,-0.010455980
Mexico,2024-01-01,Internal sales volumes,m3,Petróleos Mexicanos (PEMEX),https://ebdi.pemex.com/bdi/bdiController.do?action=cuadro&cvecua=RVOLVIN,PEMEX institutional database accessed 2 Sep. 2026; data through Jul. 2026.,Gasolinas; Turbosina; Diesel.,"m³ × 6.28981077 bbl/m³ ÷ days in month ÷ 1,000,000.","Live official database values can be revised, extended, or reclassified.",3111153.599000000,0.631244110,0.006099974,500455.986000000,0.101541079,0.006965374,1225507.342000000,0.248651912,-0.025525310,-0.012459963
Mexico,2024-02-01,Internal sales volumes,m3,Petróleos Mexicanos (PEMEX),https://ebdi.pemex.com/bdi/bdiController.do?action=cuadro&cvecua=RVOLVIN,PEMEX institutional database accessed 2 Sep. 2026; data through Jul. 2026.,Gasolinas; Turbosina; Diesel.,"m³ × 6.28981077 bbl/m³ ÷ days in month ÷ 1,000,000.","Live official database values can be revised, extended, or reclassified.",3014148.088000000,0.653738659,0.012256977,443796.201000000,0.096254970,0.004058241,1286388.989000000,0.279004942,-0.010083729,0.006231489
Mexico,2024-03-01,Internal sales volumes,m3,Petróleos Mexicanos (PEMEX),https://ebdi.pemex.com/bdi/bdiController.do?action=cuadro&cvecua=RVOLVIN,PEMEX institutional database accessed 2 Sep. 2026; data through Jul. 2026.,Gasolinas; Turbosina; Diesel.,"m³ × 6.28981077 bbl/m³ ÷ days in month ÷ 1,000,000.","Live official database values can be revised, extended, or reclassified.",3255525.335000000,0.660536720,0.013681207,468758.806000000,0.095109812,0.000920601,1434272.131000000,0.291009687,0.001616845,0.016218653
Mexico,2024-04-01,Internal sales volumes,m3,Petróleos Mexicanos (PEMEX),https://ebdi.pemex.com/bdi/bdiController.do?action=cuadro&cvecua=RVOLVIN,PEMEX institutional database accessed 2 Sep. 2026; data through Jul. 2026.,Gasolinas; Turbosina; Diesel.,"m³ × 6.28981077 bbl/m³ ÷ days in month ÷ 1,000,000.","Live official database values can be revised, extended, or reclassified.",3195959.274000000,0.670065969,0.049735970,446823.303000000,0.093681134,0.003038391,1514186.198000000,0.317464822,0.049729510,0.102503871
Mexico,2024-05-01,Internal sales volumes,m3,Petróleos Mexicanos (PEMEX),https://ebdi.pemex.com/bdi/bdiController.do?action=cuadro&cvecua=RVOLVIN,PEMEX institutional database accessed 2 Sep. 2026; data through Jul. 2026.,Gasolinas; Turbosina; Diesel.,"m³ × 6.28981077 bbl/m³ ÷ days in month ÷ 1,000,000.","Live official database values can be revised, extended, or reclassified.",3434170.984000000,0.696783408,0.052006504,445243.717000000,0.090338669,0.005488605,1581100.355000000,0.320800711,0.048763967,0.106259076
Mexico,2024-06-01,Internal sales volumes,m3,Petróleos Mexicanos (PEMEX),https://ebdi.pemex.com/bdi/bdiController.do?action=cuadro&cvecua=RVOLVIN,PEMEX institutional database accessed 2 Sep. 2026; data through Jul. 2026.,Gasolinas; Turbosina; Diesel.,"m³ × 6.28981077 bbl/m³ ÷ days in month ÷ 1,000,000.","Live official database values can be revised, extended, or reclassified.",3200397.388000000,0.670996465,0.003475719,432763.465000000,0.090733343,0.003006107,1539567.956000000,0.322786370,0.025854889,0.032336715
Mexico,2024-07-01,Internal sales volumes,m3,Petróleos Mexicanos (PEMEX),https://ebdi.pemex.com/bdi/bdiController.do?action=cuadro&cvecua=RVOLVIN,PEMEX institutional database accessed 2 Sep. 2026; data through Jul. 2026.,Gasolinas; Turbosina; Diesel.,"m³ × 6.28981077 bbl/m³ ÷ days in month ÷ 1,000,000.","Live official database values can be revised, extended, or reclassified.",3397068.215000000,0.689255363,0.031084866,455437.523000000,0.092406962,-0.000518653,1549470.850000000,0.314383175,0.018888978,0.049455192
Mexico,2024-08-01,Internal sales volumes,m3,Petróleos Mexicanos (PEMEX),https://ebdi.pemex.com/bdi/bdiController.do?action=cuadro&cvecua=RVOLVIN,PEMEX institutional database accessed 2 Sep. 2026; data through Jul. 2026.,Gasolinas; Turbosina; Diesel.,"m³ × 6.28981077 bbl/m³ ÷ days in month ÷ 1,000,000.","Live official database values can be revised, extended, or reclassified.",3392010.560000000,0.688229179,0.018722891,443917.105000000,0.090069503,-0.000431409,1549345.760000000,0.314357795,0.001322560,0.019614043
Mexico,2024-09-01,Internal sales volumes,m3,Petróleos Mexicanos (PEMEX),https://ebdi.pemex.com/bdi/bdiController.do?action=cuadro&cvecua=RVOLVIN,PEMEX institutional database accessed 2 Sep. 2026; data through Jul. 2026.,Gasolinas; Turbosina; Diesel.,"m³ × 6.28981077 bbl/m³ ÷ days in month ÷ 1,000,000.","Live official database values can be revised, extended, or reclassified.",3143865.326000000,0.659143933,-0.001151025,407156.955000000,0.085364673,0.004175051,1359718.125000000,0.285078990,-0.010440598,-0.007416572
Mexico,2024-10-01,Internal sales volumes,m3,Petróleos Mexicanos (PEMEX),https://ebdi.pemex.com/bdi/bdiController.do?action=cuadro&cvecua=RVOLVIN,PEMEX institutional database accessed 2 Sep. 2026; data through Jul. 2026.,Gasolinas; Turbosina; Diesel.,"m³ × 6.28981077 bbl/m³ ÷ days in month ÷ 1,000,000.","Live official database values can be revised, extended, or reclassified.",3249265.540000000,0.659266625,0.008844362,416090.343000000,0.084423533,0.000893882,1360415.511000000,0.276024391,-0.014284415,-0.004546171
Mexico,2024-11-01,Internal sales volumes,m3,Petróleos Mexicanos (PEMEX),https://ebdi.pemex.com/bdi/bdiController.do?action=cuadro&cvecua=RVOLVIN,PEMEX institutional database accessed 2 Sep. 2026; data through Jul. 2026.,Gasolinas; Turbosina; Diesel.,"m³ × 6.28981077 bbl/m³ ÷ days in month ÷ 1,000,000.","Live official database values can be revised, extended, or reclassified.",3190011.761000000,0.668819011,-0.000013665,455625.272000000,0.095526558,0.002073026,1261224.122000000,0.264428702,-0.023311816,-0.021252454
Mexico,2024-12-01,Internal sales volumes,m3,Petróleos Mexicanos (PEMEX),https://ebdi.pemex.com/bdi/bdiController.do?action=cuadro&cvecua=RVOLVIN,PEMEX institutional database accessed 2 Sep. 2026; data through Jul. 2026.,Gasolinas; Turbosina; Diesel.,"m³ × 6.28981077 bbl/m³ ÷ days in month ÷ 1,000,000.","Live official database values can be revised, extended, or reclassified.",3293189.797000000,0.668178731,-0.019248158,489289.179000000,0.099275366,-0.001168293,1165216.651000000,0.236419105,-0.034481244,-0.054897695
Mexico,2025-01-01,Internal sales volumes,m3,Petróleos Mexicanos (PEMEX),https://ebdi.pemex.com/bdi/bdiController.do?action=cuadro&cvecua=RVOLVIN,PEMEX institutional database accessed 2 Sep. 2026; data through Jul. 2026.,Gasolinas; Turbosina; Diesel.,"m³ × 6.28981077 bbl/m³ ÷ days in month ÷ 1,000,000.","Live official database values can be revised, extended, or reclassified.",3010006.481000000,0.610721651,-0.020522459,488672.262000000,0.099150195,-0.002390884,1127002.976000000,0.228665660,-0.019986252,-0.042899595
Mexico,2025-02-01,Internal sales volumes,m3,Petróleos Mexicanos (PEMEX),https://ebdi.pemex.com/bdi/bdiController.do?action=cuadro&cvecua=RVOLVIN,PEMEX institutional database accessed 2 Sep. 2026; data through Jul. 2026.,Gasolinas; Turbosina; Diesel.,"m³ × 6.28981077 bbl/m³ ÷ days in month ÷ 1,000,000.","Live official database values can be revised, extended, or reclassified.",2814955.141000000,0.632340542,-0.021398117,423183.395000000,0.095062267,-0.001192703,1136641.809000000,0.255330782,-0.023674160,-0.046264980
Mexico,2025-03-01,Internal sales volumes,m3,Petróleos Mexicanos (PEMEX),https://ebdi.pemex.com/bdi/bdiController.do?action=cuadro&cvecua=RVOLVIN,PEMEX institutional database accessed 2 Sep. 2026; data through Jul. 2026.,Gasolinas; Turbosina; Diesel.,"m³ × 6.28981077 bbl/m³ ÷ days in month ÷ 1,000,000.","Live official database values can be revised, extended, or reclassified.",3209166.076000000,0.651130560,-0.009406160,491349.116000000,0.099693321,0.004583509,1242490.629000000,0.252097772,-0.038911915,-0.043734566
Mexico,2025-04-01,Internal sales volumes,m3,Petróleos Mexicanos (PEMEX),https://ebdi.pemex.com/bdi/bdiController.do?action=cuadro&cvecua=RVOLVIN,PEMEX institutional database accessed 2 Sep. 2026; data through Jul. 2026.,Gasolinas; Turbosina; Diesel.,"m³ × 6.28981077 bbl/m³ ÷ days in month ÷ 1,000,000.","Live official database values can be revised, extended, or reclassified.",3350881.019000000,0.702546917,0.032480949,478663.589000000,0.100356780,0.006675646,1446847.811000000,0.303346631,-0.014118190,0.025038404
Mexico,2025-05-01,Internal sales volumes,m3,Petróleos Mexicanos (PEMEX),https://ebdi.pemex.com/bdi/bdiController.do?action=cuadro&cvecua=RVOLVIN,PEMEX institutional database accessed 2 Sep. 2026; data through Jul. 2026.,Gasolinas; Turbosina; Diesel.,"m³ × 6.28981077 bbl/m³ ÷ days in month ÷ 1,000,000.","Live official database values can be revised, extended, or reclassified.",3423680.451000000,0.694654909,-0.002128499,453255.802000000,0.091964298,0.001625629,1457622.483000000,0.295747406,-0.025053305,-0.025556175
Mexico,2025-06-01,Internal sales volumes,m3,Petróleos Mexicanos (PEMEX),https://ebdi.pemex.com/bdi/bdiController.do?action=cuadro&cvecua=RVOLVIN,PEMEX institutional database accessed 2 Sep. 2026; data through Jul. 2026.,Gasolinas; Turbosina; Diesel.,"m³ × 6.28981077 bbl/m³ ÷ days in month ÷ 1,000,000.","Live official database values can be revised, extended, or reclassified.",3154015.272000000,0.661271974,-0.009724491,427754.076000000,0.089683073,-0.001050270,1290189.119000000,0.270501514,-0.052284856,-0.063059618
Mexico,2025-07-01,Internal sales volumes,m3,Petróleos Mexicanos (PEMEX),https://ebdi.pemex.com/bdi/bdiController.do?action=cuadro&cvecua=RVOLVIN,PEMEX institutional database accessed 2 Sep. 2026; data through Jul. 2026.,Gasolinas; Turbosina; Diesel.,"m³ × 6.28981077 bbl/m³ ÷ days in month ÷ 1,000,000.","Live official database values can be revised, extended, or reclassified.",3265357.801000000,0.662531699,-0.026723664,478343.868000000,0.097054594,0.004647631,1356318.159000000,0.275193050,-0.039190125,-0.061266157
Mexico,2025-08-01,Internal sales volumes,m3,Petróleos Mexicanos (PEMEX),https://ebdi.pemex.com/bdi/bdiController.do?action=cuadro&cvecua=RVOLVIN,PEMEX institutional database accessed 2 Sep. 2026; data through Jul. 2026.,Gasolinas; Turbosina; Diesel.,"m³ × 6.28981077 bbl/m³ ÷ days in month ÷ 1,000,000.","Live official database values can be revised, extended, or reclassified.",3237796.157000000,0.656939521,-0.031289658,475984.688000000,0.096575923,0.006506420,1394680.600000000,0.282976679,-0.031381116,-0.056164354
Mexico,2025-09-01,Internal sales volumes,m3,Petróleos Mexicanos (PEMEX),https://ebdi.pemex.com/bdi/bdiController.do?action=cuadro&cvecua=RVOLVIN,PEMEX institutional database accessed 2 Sep. 2026; data through Jul. 2026.,Gasolinas; Turbosina; Diesel.,"m³ × 6.28981077 bbl/m³ ÷ days in month ÷ 1,000,000.","Live official database values can be revised, extended, or reclassified.",3320748.924000000,0.696229412,0.037085479,408471.509000000,0.085640283,0.000275610,1376468.384000000,0.288590856,0.003511865,0.040872954
Mexico,2025-10-01,Internal sales volumes,m3,Petróleos Mexicanos (PEMEX),https://ebdi.pemex.com/bdi/bdiController.do?action=cuadro&cvecua=RVOLVIN,PEMEX institutional database accessed 2 Sep. 2026; data through Jul. 2026.,Gasolinas; Turbosina; Diesel.,"m³ × 6.28981077 bbl/m³ ÷ days in month ÷ 1,000,000.","Live official database values can be revised, extended, or reclassified.",3403588.445000000,0.690578299,0.031311673,434861.805000000,0.088232209,0.003808676,1433460.861000000,0.290845083,0.014820691,0.049941040
Mexico,2025-11-01,Internal sales volumes,m3,Petróleos Mexicanos (PEMEX),https://ebdi.pemex.com/bdi/bdiController.do?action=cuadro&cvecua=RVOLVIN,PEMEX institutional database accessed 2 Sep. 2026; data through Jul. 2026.,Gasolinas; Turbosina; Diesel.,"m³ × 6.28981077 bbl/m³ ÷ days in month ÷ 1,000,000.","Live official database values can be revised, extended, or reclassified.",3302303.149000000,0.692362064,0.023543053,466542.184000000,0.097815402,0.002288844,1367846.344000000,0.286783156,0.022354453,0.048186350
Mexico,2025-12-01,Internal sales volumes,m3,Petróleos Mexicanos (PEMEX),https://ebdi.pemex.com/bdi/bdiController.do?action=cuadro&cvecua=RVOLVIN,PEMEX institutional database accessed 2 Sep. 2026; data through Jul. 2026.,Gasolinas; Turbosina; Diesel.,"m³ × 6.28981077 bbl/m³ ÷ days in month ÷ 1,000,000.","Live official database values can be revised, extended, or reclassified.",3618479.203000000,0.734179015,0.066000284,514297.957000000,0.104349575,0.005074209,1364886.088000000,0.276931459,0.040512354,0.111586847
Mexico,2026-01-01,Internal sales volumes,m3,Petróleos Mexicanos (PEMEX),https://ebdi.pemex.com/bdi/bdiController.do?action=cuadro&cvecua=RVOLVIN,PEMEX institutional database accessed 2 Sep. 2026; data through Jul. 2026.,Gasolinas; Turbosina; Diesel.,"m³ × 6.28981077 bbl/m³ ÷ days in month ÷ 1,000,000.","Live official database values can be revised, extended, or reclassified.",3194550.299000000,0.648165061,0.037443409,525838.848000000,0.106691189,0.007540993,1254578.007000000,0.254550266,0.025884607,0.070869009
Mexico,2026-02-01,Internal sales volumes,m3,Petróleos Mexicanos (PEMEX),https://ebdi.pemex.com/bdi/bdiController.do?action=cuadro&cvecua=RVOLVIN,PEMEX institutional database accessed 2 Sep. 2026; data through Jul. 2026.,Gasolinas; Turbosina; Diesel.,"m³ × 6.28981077 bbl/m³ ÷ days in month ÷ 1,000,000.","Live official database values can be revised, extended, or reclassified.",2905178.168000000,0.652607890,0.020267349,449778.182000000,0.101036416,0.005974149,1156305.908000000,0.259748048,0.004417266,0.030658765
Mexico,2026-03-01,Internal sales volumes,m3,Petróleos Mexicanos (PEMEX),https://ebdi.pemex.com/bdi/bdiController.do?action=cuadro&cvecua=RVOLVIN,PEMEX institutional database accessed 2 Sep. 2026; data through Jul. 2026.,Gasolinas; Turbosina; Diesel.,"m³ × 6.28981077 bbl/m³ ÷ days in month ÷ 1,000,000.","Live official database values can be revised, extended, or reclassified.",3493696.703000000,0.708861005,0.057730445,500297.271000000,0.101508876,0.001815555,1589816.389000000,0.322569169,0.070471397,0.130017397
Mexico,2026-04-01,Internal sales volumes,m3,Petróleos Mexicanos (PEMEX),https://ebdi.pemex.com/bdi/bdiController.do?action=cuadro&cvecua=RVOLVIN,PEMEX institutional database accessed 2 Sep. 2026; data through Jul. 2026.,Gasolinas; Turbosina; Diesel.,"m³ × 6.28981077 bbl/m³ ÷ days in month ÷ 1,000,000.","Live official database values can be revised, extended, or reclassified.",3524598.382000000,0.738968562,0.036421645,458441.191000000,0.096116945,-0.004239835,1548830.777000000,0.324728417,0.021381785,0.053563595
Mexico,2026-05-01,Internal sales volumes,m3,Petróleos Mexicanos (PEMEX),https://ebdi.pemex.com/bdi/bdiController.do?action=cuadro&cvecua=RVOLVIN,PEMEX institutional database accessed 2 Sep. 2026; data through Jul. 2026.,Gasolinas; Turbosina; Diesel.,"m³ × 6.28981077 bbl/m³ ÷ days in month ÷ 1,000,000.","Live official database values can be revised, extended, or reclassified.",3787930.989000000,0.768560295,0.073905386,440650.819000000,0.089406783,-0.002557515,1769281.121000000,0.358982047,0.063234641,0.134582512
Mexico,2026-06-01,Internal sales volumes,m3,Petróleos Mexicanos (PEMEX),https://ebdi.pemex.com/bdi/bdiController.do?action=cuadro&cvecua=RVOLVIN,PEMEX institutional database accessed 2 Sep. 2026; data through Jul. 2026.,Gasolinas; Turbosina; Diesel.,"m³ × 6.28981077 bbl/m³ ÷ days in month ÷ 1,000,000.","Live official database values can be revised, extended, or reclassified.",3744220.669000000,0.785014650,0.123742675,442293.565000000,0.092731428,0.003048354,1678927.068000000,0.352004452,0.081502938,0.208293968
Mexico,2026-07-01,Internal sales volumes,m3,Petróleos Mexicanos (PEMEX),https://ebdi.pemex.com/bdi/bdiController.do?action=cuadro&cvecua=RVOLVIN,PEMEX institutional database accessed 2 Sep. 2026; data through Jul. 2026.,Gasolinas; Turbosina; Diesel.,"m³ × 6.28981077 bbl/m³ ÷ days in month ÷ 1,000,000.","Live official database values can be revised, extended, or reclassified.",3824064.054000000,0.775891589,0.113359891,470971.310000000,0.095558723,-0.001495871,1767875.985000000,0.358696949,0.083503898,0.195367918
South Korea,2021-07-01,National petroleum-product consumption,thousand barrels,Korea National Oil Corporation (KNOC) Petronet,"https://www.petronet.co.kr/v4/excel/KDCQ0200_x.jsp?term=m&by=2020&bq=3&bm=07&ay=2026&aq=2&am=06&ProdCDList=B000,C000,D000,E000,F000,G000,H000,J000,L000,N000,I000,M000,K000,O000,S000",KNOC Petronet data retrieved 2 Sep. 2026; data through Jul. 2026.,Gasoline; aviation fuel; diesel (official KNOC product categories).,"thousand bbl ÷ days in month ÷ 1,000.",Live statistical system values may be revised.,7292.000000000,0.235225806,0.004322581,1777.000000000,0.057322581,-0.005677419,13831.000000000,0.446161290,0.010096774,0.008741935
South Korea,2021-08-01,National petroleum-product consumption,thousand barrels,Korea National Oil Corporation (KNOC) Petronet,"https://www.petronet.co.kr/v4/excel/KDCQ0200_x.jsp?term=m&by=2020&bq=3&bm=07&ay=2026&aq=2&am=06&ProdCDList=B000,C000,D000,E000,F000,G000,H000,J000,L000,N000,I000,M000,K000,O000,S000",KNOC Petronet data retrieved 2 Sep. 2026; data through Jul. 2026.,Gasoline; aviation fuel; diesel (official KNOC product categories).,"thousand bbl ÷ days in month ÷ 1,000.",Live statistical system values may be revised.,7440.000000000,0.240000000,0.003225806,1677.000000000,0.054096774,0.009225806,13246.000000000,0.427290323,0.006645161,0.019096774
South Korea,2021-09-01,National petroleum-product consumption,thousand barrels,Korea National Oil Corporation (KNOC) Petronet,"https://www.petronet.co.kr/v4/excel/KDCQ0200_x.jsp?term=m&by=2020&bq=3&bm=07&ay=2026&aq=2&am=06&ProdCDList=B000,C000,D000,E000,F000,G000,H000,J000,L000,N000,I000,M000,K000,O000,S000",KNOC Petronet data retrieved 2 Sep. 2026; data through Jul. 2026.,Gasoline; aviation fuel; diesel (official KNOC product categories).,"thousand bbl ÷ days in month ÷ 1,000.",Live statistical system values may be revised.,7578.000000000,0.252600000,0.022433333,1809.000000000,0.060300000,0.014600000,13814.000000000,0.460466667,0.001033333,0.038066667
South Korea,2021-10-01,National petroleum-product consumption,thousand barrels,Korea National Oil Corporation (KNOC) Petronet,"https://www.petronet.co.kr/v4/excel/KDCQ0200_x.jsp?term=m&by=2020&bq=3&bm=07&ay=2026&aq=2&am=06&ProdCDList=B000,C000,D000,E000,F000,G000,H000,J000,L000,N000,I000,M000,K000,O000,S000",KNOC Petronet data retrieved 2 Sep. 2026; data through Jul. 2026.,Gasoline; aviation fuel; diesel (official KNOC product categories).,"thousand bbl ÷ days in month ÷ 1,000.",Live statistical system values may be revised.,6719.000000000,0.216741935,0.003000000,1989.000000000,0.064161290,0.007419355,13306.000000000,0.429225806,-0.005032258,0.005387097
South Korea,2021-11-01,National petroleum-product consumption,thousand barrels,Korea National Oil Corporation (KNOC) Petronet,"https://www.petronet.co.kr/v4/excel/KDCQ0200_x.jsp?term=m&by=2020&bq=3&bm=07&ay=2026&aq=2&am=06&ProdCDList=B000,C000,D000,E000,F000,G000,H000,J000,L000,N000,I000,M000,K000,O000,S000",KNOC Petronet data retrieved 2 Sep. 2026; data through Jul. 2026.,Gasoline; aviation fuel; diesel (official KNOC product categories).,"thousand bbl ÷ days in month ÷ 1,000.",Live statistical system values may be revised.,6875.000000000,0.229166667,-0.024700000,1737.000000000,0.057900000,-0.003133333,13715.000000000,0.457166667,-0.066266667,-0.094100000
South Korea,2021-12-01,National petroleum-product consumption,thousand barrels,Korea National Oil Corporation (KNOC) Petronet,"https://www.petronet.co.kr/v4/excel/KDCQ0200_x.jsp?term=m&by=2020&bq=3&bm=07&ay=2026&aq=2&am=06&ProdCDList=B000,C000,D000,E000,F000,G000,H000,J000,L000,N000,I000,M000,K000,O000,S000",KNOC Petronet data retrieved 2 Sep. 2026; data through Jul. 2026.,Gasoline; aviation fuel; diesel (official KNOC product categories).,"thousand bbl ÷ days in month ÷ 1,000.",Live statistical system values may be revised.,8122.000000000,0.262000000,0.050548387,1786.000000000,0.057612903,-0.001322581,16292.000000000,0.525548387,0.058741935,0.107967742
South Korea,2022-01-01,National petroleum-product consumption,thousand barrels,Korea National Oil Corporation (KNOC) Petronet,"https://www.petronet.co.kr/v4/excel/KDCQ0200_x.jsp?term=m&by=2020&bq=3&bm=07&ay=2026&aq=2&am=06&ProdCDList=B000,C000,D000,E000,F000,G000,H000,J000,L000,N000,I000,M000,K000,O000,S000",KNOC Petronet data retrieved 2 Sep. 2026; data through Jul. 2026.,Gasoline; aviation fuel; diesel (official KNOC product categories).,"thousand bbl ÷ days in month ÷ 1,000.",Live statistical system values may be revised.,7373.000000000,0.237838710,0.039967742,2208.000000000,0.071225806,0.017870968,14623.000000000,0.471709677,0.053516129,0.111354839
South Korea,2022-02-01,National petroleum-product consumption,thousand barrels,Korea National Oil Corporation (KNOC) Petronet,"https://www.petronet.co.kr/v4/excel/KDCQ0200_x.jsp?term=m&by=2020&bq=3&bm=07&ay=2026&aq=2&am=06&ProdCDList=B000,C000,D000,E000,F000,G000,H000,J000,L000,N000,I000,M000,K000,O000,S000",KNOC Petronet data retrieved 2 Sep. 2026; data through Jul. 2026.,Gasoline; aviation fuel; diesel (official KNOC product categories).,"thousand bbl ÷ days in month ÷ 1,000.",Live statistical system values may be revised.,6313.000000000,0.225464286,-0.006500000,1839.000000000,0.065678571,0.013000000,12179.000000000,0.434964286,-0.020392857,-0.013892857
South Korea,2022-03-01,National petroleum-product consumption,thousand barrels,Korea National Oil Corporation (KNOC) Petronet,"https://www.petronet.co.kr/v4/excel/KDCQ0200_x.jsp?term=m&by=2020&bq=3&bm=07&ay=2026&aq=2&am=06&ProdCDList=B000,C000,D000,E000,F000,G000,H000,J000,L000,N000,I000,M000,K000,O000,S000",KNOC Petronet data retrieved 2 Sep. 2026; data through Jul. 2026.,Gasoline; aviation fuel; diesel (official KNOC product categories).,"thousand bbl ÷ days in month ÷ 1,000.",Live statistical system values may be revised.,5888.000000000,0.189935484,-0.020129032,1856.000000000,0.059870968,-0.004419355,12537.000000000,0.404419355,-0.016548387,-0.041096774
South Korea,2022-04-01,National petroleum-product consumption,thousand barrels,Korea National Oil Corporation (KNOC) Petronet,"https://www.petronet.co.kr/v4/excel/KDCQ0200_x.jsp?term=m&by=2020&bq=3&bm=07&ay=2026&aq=2&am=06&ProdCDList=B000,C000,D000,E000,F000,G000,H000,J000,L000,N000,I000,M000,K000,O000,S000",KNOC Petronet data retrieved 2 Sep. 2026; data through Jul. 2026.,Gasoline; aviation fuel; diesel (official KNOC product categories).,"thousand bbl ÷ days in month ÷ 1,000.",Live statistical system values may be revised.,5639.000000000,0.187966667,-0.050066667,1500.000000000,0.050000000,-0.003966667,11725.000000000,0.390833333,-0.079366667,-0.133400000
South Korea,2022-05-01,National petroleum-product consumption,thousand barrels,Korea National Oil Corporation (KNOC) Petronet,"https://www.petronet.co.kr/v4/excel/KDCQ0200_x.jsp?term=m&by=2020&bq=3&bm=07&ay=2026&aq=2&am=06&ProdCDList=B000,C000,D000,E000,F000,G000,H000,J000,L000,N000,I000,M000,K000,O000,S000",KNOC Petronet data retrieved 2 Sep. 2026; data through Jul. 2026.,Gasoline; aviation fuel; diesel (official KNOC product categories).,"thousand bbl ÷ days in month ÷ 1,000.",Live statistical system values may be revised.,8921.000000000,0.287774194,0.058096774,2003.000000000,0.064612903,0.004419355,15901.000000000,0.512935484,0.053096774,0.115612903
South Korea,2022-06-01,National petroleum-product consumption,thousand barrels,Korea National Oil Corporation (KNOC) Petronet,"https://www.petronet.co.kr/v4/excel/KDCQ0200_x.jsp?term=m&by=2020&bq=3&bm=07&ay=2026&aq=2&am=06&ProdCDList=B000,C000,D000,E000,F000,G000,H000,J000,L000,N000,I000,M000,K000,O000,S000",KNOC Petronet data retrieved 2 Sep. 2026; data through Jul. 2026.,Gasoline; aviation fuel; diesel (official KNOC product categories).,"thousand bbl ÷ days in month ÷ 1,000.",Live statistical system values may be revised.,6141.000000000,0.204700000,-0.043500000,2003.000000000,0.066766667,0.007066667,12123.000000000,0.404100000,-0.089066667,-0.125500000
South Korea,2022-07-01,National petroleum-product consumption,thousand barrels,Korea National Oil Corporation (KNOC) Petronet,"https://www.petronet.co.kr/v4/excel/KDCQ0200_x.jsp?term=m&by=2020&bq=3&bm=07&ay=2026&aq=2&am=06&ProdCDList=B000,C000,D000,E000,F000,G000,H000,J000,L000,N000,I000,M000,K000,O000,S000",KNOC Petronet data retrieved 2 Sep. 2026; data through Jul. 2026.,Gasoline; aviation fuel; diesel (official KNOC product categories).,"thousand bbl ÷ days in month ÷ 1,000.",Live statistical system values may be revised.,8443.000000000,0.272354839,0.037129032,2153.000000000,0.069451613,0.012129032,13348.000000000,0.430580645,-0.015580645,0.033677419
South Korea,2022-08-01,National petroleum-product consumption,thousand barrels,Korea National Oil Corporation (KNOC) Petronet,"https://www.petronet.co.kr/v4/excel/KDCQ0200_x.jsp?term=m&by=2020&bq=3&bm=07&ay=2026&aq=2&am=06&ProdCDList=B000,C000,D000,E000,F000,G000,H000,J000,L000,N000,I000,M000,K000,O000,S000",KNOC Petronet data retrieved 2 Sep. 2026; data through Jul. 2026.,Gasoline; aviation fuel; diesel (official KNOC product categories).,"thousand bbl ÷ days in month ÷ 1,000.",Live statistical system values may be revised.,8528.000000000,0.275096774,0.035096774,2404.000000000,0.077548387,0.023451613,15960.000000000,0.514838710,0.087548387,0.146096774
South Korea,2022-09-01,National petroleum-product consumption,thousand barrels,Korea National Oil Corporation (KNOC) Petronet,"https://www.petronet.co.kr/v4/excel/KDCQ0200_x.jsp?term=m&by=2020&bq=3&bm=07&ay=2026&aq=2&am=06&ProdCDList=B000,C000,D000,E000,F000,G000,H000,J000,L000,N000,I000,M000,K000,O000,S000",KNOC Petronet data retrieved 2 Sep. 2026; data through Jul. 2026.,Gasoline; aviation fuel; diesel (official KNOC product categories).,"thousand bbl ÷ days in month ÷ 1,000.",Live statistical system values may be revised.,7312.000000000,0.243733333,-0.008866667,2200.000000000,0.073333333,0.013033333,12494.000000000,0.416466667,-0.044000000,-0.039833333
South Korea,2022-10-01,National petroleum-product consumption,thousand barrels,Korea National Oil Corporation (KNOC) Petronet,"https://www.petronet.co.kr/v4/excel/KDCQ0200_x.jsp?term=m&by=2020&bq=3&bm=07&ay=2026&aq=2&am=06&ProdCDList=B000,C000,D000,E000,F000,G000,H000,J000,L000,N000,I000,M000,K000,O000,S000",KNOC Petronet data retrieved 2 Sep. 2026; data through Jul. 2026.,Gasoline; aviation fuel; diesel (official KNOC product categories).,"thousand bbl ÷ days in month ÷ 1,000.",Live statistical system values may be revised.,7627.000000000,0.246032258,0.029290323,2413.000000000,0.077838710,0.013677419,14516.000000000,0.468258065,0.039032258,0.082000000
South Korea,2022-11-01,National petroleum-product consumption,thousand barrels,Korea National Oil Corporation (KNOC) Petronet,"https://www.petronet.co.kr/v4/excel/KDCQ0200_x.jsp?term=m&by=2020&bq=3&bm=07&ay=2026&aq=2&am=06&ProdCDList=B000,C000,D000,E000,F000,G000,H000,J000,L000,N000,I000,M000,K000,O000,S000",KNOC Petronet data retrieved 2 Sep. 2026; data through Jul. 2026.,Gasoline; aviation fuel; diesel (official KNOC product categories).,"thousand bbl ÷ days in month ÷ 1,000.",Live statistical system values may be revised.,6904.000000000,0.230133333,0.000966667,2238.000000000,0.074600000,0.016700000,12704.000000000,0.423466667,-0.033700000,-0.016033333
South Korea,2022-12-01,National petroleum-product consumption,thousand barrels,Korea National Oil Corporation (KNOC) Petronet,"https://www.petronet.co.kr/v4/excel/KDCQ0200_x.jsp?term=m&by=2020&bq=3&bm=07&ay=2026&aq=2&am=06&ProdCDList=B000,C000,D000,E000,F000,G000,H000,J000,L000,N000,I000,M000,K000,O000,S000",KNOC Petronet data retrieved 2 Sep. 2026; data through Jul. 2026.,Gasoline; aviation fuel; diesel (official KNOC product categories).,"thousand bbl ÷ days in month ÷ 1,000.",Live statistical system values may be revised.,9279.000000000,0.299322581,0.037322581,2458.000000000,0.079290323,0.021677419,15546.000000000,0.501483871,-0.024064516,0.034935484
South Korea,2023-01-01,National petroleum-product consumption,thousand barrels,Korea National Oil Corporation (KNOC) Petronet,"https://www.petronet.co.kr/v4/excel/KDCQ0200_x.jsp?term=m&by=2020&bq=3&bm=07&ay=2026&aq=2&am=06&ProdCDList=B000,C000,D000,E000,F000,G000,H000,J000,L000,N000,I000,M000,K000,O000,S000",KNOC Petronet data retrieved 2 Sep. 2026; data through Jul. 2026.,Gasoline; aviation fuel; diesel (official KNOC product categories).,"thousand bbl ÷ days in month ÷ 1,000.",Live statistical system values may be revised.,6679.000000000,0.215451613,-0.022387097,2655.000000000,0.085645161,0.014419355,12849.000000000,0.414483871,-0.057225806,-0.065193548
South Korea,2023-02-01,National petroleum-product consumption,thousand barrels,Korea National Oil Corporation (KNOC) Petronet,"https://www.petronet.co.kr/v4/excel/KDCQ0200_x.jsp?term=m&by=2020&bq=3&bm=07&ay=2026&aq=2&am=06&ProdCDList=B000,C000,D000,E000,F000,G000,H000,J000,L000,N000,I000,M000,K000,O000,S000",KNOC Petronet data retrieved 2 Sep. 2026; data through Jul. 2026.,Gasoline; aviation fuel; diesel (official KNOC product categories).,"thousand bbl ÷ days in month ÷ 1,000.",Live statistical system values may be revised.,6255.000000000,0.223392857,-0.002071429,2263.000000000,0.080821429,0.015142857,11618.000000000,0.414928571,-0.020035714,-0.006964286
South Korea,2023-03-01,National petroleum-product consumption,thousand barrels,Korea National Oil Corporation (KNOC) Petronet,"https://www.petronet.co.kr/v4/excel/KDCQ0200_x.jsp?term=m&by=2020&bq=3&bm=07&ay=2026&aq=2&am=06&ProdCDList=B000,C000,D000,E000,F000,G000,H000,J000,L000,N000,I000,M000,K000,O000,S000",KNOC Petronet data retrieved 2 Sep. 2026; data through Jul. 2026.,Gasoline; aviation fuel; diesel (official KNOC product categories).,"thousand bbl ÷ days in month ÷ 1,000.",Live statistical system values may be revised.,7788.000000000,0.251225806,0.061290323,2560.000000000,0.082580645,0.022709677,15370.000000000,0.495806452,0.091387097,0.175387097
South Korea,2023-04-01,National petroleum-product consumption,thousand barrels,Korea National Oil Corporation (KNOC) Petronet,"https://www.petronet.co.kr/v4/excel/KDCQ0200_x.jsp?term=m&by=2020&bq=3&bm=07&ay=2026&aq=2&am=06&ProdCDList=B000,C000,D000,E000,F000,G000,H000,J000,L000,N000,I000,M000,K000,O000,S000",KNOC Petronet data retrieved 2 Sep. 2026; data through Jul. 2026.,Gasoline; aviation fuel; diesel (official KNOC product categories).,"thousand bbl ÷ days in month ÷ 1,000.",Live statistical system values may be revised.,6495.000000000,0.216500000,0.028533333,2883.000000000,0.096100000,0.046100000,11991.000000000,0.399700000,0.008866667,0.083500000
South Korea,2023-05-01,National petroleum-product consumption,thousand barrels,Korea National Oil Corporation (KNOC) Petronet,"https://www.petronet.co.kr/v4/excel/KDCQ0200_x.jsp?term=m&by=2020&bq=3&bm=07&ay=2026&aq=2&am=06&ProdCDList=B000,C000,D000,E000,F000,G000,H000,J000,L000,N000,I000,M000,K000,O000,S000",KNOC Petronet data retrieved 2 Sep. 2026; data through Jul. 2026.,Gasoline; aviation fuel; diesel (official KNOC product categories).,"thousand bbl ÷ days in month ÷ 1,000.",Live statistical system values may be revised.,8204.000000000,0.264645161,-0.023129032,2898.000000000,0.093483871,0.028870968,14394.000000000,0.464322581,-0.048612903,-0.042870968
South Korea,2023-06-01,National petroleum-product consumption,thousand barrels,Korea National Oil Corporation (KNOC) Petronet,"https://www.petronet.co.kr/v4/excel/KDCQ0200_x.jsp?term=m&by=2020&bq=3&bm=07&ay=2026&aq=2&am=06&ProdCDList=B000,C000,D000,E000,F000,G000,H000,J000,L000,N000,I000,M000,K000,O000,S000",KNOC Petronet data retrieved 2 Sep. 2026; data through Jul. 2026.,Gasoline; aviation fuel; diesel (official KNOC product categories).,"thousand bbl ÷ days in month ÷ 1,000.",Live statistical system values may be revised.,7561.000000000,0.252033333,0.047333333,2892.000000000,0.096400000,0.029633333,13797.000000000,0.459900000,0.055800000,0.132766667
South Korea,2023-07-01,National petroleum-product consumption,thousand barrels,Korea National Oil Corporation (KNOC) Petronet,"https://www.petronet.co.kr/v4/excel/KDCQ0200_x.jsp?term=m&by=2020&bq=3&bm=07&ay=2026&aq=2&am=06&ProdCDList=B000,C000,D000,E000,F000,G000,H000,J000,L000,N000,I000,M000,K000,O000,S000",KNOC Petronet data retrieved 2 Sep. 2026; data through Jul. 2026.,Gasoline; aviation fuel; diesel (official KNOC product categories).,"thousand bbl ÷ days in month ÷ 1,000.",Live statistical system values may be revised.,8384.000000000,0.270451613,-0.001903226,3215.000000000,0.103709677,0.034258065,15076.000000000,0.486322581,0.055741935,0.088096774
South Korea,2023-08-01,National petroleum-product consumption,thousand barrels,Korea National Oil Corporation (KNOC) Petronet,"https://www.petronet.co.kr/v4/excel/KDCQ0200_x.jsp?term=m&by=2020&bq=3&bm=07&ay=2026&aq=2&am=06&ProdCDList=B000,C000,D000,E000,F000,G000,H000,J000,L000,N000,I000,M000,K000,O000,S000",KNOC Petronet data retrieved 2 Sep. 2026; data through Jul. 2026.,Gasoline; aviation fuel; diesel (official KNOC product categories).,"thousand bbl ÷ days in month ÷ 1,000.",Live statistical system values may be revised.,7860.000000000,0.253548387,-0.021548387,3110.000000000,0.100322581,0.022774194,12544.000000000,0.404645161,-0.110193548,-0.108967742
South Korea,2023-09-01,National petroleum-product consumption,thousand barrels,Korea National Oil Corporation (KNOC) Petronet,"https://www.petronet.co.kr/v4/excel/KDCQ0200_x.jsp?term=m&by=2020&bq=3&bm=07&ay=2026&aq=2&am=06&ProdCDList=B000,C000,D000,E000,F000,G000,H000,J000,L000,N000,I000,M000,K000,O000,S000",KNOC Petronet data retrieved 2 Sep. 2026; data through Jul. 2026.,Gasoline; aviation fuel; diesel (official KNOC product categories).,"thousand bbl ÷ days in month ÷ 1,000.",Live statistical system values may be revised.,7631.000000000,0.254366667,0.010633333,2976.000000000,0.099200000,0.025866667,12791.000000000,0.426366667,0.009900000,0.046400000
South Korea,2023-10-01,National petroleum-product consumption,thousand barrels,Korea National Oil Corporation (KNOC) Petronet,"https://www.petronet.co.kr/v4/excel/KDCQ0200_x.jsp?term=m&by=2020&bq=3&bm=07&ay=2026&aq=2&am=06&ProdCDList=B000,C000,D000,E000,F000,G000,H000,J000,L000,N000,I000,M000,K000,O000,S000",KNOC Petronet data retrieved 2 Sep. 2026; data through Jul. 2026.,Gasoline; aviation fuel; diesel (official KNOC product categories).,"thousand bbl ÷ days in month ÷ 1,000.",Live statistical system values may be revised.,7989.000000000,0.257709677,0.011677419,3181.000000000,0.102612903,0.024774194,12348.000000000,0.398322581,-0.069935484,-0.033483871
South Korea,2023-11-01,National petroleum-product consumption,thousand barrels,Korea National Oil Corporation (KNOC) Petronet,"https://www.petronet.co.kr/v4/excel/KDCQ0200_x.jsp?term=m&by=2020&bq=3&bm=07&ay=2026&aq=2&am=06&ProdCDList=B000,C000,D000,E000,F000,G000,H000,J000,L000,N000,I000,M000,K000,O000,S000",KNOC Petronet data retrieved 2 Sep. 2026; data through Jul. 2026.,Gasoline; aviation fuel; diesel (official KNOC product categories).,"thousand bbl ÷ days in month ÷ 1,000.",Live statistical system values may be revised.,7654.000000000,0.255133333,0.025000000,3034.000000000,0.101133333,0.026533333,13862.000000000,0.462066667,0.038600000,0.090133333
South Korea,2023-12-01,National petroleum-product consumption,thousand barrels,Korea National Oil Corporation (KNOC) Petronet,"https://www.petronet.co.kr/v4/excel/KDCQ0200_x.jsp?term=m&by=2020&bq=3&bm=07&ay=2026&aq=2&am=06&ProdCDList=B000,C000,D000,E000,F000,G000,H000,J000,L000,N000,I000,M000,K000,O000,S000",KNOC Petronet data retrieved 2 Sep. 2026; data through Jul. 2026.,Gasoline; aviation fuel; diesel (official KNOC product categories).,"thousand bbl ÷ days in month ÷ 1,000.",Live statistical system values may be revised.,7861.000000000,0.253580645,-0.045741935,3004.000000000,0.096903226,0.017612903,13849.000000000,0.446741935,-0.054741935,-0.082870968
South Korea,2024-01-01,National petroleum-product consumption,thousand barrels,Korea National Oil Corporation (KNOC) Petronet,"https://www.petronet.co.kr/v4/excel/KDCQ0200_x.jsp?term=m&by=2020&bq=3&bm=07&ay=2026&aq=2&am=06&ProdCDList=B000,C000,D000,E000,F000,G000,H000,J000,L000,N000,I000,M000,K000,O000,S000",KNOC Petronet data retrieved 2 Sep. 2026; data through Jul. 2026.,Gasoline; aviation fuel; diesel (official KNOC product categories).,"thousand bbl ÷ days in month ÷ 1,000.",Live statistical system values may be revised.,8008.000000000,0.258322581,0.042870968,3315.000000000,0.106935484,0.021290323,13878.000000000,0.447677419,0.033193548,0.097354839
South Korea,2024-02-01,National petroleum-product consumption,thousand barrels,Korea National Oil Corporation (KNOC) Petronet,"https://www.petronet.co.kr/v4/excel/KDCQ0200_x.jsp?term=m&by=2020&bq=3&bm=07&ay=2026&aq=2&am=06&ProdCDList=B000,C000,D000,E000,F000,G000,H000,J000,L000,N000,I000,M000,K000,O000,S000",KNOC Petronet data retrieved 2 Sep. 2026; data through Jul. 2026.,Gasoline; aviation fuel; diesel (official KNOC product categories).,"thousand bbl ÷ days in month ÷ 1,000.",Live statistical system values may be revised.,6640.000000000,0.228965517,0.005572660,3119.000000000,0.107551724,0.026730296,10542.000000000,0.363517241,-0.051411330,-0.019108374
South Korea,2024-03-01,National petroleum-product consumption,thousand barrels,Korea National Oil Corporation (KNOC) Petronet,"https://www.petronet.co.kr/v4/excel/KDCQ0200_x.jsp?term=m&by=2020&bq=3&bm=07&ay=2026&aq=2&am=06&ProdCDList=B000,C000,D000,E000,F000,G000,H000,J000,L000,N000,I000,M000,K000,O000,S000",KNOC Petronet data retrieved 2 Sep. 2026; data through Jul. 2026.,Gasoline; aviation fuel; diesel (official KNOC product categories).,"thousand bbl ÷ days in month ÷ 1,000.",Live statistical system values may be revised.,7992.000000000,0.257806452,0.006580645,3026.000000000,0.097612903,0.015032258,13124.000000000,0.423354839,-0.072451613,-0.050838710
South Korea,2024-04-01,National petroleum-product consumption,thousand barrels,Korea National Oil Corporation (KNOC) Petronet,"https://www.petronet.co.kr/v4/excel/KDCQ0200_x.jsp?term=m&by=2020&bq=3&bm=07&ay=2026&aq=2&am=06&ProdCDList=B000,C000,D000,E000,F000,G000,H000,J000,L000,N000,I000,M000,K000,O000,S000",KNOC Petronet data retrieved 2 Sep. 2026; data through Jul. 2026.,Gasoline; aviation fuel; diesel (official KNOC product categories).,"thousand bbl ÷ days in month ÷ 1,000.",Live statistical system values may be revised.,7157.000000000,0.238566667,0.022066667,3149.000000000,0.104966667,0.008866667,12547.000000000,0.418233333,0.018533333,0.049466667
South Korea,2024-05-01,National petroleum-product consumption,thousand barrels,Korea National Oil Corporation (KNOC) Petronet,"https://www.petronet.co.kr/v4/excel/KDCQ0200_x.jsp?term=m&by=2020&bq=3&bm=07&ay=2026&aq=2&am=06&ProdCDList=B000,C000,D000,E000,F000,G000,H000,J000,L000,N000,I000,M000,K000,O000,S000",KNOC Petronet data retrieved 2 Sep. 2026; data through Jul. 2026.,Gasoline; aviation fuel; diesel (official KNOC product categories).,"thousand bbl ÷ days in month ÷ 1,000.",Live statistical system values may be revised.,7975.000000000,0.257258065,-0.007387097,3106.000000000,0.100193548,0.006709677,13844.000000000,0.446580645,-0.017741935,-0.018419355
South Korea,2024-06-01,National petroleum-product consumption,thousand barrels,Korea National Oil Corporation (KNOC) Petronet,"https://www.petronet.co.kr/v4/excel/KDCQ0200_x.jsp?term=m&by=2020&bq=3&bm=07&ay=2026&aq=2&am=06&ProdCDList=B000,C000,D000,E000,F000,G000,H000,J000,L000,N000,I000,M000,K000,O000,S000",KNOC Petronet data retrieved 2 Sep. 2026; data through Jul. 2026.,Gasoline; aviation fuel; diesel (official KNOC product categories).,"thousand bbl ÷ days in month ÷ 1,000.",Live statistical system values may be revised.,8700.000000000,0.290000000,0.037966667,3265.000000000,0.108833333,0.012433333,14551.000000000,0.485033333,0.025133333,0.075533333
South Korea,2024-07-01,National petroleum-product consumption,thousand barrels,Korea National Oil Corporation (KNOC) Petronet,"https://www.petronet.co.kr/v4/excel/KDCQ0200_x.jsp?term=m&by=2020&bq=3&bm=07&ay=2026&aq=2&am=06&ProdCDList=B000,C000,D000,E000,F000,G000,H000,J000,L000,N000,I000,M000,K000,O000,S000",KNOC Petronet data retrieved 2 Sep. 2026; data through Jul. 2026.,Gasoline; aviation fuel; diesel (official KNOC product categories).,"thousand bbl ÷ days in month ÷ 1,000.",Live statistical system values may be revised.,7008.000000000,0.226064516,-0.044387097,3391.000000000,0.109387097,0.005677419,10328.000000000,0.333161290,-0.153161290,-0.191870968
South Korea,2024-08-01,National petroleum-product consumption,thousand barrels,Korea National Oil Corporation (KNOC) Petronet,"https://www.petronet.co.kr/v4/excel/KDCQ0200_x.jsp?term=m&by=2020&bq=3&bm=07&ay=2026&aq=2&am=06&ProdCDList=B000,C000,D000,E000,F000,G000,H000,J000,L000,N000,I000,M000,K000,O000,S000",KNOC Petronet data retrieved 2 Sep. 2026; data through Jul. 2026.,Gasoline; aviation fuel; diesel (official KNOC product categories).,"thousand bbl ÷ days in month ÷ 1,000.",Live statistical system values may be revised.,8946.000000000,0.288580645,0.035032258,3460.000000000,0.111612903,0.011290323,13465.000000000,0.434354839,0.029709677,0.076032258
South Korea,2024-09-01,National petroleum-product consumption,thousand barrels,Korea National Oil Corporation (KNOC) Petronet,"https://www.petronet.co.kr/v4/excel/KDCQ0200_x.jsp?term=m&by=2020&bq=3&bm=07&ay=2026&aq=2&am=06&ProdCDList=B000,C000,D000,E000,F000,G000,H000,J000,L000,N000,I000,M000,K000,O000,S000",KNOC Petronet data retrieved 2 Sep. 2026; data through Jul. 2026.,Gasoline; aviation fuel; diesel (official KNOC product categories).,"thousand bbl ÷ days in month ÷ 1,000.",Live statistical system values may be revised.,8392.000000000,0.279733333,0.025366667,3210.000000000,0.107000000,0.007800000,12290.000000000,0.409666667,-0.016700000,0.016466667
South Korea,2024-10-01,National petroleum-product consumption,thousand barrels,Korea National Oil Corporation (KNOC) Petronet,"https://www.petronet.co.kr/v4/excel/KDCQ0200_x.jsp?term=m&by=2020&bq=3&bm=07&ay=2026&aq=2&am=06&ProdCDList=B000,C000,D000,E000,F000,G000,H000,J000,L000,N000,I000,M000,K000,O000,S000",KNOC Petronet data retrieved 2 Sep. 2026; data through Jul. 2026.,Gasoline; aviation fuel; diesel (official KNOC product categories).,"thousand bbl ÷ days in month ÷ 1,000.",Live statistical system values may be revised.,8664.000000000,0.279483871,0.021774194,3487.000000000,0.112483871,0.009870968,14938.000000000,0.481870968,0.083548387,0.115193548
South Korea,2024-11-01,National petroleum-product consumption,thousand barrels,Korea National Oil Corporation (KNOC) Petronet,"https://www.petronet.co.kr/v4/excel/KDCQ0200_x.jsp?term=m&by=2020&bq=3&bm=07&ay=2026&aq=2&am=06&ProdCDList=B000,C000,D000,E000,F000,G000,H000,J000,L000,N000,I000,M000,K000,O000,S000",KNOC Petronet data retrieved 2 Sep. 2026; data through Jul. 2026.,Gasoline; aviation fuel; diesel (official KNOC product categories).,"thousand bbl ÷ days in month ÷ 1,000.",Live statistical system values may be revised.,7377.000000000,0.245900000,-0.009233333,3254.000000000,0.108466667,0.007333333,11801.000000000,0.393366667,-0.068700000,-0.070600000
South Korea,2024-12-01,National petroleum-product consumption,thousand barrels,Korea National Oil Corporation (KNOC) Petronet,"https://www.petronet.co.kr/v4/excel/KDCQ0200_x.jsp?term=m&by=2020&bq=3&bm=07&ay=2026&aq=2&am=06&ProdCDList=B000,C000,D000,E000,F000,G000,H000,J000,L000,N000,I000,M000,K000,O000,S000",KNOC Petronet data retrieved 2 Sep. 2026; data through Jul. 2026.,Gasoline; aviation fuel; diesel (official KNOC product categories).,"thousand bbl ÷ days in month ÷ 1,000.",Live statistical system values may be revised.,8182.000000000,0.263935484,0.010354839,3433.000000000,0.110741935,0.013838710,13760.000000000,0.443870968,-0.002870968,0.021322581
South Korea,2025-01-01,National petroleum-product consumption,thousand barrels,Korea National Oil Corporation (KNOC) Petronet,"https://www.petronet.co.kr/v4/excel/KDCQ0200_x.jsp?term=m&by=2020&bq=3&bm=07&ay=2026&aq=2&am=06&ProdCDList=B000,C000,D000,E000,F000,G000,H000,J000,L000,N000,I000,M000,K000,O000,S000",KNOC Petronet data retrieved 2 Sep. 2026; data through Jul. 2026.,Gasoline; aviation fuel; diesel (official KNOC product categories).,"thousand bbl ÷ days in month ÷ 1,000.",Live statistical system values may be revised.,6982.000000000,0.225225806,-0.033096774,3451.000000000,0.111322581,0.004387097,10264.000000000,0.331096774,-0.116580645,-0.145290323
South Korea,2025-02-01,National petroleum-product consumption,thousand barrels,Korea National Oil Corporation (KNOC) Petronet,"https://www.petronet.co.kr/v4/excel/KDCQ0200_x.jsp?term=m&by=2020&bq=3&bm=07&ay=2026&aq=2&am=06&ProdCDList=B000,C000,D000,E000,F000,G000,H000,J000,L000,N000,I000,M000,K000,O000,S000",KNOC Petronet data retrieved 2 Sep. 2026; data through Jul. 2026.,Gasoline; aviation fuel; diesel (official KNOC product categories).,"thousand bbl ÷ days in month ÷ 1,000.",Live statistical system values may be revised.,7137.000000000,0.254892857,0.025927340,2984.000000000,0.106571429,-0.000980296,10622.000000000,0.379357143,0.015839901,0.040786946
South Korea,2025-03-01,National petroleum-product consumption,thousand barrels,Korea National Oil Corporation (KNOC) Petronet,"https://www.petronet.co.kr/v4/excel/KDCQ0200_x.jsp?term=m&by=2020&bq=3&bm=07&ay=2026&aq=2&am=06&ProdCDList=B000,C000,D000,E000,F000,G000,H000,J000,L000,N000,I000,M000,K000,O000,S000",KNOC Petronet data retrieved 2 Sep. 2026; data through Jul. 2026.,Gasoline; aviation fuel; diesel (official KNOC product categories).,"thousand bbl ÷ days in month ÷ 1,000.",Live statistical system values may be revised.,8350.000000000,0.269354839,0.011548387,3280.000000000,0.105806452,0.008193548,13127.000000000,0.423451613,0.000096774,0.019838710
South Korea,2025-04-01,National petroleum-product consumption,thousand barrels,Korea National Oil Corporation (KNOC) Petronet,"https://www.petronet.co.kr/v4/excel/KDCQ0200_x.jsp?term=m&by=2020&bq=3&bm=07&ay=2026&aq=2&am=06&ProdCDList=B000,C000,D000,E000,F000,G000,H000,J000,L000,N000,I000,M000,K000,O000,S000",KNOC Petronet data retrieved 2 Sep. 2026; data through Jul. 2026.,Gasoline; aviation fuel; diesel (official KNOC product categories).,"thousand bbl ÷ days in month ÷ 1,000.",Live statistical system values may be revised.,8248.000000000,0.274933333,0.036366667,3246.000000000,0.108200000,0.003233333,13702.000000000,0.456733333,0.038500000,0.078100000
South Korea,2025-05-01,National petroleum-product consumption,thousand barrels,Korea National Oil Corporation (KNOC) Petronet,"https://www.petronet.co.kr/v4/excel/KDCQ0200_x.jsp?term=m&by=2020&bq=3&bm=07&ay=2026&aq=2&am=06&ProdCDList=B000,C000,D000,E000,F000,G000,H000,J000,L000,N000,I000,M000,K000,O000,S000",KNOC Petronet data retrieved 2 Sep. 2026; data through Jul. 2026.,Gasoline; aviation fuel; diesel (official KNOC product categories).,"thousand bbl ÷ days in month ÷ 1,000.",Live statistical system values may be revised.,7292.000000000,0.235225806,-0.022032258,3226.000000000,0.104064516,0.003870968,10890.000000000,0.351290323,-0.095290323,-0.113451613
South Korea,2025-06-01,National petroleum-product consumption,thousand barrels,Korea National Oil Corporation (KNOC) Petronet,"https://www.petronet.co.kr/v4/excel/KDCQ0200_x.jsp?term=m&by=2020&bq=3&bm=07&ay=2026&aq=2&am=06&ProdCDList=B000,C000,D000,E000,F000,G000,H000,J000,L000,N000,I000,M000,K000,O000,S000",KNOC Petronet data retrieved 2 Sep. 2026; data through Jul. 2026.,Gasoline; aviation fuel; diesel (official KNOC product categories).,"thousand bbl ÷ days in month ÷ 1,000.",Live statistical system values may be revised.,7909.000000000,0.263633333,-0.026366667,3252.000000000,0.108400000,-0.000433333,12560.000000000,0.418666667,-0.066366667,-0.093166667
South Korea,2025-07-01,National petroleum-product consumption,thousand barrels,Korea National Oil Corporation (KNOC) Petronet,"https://www.petronet.co.kr/v4/excel/KDCQ0200_x.jsp?term=m&by=2020&bq=3&bm=07&ay=2026&aq=2&am=06&ProdCDList=B000,C000,D000,E000,F000,G000,H000,J000,L000,N000,I000,M000,K000,O000,S000",KNOC Petronet data retrieved 2 Sep. 2026; data through Jul. 2026.,Gasoline; aviation fuel; diesel (official KNOC product categories).,"thousand bbl ÷ days in month ÷ 1,000.",Live statistical system values may be revised.,8856.000000000,0.285677419,0.059612903,3417.000000000,0.110225806,0.000838710,13047.000000000,0.420870968,0.087709677,0.148161290
South Korea,2025-08-01,National petroleum-product consumption,thousand barrels,Korea National Oil Corporation (KNOC) Petronet,"https://www.petronet.co.kr/v4/excel/KDCQ0200_x.jsp?term=m&by=2020&bq=3&bm=07&ay=2026&aq=2&am=06&ProdCDList=B000,C000,D000,E000,F000,G000,H000,J000,L000,N000,I000,M000,K000,O000,S000",KNOC Petronet data retrieved 2 Sep. 2026; data through Jul. 2026.,Gasoline; aviation fuel; diesel (official KNOC product categories).,"thousand bbl ÷ days in month ÷ 1,000.",Live statistical system values may be revised.,8793.000000000,0.283645161,-0.004935484,3540.000000000,0.114193548,0.002580645,11840.000000000,0.381935484,-0.052419355,-0.054774194
South Korea,2025-09-01,National petroleum-product consumption,thousand barrels,Korea National Oil Corporation (KNOC) Petronet,"https://www.petronet.co.kr/v4/excel/KDCQ0200_x.jsp?term=m&by=2020&bq=3&bm=07&ay=2026&aq=2&am=06&ProdCDList=B000,C000,D000,E000,F000,G000,H000,J000,L000,N000,I000,M000,K000,O000,S000",KNOC Petronet data retrieved 2 Sep. 2026; data through Jul. 2026.,Gasoline; aviation fuel; diesel (official KNOC product categories).,"thousand bbl ÷ days in month ÷ 1,000.",Live statistical system values may be revised.,8712.000000000,0.290400000,0.010666667,3383.000000000,0.112766667,0.005766667,13111.000000000,0.437033333,0.027366667,0.043800000
South Korea,2025-10-01,National petroleum-product consumption,thousand barrels,Korea National Oil Corporation (KNOC) Petronet,"https://www.petronet.co.kr/v4/excel/KDCQ0200_x.jsp?term=m&by=2020&bq=3&bm=07&ay=2026&aq=2&am=06&ProdCDList=B000,C000,D000,E000,F000,G000,H000,J000,L000,N000,I000,M000,K000,O000,S000",KNOC Petronet data retrieved 2 Sep. 2026; data through Jul. 2026.,Gasoline; aviation fuel; diesel (official KNOC product categories).,"thousand bbl ÷ days in month ÷ 1,000.",Live statistical system values may be revised.,8865.000000000,0.285967742,0.006483871,3458.000000000,0.111548387,-0.000935484,12620.000000000,0.407096774,-0.074774194,-0.069225806
South Korea,2025-11-01,National petroleum-product consumption,thousand barrels,Korea National Oil Corporation (KNOC) Petronet,"https://www.petronet.co.kr/v4/excel/KDCQ0200_x.jsp?term=m&by=2020&bq=3&bm=07&ay=2026&aq=2&am=06&ProdCDList=B000,C000,D000,E000,F000,G000,H000,J000,L000,N000,I000,M000,K000,O000,S000",KNOC Petronet data retrieved 2 Sep. 2026; data through Jul. 2026.,Gasoline; aviation fuel; diesel (official KNOC product categories).,"thousand bbl ÷ days in month ÷ 1,000.",Live statistical system values may be revised.,7083.000000000,0.236100000,-0.009800000,3302.000000000,0.110066667,0.001600000,10430.000000000,0.347666667,-0.045700000,-0.053900000
South Korea,2025-12-01,National petroleum-product consumption,thousand barrels,Korea National Oil Corporation (KNOC) Petronet,"https://www.petronet.co.kr/v4/excel/KDCQ0200_x.jsp?term=m&by=2020&bq=3&bm=07&ay=2026&aq=2&am=06&ProdCDList=B000,C000,D000,E000,F000,G000,H000,J000,L000,N000,I000,M000,K000,O000,S000",KNOC Petronet data retrieved 2 Sep. 2026; data through Jul. 2026.,Gasoline; aviation fuel; diesel (official KNOC product categories).,"thousand bbl ÷ days in month ÷ 1,000.",Live statistical system values may be revised.,8464.000000000,0.273032258,0.009096774,3689.000000000,0.119000000,0.008258065,12967.000000000,0.418290323,-0.025580645,-0.008225806
South Korea,2026-01-01,National petroleum-product consumption,thousand barrels,Korea National Oil Corporation (KNOC) Petronet,"https://www.petronet.co.kr/v4/excel/KDCQ0200_x.jsp?term=m&by=2020&bq=3&bm=07&ay=2026&aq=2&am=06&ProdCDList=B000,C000,D000,E000,F000,G000,H000,J000,L000,N000,I000,M000,K000,O000,S000",KNOC Petronet data retrieved 2 Sep. 2026; data through Jul. 2026.,Gasoline; aviation fuel; diesel (official KNOC product categories).,"thousand bbl ÷ days in month ÷ 1,000.",Live statistical system values may be revised.,8483.000000000,0.273645161,0.048419355,520.000000000,0.016774194,-0.094548387,12195.000000000,0.393387097,0.062290323,0.016161290
South Korea,2026-02-01,National petroleum-product consumption,thousand barrels,Korea National Oil Corporation (KNOC) Petronet,"https://www.petronet.co.kr/v4/excel/KDCQ0200_x.jsp?term=m&by=2020&bq=3&bm=07&ay=2026&aq=2&am=06&ProdCDList=B000,C000,D000,E000,F000,G000,H000,J000,L000,N000,I000,M000,K000,O000,S000",KNOC Petronet data retrieved 2 Sep. 2026; data through Jul. 2026.,Gasoline; aviation fuel; diesel (official KNOC product categories).,"thousand bbl ÷ days in month ÷ 1,000.",Live statistical system values may be revised.,7564.000000000,0.270142857,0.015250000,660.000000000,0.023571429,-0.083000000,9964.000000000,0.355857143,-0.023500000,-0.091250000
South Korea,2026-03-01,National petroleum-product consumption,thousand barrels,Korea National Oil Corporation (KNOC) Petronet,"https://www.petronet.co.kr/v4/excel/KDCQ0200_x.jsp?term=m&by=2020&bq=3&bm=07&ay=2026&aq=2&am=06&ProdCDList=B000,C000,D000,E000,F000,G000,H000,J000,L000,N000,I000,M000,K000,O000,S000",KNOC Petronet data retrieved 2 Sep. 2026; data through Jul. 2026.,Gasoline; aviation fuel; diesel (official KNOC product categories).,"thousand bbl ÷ days in month ÷ 1,000.",Live statistical system values may be revised.,7996.000000000,0.257935484,-0.011419355,794.000000000,0.025612903,-0.080193548,12435.000000000,0.401129032,-0.022322581,-0.113935484
South Korea,2026-04-01,National petroleum-product consumption,thousand barrels,Korea National Oil Corporation (KNOC) Petronet,"https://www.petronet.co.kr/v4/excel/KDCQ0200_x.jsp?term=m&by=2020&bq=3&bm=07&ay=2026&aq=2&am=06&ProdCDList=B000,C000,D000,E000,F000,G000,H000,J000,L000,N000,I000,M000,K000,O000,S000",KNOC Petronet data retrieved 2 Sep. 2026; data through Jul. 2026.,Gasoline; aviation fuel; diesel (official KNOC product categories).,"thousand bbl ÷ days in month ÷ 1,000.",Live statistical system values may be revised.,6891.000000000,0.229700000,-0.045233333,455.000000000,0.015166667,-0.093033333,9925.000000000,0.330833333,-0.125900000,-0.264166667
South Korea,2026-05-01,National petroleum-product consumption,thousand barrels,Korea National Oil Corporation (KNOC) Petronet,"https://www.petronet.co.kr/v4/excel/KDCQ0200_x.jsp?term=m&by=2020&bq=3&bm=07&ay=2026&aq=2&am=06&ProdCDList=B000,C000,D000,E000,F000,G000,H000,J000,L000,N000,I000,M000,K000,O000,S000",KNOC Petronet data retrieved 2 Sep. 2026; data through Jul. 2026.,Gasoline; aviation fuel; diesel (official KNOC product categories).,"thousand bbl ÷ days in month ÷ 1,000.",Live statistical system values may be revised.,7756.000000000,0.250193548,0.014967742,231.000000000,0.007451613,-0.096612903,10236.000000000,0.330193548,-0.021096774,-0.102741935
South Korea,2026-06-01,National petroleum-product consumption,thousand barrels,Korea National Oil Corporation (KNOC) Petronet,"https://www.petronet.co.kr/v4/excel/KDCQ0200_x.jsp?term=m&by=2020&bq=3&bm=07&ay=2026&aq=2&am=06&ProdCDList=B000,C000,D000,E000,F000,G000,H000,J000,L000,N000,I000,M000,K000,O000,S000",KNOC Petronet data retrieved 2 Sep. 2026; data through Jul. 2026.,Gasoline; aviation fuel; diesel (official KNOC product categories).,"thousand bbl ÷ days in month ÷ 1,000.",Live statistical system values may be revised.,7818.000000000,0.260600000,-0.003033333,553.000000000,0.018433333,-0.089966667,11598.000000000,0.386600000,-0.032066667,-0.125066667
South Korea,2026-07-01,National petroleum-product consumption,thousand barrels,Korea National Oil Corporation (KNOC) Petronet,"https://www.petronet.co.kr/v4/excel/KDCQ0200_x.jsp?term=m&by=2020&bq=3&bm=07&ay=2026&aq=2&am=06&ProdCDList=B000,C000,D000,E000,F000,G000,H000,J000,L000,N000,I000,M000,K000,O000,S000",KNOC Petronet data retrieved 2 Sep. 2026; data through Jul. 2026.,Gasoline; aviation fuel; diesel (official KNOC product categories).,"thousand bbl ÷ days in month ÷ 1,000.",Live statistical system values may be revised.,8860.000000000,0.285806452,0.000129032,636.000000000,0.020516129,-0.089709677,12883.000000000,0.415580645,-0.005290323,-0.094870968
Spain,2021-07-01,Petroleum-product consumption,tonnes,Corporación de Reservas Estratégicas de Productos Petrolíferos (CORES),https://www.cores.es/sites/default/files/archivos/estadisticas/est-petroliferos-consumo-2026.xls,CORES workbooks retrieved 2 Sep. 2026; data through Jun. 2026.,Gasolinas; Querosenos; Gasóleos.,"t × product-specific bbl/t ÷ days in month ÷ 1,000,000.",CORES labels reported values as provisional; historic levels can be revised.,540217.210000000,0.148124074,0.013667427,394659.970000000,0.098919612,0.052898731,2694118.650000000,0.628337995,0.031834397,0.098400555
Spain,2021-08-01,Petroleum-product consumption,tonnes,Corporación de Reservas Estratégicas de Productos Petrolíferos (CORES),https://www.cores.es/sites/default/files/archivos/estadisticas/est-petroliferos-consumo-2026.xls,CORES workbooks retrieved 2 Sep. 2026; data through Jun. 2026.,Gasolinas; Querosenos; Gasóleos.,"t × product-specific bbl/t ÷ days in month ÷ 1,000,000.",CORES labels reported values as provisional; historic levels can be revised.,540653.120000000,0.148243597,0.018299173,426644.890000000,0.106936477,0.045609341,2525916.360000000,0.589108880,0.057404749,0.121313263
Spain,2021-09-01,Petroleum-product consumption,tonnes,Corporación de Reservas Estratégicas de Productos Petrolíferos (CORES),https://www.cores.es/sites/default/files/archivos/estadisticas/est-petroliferos-consumo-2026.xls,CORES workbooks retrieved 2 Sep. 2026; data through Jun. 2026.,Gasolinas; Querosenos; Gasóleos.,"t × product-specific bbl/t ÷ days in month ÷ 1,000,000.",CORES labels reported values as provisional; historic levels can be revised.,489443.900000000,0.138675772,0.018725608,397190.890000000,0.102872441,0.057090096,2637836.870000000,0.635718686,0.056206690,0.132022393
Spain,2021-10-01,Petroleum-product consumption,tonnes,Corporación de Reservas Estratégicas de Productos Petrolíferos (CORES),https://www.cores.es/sites/default/files/archivos/estadisticas/est-petroliferos-consumo-2026.xls,CORES workbooks retrieved 2 Sep. 2026; data through Jun. 2026.,Gasolinas; Querosenos; Gasóleos.,"t × product-specific bbl/t ÷ days in month ÷ 1,000,000.",CORES labels reported values as provisional; historic levels can be revised.,483579.270000000,0.132594316,0.021003067,432246.240000000,0.108340429,0.068397816,2738671.010000000,0.638728755,0.038686286,0.128087169
Spain,2021-11-01,Petroleum-product consumption,tonnes,Corporación de Reservas Estratégicas de Productos Petrolíferos (CORES),https://www.cores.es/sites/default/files/archivos/estadisticas/est-petroliferos-consumo-2026.xls,CORES workbooks retrieved 2 Sep. 2026; data through Jun. 2026.,Gasolinas; Querosenos; Gasóleos.,"t × product-specific bbl/t ÷ days in month ÷ 1,000,000.",CORES labels reported values as provisional; historic levels can be revised.,448378.000000000,0.127040433,0.035821236,376768.370000000,0.097583008,0.064686242,2863318.680000000,0.690059802,0.121133854,0.221641332
Spain,2021-12-01,Petroleum-product consumption,tonnes,Corporación de Reservas Estratégicas de Productos Petrolíferos (CORES),https://www.cores.es/sites/default/files/archivos/estadisticas/est-petroliferos-consumo-2026.xls,CORES workbooks retrieved 2 Sep. 2026; data through Jun. 2026.,Gasolinas; Querosenos; Gasóleos.,"t × product-specific bbl/t ÷ days in month ÷ 1,000,000.",CORES labels reported values as provisional; historic levels can be revised.,451929.610000000,0.123916183,0.018508213,393765.490000000,0.098695415,0.058261355,2815540.480000000,0.656656699,0.033091449,0.109861016
Spain,2022-01-01,Petroleum-product consumption,tonnes,Corporación de Reservas Estratégicas de Productos Petrolíferos (CORES),https://www.cores.es/sites/default/files/archivos/estadisticas/est-petroliferos-consumo-2026.xls,CORES workbooks retrieved 2 Sep. 2026; data through Jun. 2026.,Gasolinas; Querosenos; Gasóleos.,"t × product-specific bbl/t ÷ days in month ÷ 1,000,000.",CORES labels reported values as provisional; historic levels can be revised.,394953.640000000,0.108293740,0.027914982,350260.610000000,0.087791127,0.055708296,2585362.940000000,0.602973357,0.058270721,0.141893999
Spain,2022-02-01,Petroleum-product consumption,tonnes,Corporación de Reservas Estratégicas de Productos Petrolíferos (CORES),https://www.cores.es/sites/default/files/archivos/estadisticas/est-petroliferos-consumo-2026.xls,CORES workbooks retrieved 2 Sep. 2026; data through Jun. 2026.,Gasolinas; Querosenos; Gasóleos.,"t × product-specific bbl/t ÷ days in month ÷ 1,000,000.",CORES labels reported values as provisional; historic levels can be revised.,416650.180000000,0.126483090,0.035560406,329017.630000000,0.091302392,0.062576761,2664133.100000000,0.687917225,0.092945425,0.191082591
Spain,2022-03-01,Petroleum-product consumption,tonnes,Corporación de Reservas Estratégicas de Productos Petrolíferos (CORES),https://www.cores.es/sites/default/files/archivos/estadisticas/est-petroliferos-consumo-2026.xls,CORES workbooks retrieved 2 Sep. 2026; data through Jun. 2026.,Gasolinas; Querosenos; Gasóleos.,"t × product-specific bbl/t ÷ days in month ÷ 1,000,000.",CORES labels reported values as provisional; historic levels can be revised.,433916.090000000,0.118976992,0.007291815,409556.460000000,0.102653345,0.071697359,2575495.060000000,0.600671912,-0.050404202,0.028584973
Spain,2022-04-01,Petroleum-product consumption,tonnes,Corporación de Reservas Estratégicas de Productos Petrolíferos (CORES),https://www.cores.es/sites/default/files/archivos/estadisticas/est-petroliferos-consumo-2026.xls,CORES workbooks retrieved 2 Sep. 2026; data through Jun. 2026.,Gasolinas; Querosenos; Gasóleos.,"t × product-specific bbl/t ÷ days in month ÷ 1,000,000.",CORES labels reported values as provisional; historic levels can be revised.,471742.000000000,0.133660233,0.026719282,494966.320000000,0.128196277,0.091847440,2646941.630000000,0.637912933,0.047881803,0.166448525
Spain,2022-05-01,Petroleum-product consumption,tonnes,Corporación de Reservas Estratégicas de Productos Petrolíferos (CORES),https://www.cores.es/sites/default/files/archivos/estadisticas/est-petroliferos-consumo-2026.xls,CORES workbooks retrieved 2 Sep. 2026; data through Jun. 2026.,Gasolinas; Querosenos; Gasóleos.,"t × product-specific bbl/t ÷ days in month ÷ 1,000,000.",CORES labels reported values as provisional; historic levels can be revised.,478862.390000000,0.131300978,0.012616662,530034.010000000,0.132850460,0.088638205,2673646.140000000,0.623563277,0.035634911,0.136889779
Spain,2022-06-01,Petroleum-product consumption,tonnes,Corporación de Reservas Estratégicas de Productos Petrolíferos (CORES),https://www.cores.es/sites/default/files/archivos/estadisticas/est-petroliferos-consumo-2026.xls,CORES workbooks retrieved 2 Sep. 2026; data through Jun. 2026.,Gasolinas; Querosenos; Gasóleos.,"t × product-specific bbl/t ÷ days in month ÷ 1,000,000.",CORES labels reported values as provisional; historic levels can be revised.,501374.060000000,0.142055984,0.005030068,540594.970000000,0.140014097,0.075697508,2623361.640000000,0.632230155,-0.001463497,0.079264079
Spain,2022-07-01,Petroleum-product consumption,tonnes,Corporación de Reservas Estratégicas de Productos Petrolíferos (CORES),https://www.cores.es/sites/default/files/archivos/estadisticas/est-petroliferos-consumo-2026.xls,CORES workbooks retrieved 2 Sep. 2026; data through Jun. 2026.,Gasolinas; Querosenos; Gasóleos.,"t × product-specific bbl/t ÷ days in month ÷ 1,000,000.",CORES labels reported values as provisional; historic levels can be revised.,534397.410000000,0.146528322,-0.001595752,607854.680000000,0.152355834,0.053436222,2614981.570000000,0.609881186,-0.018456809,0.033383662
Spain,2022-08-01,Petroleum-product consumption,tonnes,Corporación de Reservas Estratégicas de Productos Petrolíferos (CORES),https://www.cores.es/sites/default/files/archivos/estadisticas/est-petroliferos-consumo-2026.xls,CORES workbooks retrieved 2 Sep. 2026; data through Jun. 2026.,Gasolinas; Querosenos; Gasóleos.,"t × product-specific bbl/t ÷ days in month ÷ 1,000,000.",CORES labels reported values as provisional; historic levels can be revised.,565268.840000000,0.154993069,0.006749472,596051.080000000,0.149397319,0.042460842,2571937.770000000,0.599842261,0.010733380,0.059943694
Spain,2022-09-01,Petroleum-product consumption,tonnes,Corporación de Reservas Estratégicas de Productos Petrolíferos (CORES),https://www.cores.es/sites/default/files/archivos/estadisticas/est-petroliferos-consumo-2026.xls,CORES workbooks retrieved 2 Sep. 2026; data through Jun. 2026.,Gasolinas; Querosenos; Gasóleos.,"t × product-specific bbl/t ÷ days in month ÷ 1,000,000.",CORES labels reported values as provisional; historic levels can be revised.,497449.720000000,0.140944087,0.002268316,554656.000000000,0.143655904,0.040783463,2663943.610000000,0.642010410,0.006291724,0.049343503
Spain,2022-10-01,Petroleum-product consumption,tonnes,Corporación de Reservas Estratégicas de Productos Petrolíferos (CORES),https://www.cores.es/sites/default/files/archivos/estadisticas/est-petroliferos-consumo-2026.xls,CORES workbooks retrieved 2 Sep. 2026; data through Jun. 2026.,Gasolinas; Querosenos; Gasóleos.,"t × product-specific bbl/t ÷ days in month ÷ 1,000,000.",CORES labels reported values as provisional; historic levels can be revised.,480217.500000000,0.131672540,-0.000921776,546269.920000000,0.136919912,0.028579484,2558677.800000000,0.596749693,-0.041979062,-0.014321354
Spain,2022-11-01,Petroleum-product consumption,tonnes,Corporación de Reservas Estratégicas de Productos Petrolíferos (CORES),https://www.cores.es/sites/default/files/archivos/estadisticas/est-petroliferos-consumo-2026.xls,CORES workbooks retrieved 2 Sep. 2026; data through Jun. 2026.,Gasolinas; Querosenos; Gasóleos.,"t × product-specific bbl/t ÷ days in month ÷ 1,000,000.",CORES labels reported values as provisional; historic levels can be revised.,454786.450000000,0.128856161,0.001815728,449579.690000000,0.116441140,0.018858132,2632224.730000000,0.634366160,-0.055693642,-0.035019783
Spain,2022-12-01,Petroleum-product consumption,tonnes,Corporación de Reservas Estratégicas de Productos Petrolíferos (CORES),https://www.cores.es/sites/default/files/archivos/estadisticas/est-petroliferos-consumo-2026.xls,CORES workbooks retrieved 2 Sep. 2026; data through Jun. 2026.,Gasolinas; Querosenos; Gasóleos.,"t × product-specific bbl/t ÷ days in month ÷ 1,000,000.",CORES labels reported values as provisional; historic levels can be revised.,525473.780000000,0.144081520,0.020165337,462214.630000000,0.115851860,0.017156446,2930489.740000000,0.683465833,0.026809134,0.064130917
Spain,2023-01-01,Petroleum-product consumption,tonnes,Corporación de Reservas Estratégicas de Productos Petrolíferos (CORES),https://www.cores.es/sites/default/files/archivos/estadisticas/est-petroliferos-consumo-2026.xls,CORES workbooks retrieved 2 Sep. 2026; data through Jun. 2026.,Gasolinas; Querosenos; Gasóleos.,"t × product-specific bbl/t ÷ days in month ÷ 1,000,000.",CORES labels reported values as provisional; historic levels can be revised.,398682.630000000,0.109316205,0.001022465,443019.940000000,0.111040804,0.023249677,2248240.690000000,0.524347748,-0.078625609,-0.054353466
Spain,2023-02-01,Petroleum-product consumption,tonnes,Corporación de Reservas Estratégicas de Productos Petrolíferos (CORES),https://www.cores.es/sites/default/files/archivos/estadisticas/est-petroliferos-consumo-2026.xls,CORES workbooks retrieved 2 Sep. 2026; data through Jun. 2026.,Gasolinas; Querosenos; Gasóleos.,"t × product-specific bbl/t ÷ days in month ÷ 1,000,000.",CORES labels reported values as provisional; historic levels can be revised.,424038.480000000,0.128725967,0.002242877,410167.050000000,0.113821356,0.022518964,2510450.060000000,0.648234069,-0.039683156,-0.014921316
Spain,2023-03-01,Petroleum-product consumption,tonnes,Corporación de Reservas Estratégicas de Productos Petrolíferos (CORES),https://www.cores.es/sites/default/files/archivos/estadisticas/est-petroliferos-consumo-2026.xls,CORES workbooks retrieved 2 Sep. 2026; data through Jun. 2026.,Gasolinas; Querosenos; Gasóleos.,"t × product-specific bbl/t ÷ days in month ÷ 1,000,000.",CORES labels reported values as provisional; historic levels can be revised.,494604.350000000,0.135617322,0.016640329,491726.360000000,0.123248833,0.020595488,2635618.010000000,0.614694136,0.014022223,0.051258041
Spain,2023-04-01,Petroleum-product consumption,tonnes,Corporación de Reservas Estratégicas de Productos Petrolíferos (CORES),https://www.cores.es/sites/default/files/archivos/estadisticas/est-petroliferos-consumo-2026.xls,CORES workbooks retrieved 2 Sep. 2026; data through Jun. 2026.,Gasolinas; Querosenos; Gasóleos.,"t × product-specific bbl/t ÷ days in month ÷ 1,000,000.",CORES labels reported values as provisional; historic levels can be revised.,490606.720000000,0.139005237,0.005345004,544645.250000000,0.141063120,0.012866843,2285930.280000000,0.550909197,-0.087003735,-0.068791888
Spain,2023-05-01,Petroleum-product consumption,tonnes,Corporación de Reservas Estratégicas de Productos Petrolíferos (CORES),https://www.cores.es/sites/default/files/archivos/estadisticas/est-petroliferos-consumo-2026.xls,CORES workbooks retrieved 2 Sep. 2026; data through Jun. 2026.,Gasolinas; Querosenos; Gasóleos.,"t × product-specific bbl/t ÷ days in month ÷ 1,000,000.",CORES labels reported values as provisional; historic levels can be revised.,512687.250000000,0.140575536,0.009274558,566141.930000000,0.141900735,0.009050275,2495666.390000000,0.582053806,-0.041509471,-0.023184637
Spain,2023-06-01,Petroleum-product consumption,tonnes,Corporación de Reservas Estratégicas de Productos Petrolíferos (CORES),https://www.cores.es/sites/default/files/archivos/estadisticas/est-petroliferos-consumo-2026.xls,CORES workbooks retrieved 2 Sep. 2026; data through Jun. 2026.,Gasolinas; Querosenos; Gasóleos.,"t × product-specific bbl/t ÷ days in month ÷ 1,000,000.",CORES labels reported values as provisional; historic levels can be revised.,532688.280000000,0.150928346,0.008872362,585576.140000000,0.151664220,0.011650123,2523250.310000000,0.608103325,-0.024126831,-0.003604345
Spain,2023-07-01,Petroleum-product consumption,tonnes,Corporación de Reservas Estratégicas de Productos Petrolíferos (CORES),https://www.cores.es/sites/default/files/archivos/estadisticas/est-petroliferos-consumo-2026.xls,CORES workbooks retrieved 2 Sep. 2026; data through Jun. 2026.,Gasolinas; Querosenos; Gasóleos.,"t × product-specific bbl/t ÷ days in month ÷ 1,000,000.",CORES labels reported values as provisional; historic levels can be revised.,580224.390000000,0.159093784,0.012565462,648510.630000000,0.162546051,0.010190217,2466433.310000000,0.575235898,-0.034645288,-0.011889608
Spain,2023-08-01,Petroleum-product consumption,tonnes,Corporación de Reservas Estratégicas de Productos Petrolíferos (CORES),https://www.cores.es/sites/default/files/archivos/estadisticas/est-petroliferos-consumo-2026.xls,CORES workbooks retrieved 2 Sep. 2026; data through Jun. 2026.,Gasolinas; Querosenos; Gasóleos.,"t × product-specific bbl/t ÷ days in month ÷ 1,000,000.",CORES labels reported values as provisional; historic levels can be revised.,589130.830000000,0.161535873,0.006542804,660311.260000000,0.165503822,0.016106503,2287339.370000000,0.533466569,-0.066375691,-0.043726384
Spain,2023-09-01,Petroleum-product consumption,tonnes,Corporación de Reservas Estratégicas de Productos Petrolíferos (CORES),https://www.cores.es/sites/default/files/archivos/estadisticas/est-petroliferos-consumo-2026.xls,CORES workbooks retrieved 2 Sep. 2026; data through Jun. 2026.,Gasolinas; Querosenos; Gasóleos.,"t × product-specific bbl/t ÷ days in month ÷ 1,000,000.",CORES labels reported values as provisional; historic levels can be revised.,512813.300000000,0.145297102,0.004353014,613402.900000000,0.158871351,0.015215447,2369426.980000000,0.571031902,-0.070978508,-0.051410046
Spain,2023-10-01,Petroleum-product consumption,tonnes,Corporación de Reservas Estratégicas de Productos Petrolíferos (CORES),https://www.cores.es/sites/default/files/archivos/estadisticas/est-petroliferos-consumo-2026.xls,CORES workbooks retrieved 2 Sep. 2026; data through Jun. 2026.,Gasolinas; Querosenos; Gasóleos.,"t × product-specific bbl/t ÷ days in month ÷ 1,000,000.",CORES labels reported values as provisional; historic levels can be revised.,521924.770000000,0.143108405,0.011435864,616712.740000000,0.154576064,0.017656152,2475464.470000000,0.577342197,-0.019407496,0.009684520
Spain,2023-11-01,Petroleum-product consumption,tonnes,Corporación de Reservas Estratégicas de Productos Petrolíferos (CORES),https://www.cores.es/sites/default/files/archivos/estadisticas/est-petroliferos-consumo-2026.xls,CORES workbooks retrieved 2 Sep. 2026; data through Jun. 2026.,Gasolinas; Querosenos; Gasóleos.,"t × product-specific bbl/t ÷ days in month ÷ 1,000,000.",CORES labels reported values as provisional; historic levels can be revised.,481308.560000000,0.136370759,0.007514598,518960.110000000,0.134410668,0.017969529,2595839.820000000,0.625597397,-0.008768763,0.016715363
Spain,2023-12-01,Petroleum-product consumption,tonnes,Corporación de Reservas Estratégicas de Productos Petrolíferos (CORES),https://www.cores.es/sites/default/files/archivos/estadisticas/est-petroliferos-consumo-2026.xls,CORES workbooks retrieved 2 Sep. 2026; data through Jun. 2026.,Gasolinas; Querosenos; Gasóleos.,"t × product-specific bbl/t ÷ days in month ÷ 1,000,000.",CORES labels reported values as provisional; historic levels can be revised.,508731.750000000,0.139490964,-0.004590557,543694.840000000,0.136274481,0.020422620,2563661.530000000,0.597912028,-0.085553805,-0.069721741
Spain,2024-01-01,Petroleum-product consumption,tonnes,Corporación de Reservas Estratégicas de Productos Petrolíferos (CORES),https://www.cores.es/sites/default/files/archivos/estadisticas/est-petroliferos-consumo-2026.xls,CORES workbooks retrieved 2 Sep. 2026; data through Jun. 2026.,Gasolinas; Querosenos; Gasóleos.,"t × product-specific bbl/t ÷ days in month ÷ 1,000,000.",CORES labels reported values as provisional; historic levels can be revised.,472192.990000000,0.129472271,0.020156066,501422.760000000,0.125679189,0.014638384,2534459.830000000,0.591101438,0.066753690,0.101548140
Spain,2024-02-01,Petroleum-product consumption,tonnes,Corporación de Reservas Estratégicas de Productos Petrolíferos (CORES),https://www.cores.es/sites/default/files/archivos/estadisticas/est-petroliferos-consumo-2026.xls,CORES workbooks retrieved 2 Sep. 2026; data through Jun. 2026.,Gasolinas; Querosenos; Gasóleos.,"t × product-specific bbl/t ÷ days in month ÷ 1,000,000.",CORES labels reported values as provisional; historic levels can be revised.,463911.110000000,0.135973946,0.007247979,483394.650000000,0.129516429,0.015695072,2383329.230000000,0.594188632,-0.054045437,-0.031102386
Spain,2024-03-01,Petroleum-product consumption,tonnes,Corporación de Reservas Estratégicas de Productos Petrolíferos (CORES),https://www.cores.es/sites/default/files/archivos/estadisticas/est-petroliferos-consumo-2026.xls,CORES workbooks retrieved 2 Sep. 2026; data through Jun. 2026.,Gasolinas; Querosenos; Gasóleos.,"t × product-specific bbl/t ÷ days in month ÷ 1,000,000.",CORES labels reported values as provisional; historic levels can be revised.,509041.180000000,0.139575807,0.003958486,541370.180000000,0.135691816,0.012442983,2501124.500000000,0.583326779,-0.031367357,-0.014965888
Spain,2024-04-01,Petroleum-product consumption,tonnes,Corporación de Reservas Estratégicas de Productos Petrolíferos (CORES),https://www.cores.es/sites/default/files/archivos/estadisticas/est-petroliferos-consumo-2026.xls,CORES workbooks retrieved 2 Sep. 2026; data through Jun. 2026.,Gasolinas; Querosenos; Gasóleos.,"t × product-specific bbl/t ÷ days in month ÷ 1,000,000.",CORES labels reported values as provisional; historic levels can be revised.,537276.470000000,0.152228333,0.013223096,600293.190000000,0.155475936,0.014412816,2555811.060000000,0.615950465,0.065041268,0.092677180
Spain,2024-05-01,Petroleum-product consumption,tonnes,Corporación de Reservas Estratégicas de Productos Petrolíferos (CORES),https://www.cores.es/sites/default/files/archivos/estadisticas/est-petroliferos-consumo-2026.xls,CORES workbooks retrieved 2 Sep. 2026; data through Jun. 2026.,Gasolinas; Querosenos; Gasóleos.,"t × product-specific bbl/t ÷ days in month ÷ 1,000,000.",CORES labels reported values as provisional; historic levels can be revised.,556578.800000000,0.152610316,0.012034780,646870.430000000,0.162134943,0.020234208,2541704.910000000,0.592791177,0.010737371,0.043006359
Spain,2024-06-01,Petroleum-product consumption,tonnes,Corporación de Reservas Estratégicas de Productos Petrolíferos (CORES),https://www.cores.es/sites/default/files/archivos/estadisticas/est-petroliferos-consumo-2026.xls,CORES workbooks retrieved 2 Sep. 2026; data through Jun. 2026.,Gasolinas; Querosenos; Gasóleos.,"t × product-specific bbl/t ÷ days in month ÷ 1,000,000.",CORES labels reported values as provisional; historic levels can be revised.,542597.370000000,0.153735921,0.002807575,665966.460000000,0.172485313,0.020821093,2339936.500000000,0.563924696,-0.044178628,-0.020549960
Spain,2024-07-01,Petroleum-product consumption,tonnes,Corporación de Reservas Estratégicas de Productos Petrolíferos (CORES),https://www.cores.es/sites/default/files/archivos/estadisticas/est-petroliferos-consumo-2026.xls,CORES workbooks retrieved 2 Sep. 2026; data through Jun. 2026.,Gasolinas; Querosenos; Gasóleos.,"t × product-specific bbl/t ÷ days in month ÷ 1,000,000.",CORES labels reported values as provisional; historic levels can be revised.,627550.110000000,0.172070191,0.012976407,722754.510000000,0.181154921,0.018608869,2476526.290000000,0.577589841,0.002353943,0.033939220
Spain,2024-08-01,Petroleum-product consumption,tonnes,Corporación de Reservas Estratégicas de Productos Petrolíferos (CORES),https://www.cores.es/sites/default/files/archivos/estadisticas/est-petroliferos-consumo-2026.xls,CORES workbooks retrieved 2 Sep. 2026; data through Jun. 2026.,Gasolinas; Querosenos; Gasóleos.,"t × product-specific bbl/t ÷ days in month ÷ 1,000,000.",CORES labels reported values as provisional; historic levels can be revised.,649971.670000000,0.178218039,0.016682166,726090.140000000,0.181990980,0.016487158,2420927.590000000,0.564622790,0.031156220,0.064325544
Spain,2024-09-01,Petroleum-product consumption,tonnes,Corporación de Reservas Estratégicas de Productos Petrolíferos (CORES),https://www.cores.es/sites/default/files/archivos/estadisticas/est-petroliferos-consumo-2026.xls,CORES workbooks retrieved 2 Sep. 2026; data through Jun. 2026.,Gasolinas; Querosenos; Gasóleos.,"t × product-specific bbl/t ÷ days in month ÷ 1,000,000.",CORES labels reported values as provisional; historic levels can be revised.,546963.310000000,0.154972938,0.009675836,687642.370000000,0.178099374,0.019228023,2423041.730000000,0.583953057,0.012921155,0.041825014
Spain,2024-10-01,Petroleum-product consumption,tonnes,Corporación de Reservas Estratégicas de Productos Petrolíferos (CORES),https://www.cores.es/sites/default/files/archivos/estadisticas/est-petroliferos-consumo-2026.xls,CORES workbooks retrieved 2 Sep. 2026; data through Jun. 2026.,Gasolinas; Querosenos; Gasóleos.,"t × product-specific bbl/t ÷ days in month ÷ 1,000,000.",CORES labels reported values as provisional; historic levels can be revised.,560263.120000000,0.153620533,0.010512128,670208.720000000,0.167984573,0.013408509,2594097.150000000,0.605010400,0.027668202,0.051588839
Spain,2024-11-01,Petroleum-product consumption,tonnes,Corporación de Reservas Estratégicas de Productos Petrolíferos (CORES),https://www.cores.es/sites/default/files/archivos/estadisticas/est-petroliferos-consumo-2026.xls,CORES workbooks retrieved 2 Sep. 2026; data through Jun. 2026.,Gasolinas; Querosenos; Gasóleos.,"t × product-specific bbl/t ÷ days in month ÷ 1,000,000.",CORES labels reported values as provisional; historic levels can be revised.,507080.420000000,0.143672786,0.007302027,568799.950000000,0.147319187,0.012908519,2478605.190000000,0.597343851,-0.028253546,-0.008043000
Spain,2024-12-01,Petroleum-product consumption,tonnes,Corporación de Reservas Estratégicas de Productos Petrolíferos (CORES),https://www.cores.es/sites/default/files/archivos/estadisticas/est-petroliferos-consumo-2026.xls,CORES workbooks retrieved 2 Sep. 2026; data through Jun. 2026.,Gasolinas; Querosenos; Gasóleos.,"t × product-specific bbl/t ÷ days in month ÷ 1,000,000.",CORES labels reported values as provisional; historic levels can be revised.,548823.630000000,0.150483899,0.010992935,574608.830000000,0.144022923,0.007748442,2578658.450000000,0.601409697,0.003497669,0.022239046
Spain,2025-01-01,Petroleum-product consumption,tonnes,Corporación de Reservas Estratégicas de Productos Petrolíferos (CORES),https://www.cores.es/sites/default/files/archivos/estadisticas/est-petroliferos-consumo-2026.xls,CORES workbooks retrieved 2 Sep. 2026; data through Jun. 2026.,Gasolinas; Querosenos; Gasóleos.,"t × product-specific bbl/t ÷ days in month ÷ 1,000,000.",CORES labels reported values as provisional; historic levels can be revised.,504929.400000000,0.138448384,0.008976112,537087.530000000,0.134618391,0.008939202,2509085.940000000,0.585183592,-0.005917846,0.011997468
Spain,2025-02-01,Petroleum-product consumption,tonnes,Corporación de Reservas Estratégicas de Productos Petrolíferos (CORES),https://www.cores.es/sites/default/files/archivos/estadisticas/est-petroliferos-consumo-2026.xls,CORES workbooks retrieved 2 Sep. 2026; data through Jun. 2026.,Gasolinas; Querosenos; Gasóleos.,"t × product-specific bbl/t ÷ days in month ÷ 1,000,000.",CORES labels reported values as provisional; historic levels can be revised.,487797.700000000,0.148081445,0.012107499,506110.490000000,0.140445661,0.010929232,2395292.160000000,0.618498654,0.024310022,0.047346753
Spain,2025-03-01,Petroleum-product consumption,tonnes,Corporación de Reservas Estratégicas de Productos Petrolíferos (CORES),https://www.cores.es/sites/default/files/archivos/estadisticas/est-petroliferos-consumo-2026.xls,CORES workbooks retrieved 2 Sep. 2026; data through Jun. 2026.,Gasolinas; Querosenos; Gasóleos.,"t × product-specific bbl/t ÷ days in month ÷ 1,000,000.",CORES labels reported values as provisional; historic levels can be revised.,524968.850000000,0.143943072,0.004367264,579064.960000000,0.145139830,0.009448014,2550621.710000000,0.594870805,0.011544027,0.025359305
Spain,2025-04-01,Petroleum-product consumption,tonnes,Corporación de Reservas Estratégicas de Productos Petrolíferos (CORES),https://www.cores.es/sites/default/files/archivos/estadisticas/est-petroliferos-consumo-2026.xls,CORES workbooks retrieved 2 Sep. 2026; data through Jun. 2026.,Gasolinas; Querosenos; Gasóleos.,"t × product-specific bbl/t ÷ days in month ÷ 1,000,000.",CORES labels reported values as provisional; historic levels can be revised.,587874.290000000,0.166564382,0.014336049,624310.820000000,0.161696502,0.006220566,2583217.560000000,0.622555432,0.006604966,0.027161582
Spain,2025-05-01,Petroleum-product consumption,tonnes,Corporación de Reservas Estratégicas de Productos Petrolíferos (CORES),https://www.cores.es/sites/default/files/archivos/estadisticas/est-petroliferos-consumo-2026.xls,CORES workbooks retrieved 2 Sep. 2026; data through Jun. 2026.,Gasolinas; Querosenos; Gasóleos.,"t × product-specific bbl/t ÷ days in month ÷ 1,000,000.",CORES labels reported values as provisional; historic levels can be revised.,592332.150000000,0.162413654,0.009803338,665743.860000000,0.166865477,0.004730534,2617842.550000000,0.610548440,0.017757262,0.032291134
Spain,2025-06-01,Petroleum-product consumption,tonnes,Corporación de Reservas Estratégicas de Productos Petrolíferos (CORES),https://www.cores.es/sites/default/files/archivos/estadisticas/est-petroliferos-consumo-2026.xls,CORES workbooks retrieved 2 Sep. 2026; data through Jun. 2026.,Gasolinas; Querosenos; Gasóleos.,"t × product-specific bbl/t ÷ days in month ÷ 1,000,000.",CORES labels reported values as provisional; historic levels can be revised.,613836.860000000,0.173920444,0.020184522,694021.660000000,0.179751610,0.007266297,2582330.900000000,0.622341747,0.058417050,0.085867869
Spain,2025-07-01,Petroleum-product consumption,tonnes,Corporación de Reservas Estratégicas de Productos Petrolíferos (CORES),https://www.cores.es/sites/default/files/archivos/estadisticas/est-petroliferos-consumo-2026.xls,CORES workbooks retrieved 2 Sep. 2026; data through Jun. 2026.,Gasolinas; Querosenos; Gasóleos.,"t × product-specific bbl/t ÷ days in month ÷ 1,000,000.",CORES labels reported values as provisional; historic levels can be revised.,686938.260000000,0.188354039,0.016283848,762021.460000000,0.190996992,0.009842071,2699500.840000000,0.629593260,0.052003419,0.078129338
Spain,2025-08-01,Petroleum-product consumption,tonnes,Corporación de Reservas Estratégicas de Productos Petrolíferos (CORES),https://www.cores.es/sites/default/files/archivos/estadisticas/est-petroliferos-consumo-2026.xls,CORES workbooks retrieved 2 Sep. 2026; data through Jun. 2026.,Gasolinas; Querosenos; Gasóleos.,"t × product-specific bbl/t ÷ days in month ÷ 1,000,000.",CORES labels reported values as provisional; historic levels can be revised.,672186.190000000,0.184309117,0.006091078,758070.190000000,0.190006625,0.008015645,2379877.690000000,0.555048894,-0.009573896,0.004532827
Spain,2025-09-01,Petroleum-product consumption,tonnes,Corporación de Reservas Estratégicas de Productos Petrolíferos (CORES),https://www.cores.es/sites/default/files/archivos/estadisticas/est-petroliferos-consumo-2026.xls,CORES workbooks retrieved 2 Sep. 2026; data through Jun. 2026.,Gasolinas; Querosenos; Gasóleos.,"t × product-specific bbl/t ÷ days in month ÷ 1,000,000.",CORES labels reported values as provisional; historic levels can be revised.,606524.420000000,0.171848586,0.016875648,708654.640000000,0.183541552,0.005442178,2485144.930000000,0.598919928,0.014966871,0.037284697
Spain,2025-10-01,Petroleum-product consumption,tonnes,Corporación de Reservas Estratégicas de Productos Petrolíferos (CORES),https://www.cores.es/sites/default/files/archivos/estadisticas/est-petroliferos-consumo-2026.xls,CORES workbooks retrieved 2 Sep. 2026; data through Jun. 2026.,Gasolinas; Querosenos; Gasóleos.,"t × product-specific bbl/t ÷ days in month ÷ 1,000,000.",CORES labels reported values as provisional; historic levels can be revised.,613243.460000000,0.168147400,0.014526867,716367.530000000,0.179554055,0.011569482,2672895.560000000,0.623388223,0.018377823,0.044474173
Spain,2025-11-01,Petroleum-product consumption,tonnes,Corporación de Reservas Estratégicas de Productos Petrolíferos (CORES),https://www.cores.es/sites/default/files/archivos/estadisticas/est-petroliferos-consumo-2026.xls,CORES workbooks retrieved 2 Sep. 2026; data through Jun. 2026.,Gasolinas; Querosenos; Gasóleos.,"t × product-specific bbl/t ÷ days in month ÷ 1,000,000.",CORES labels reported values as provisional; historic levels can be revised.,538951.930000000,0.152703047,0.009030261,591344.510000000,0.153158228,0.005839041,2506511.380000000,0.604069243,0.006725392,0.021594694
Spain,2025-12-01,Petroleum-product consumption,tonnes,Corporación de Reservas Estratégicas de Productos Petrolíferos (CORES),https://www.cores.es/sites/default/files/archivos/estadisticas/est-petroliferos-consumo-2026.xls,CORES workbooks retrieved 2 Sep. 2026; data through Jun. 2026.,Gasolinas; Querosenos; Gasóleos.,"t × product-specific bbl/t ÷ days in month ÷ 1,000,000.",CORES labels reported values as provisional; historic levels can be revised.,600008.590000000,0.164518484,0.014034586,601507.340000000,0.150764904,0.006741981,2698345.940000000,0.629323908,0.027914211,0.048690779
Spain,2026-01-01,Petroleum-product consumption,tonnes,Corporación de Reservas Estratégicas de Productos Petrolíferos (CORES),https://www.cores.es/sites/default/files/archivos/estadisticas/est-petroliferos-consumo-2026.xls,CORES workbooks retrieved 2 Sep. 2026; data through Jun. 2026.,Gasolinas; Querosenos; Gasóleos.,"t × product-specific bbl/t ÷ days in month ÷ 1,000,000.",CORES labels reported values as provisional; historic levels can be revised.,533992.770000000,0.146417372,0.007968989,554334.090000000,0.138941157,0.004322767,2503593.500000000,0.583902613,-0.001280979,0.011010777
Spain,2026-02-01,Petroleum-product consumption,tonnes,Corporación de Reservas Estratégicas de Productos Petrolíferos (CORES),https://www.cores.es/sites/default/files/archivos/estadisticas/est-petroliferos-consumo-2026.xls,CORES workbooks retrieved 2 Sep. 2026; data through Jun. 2026.,Gasolinas; Querosenos; Gasóleos.,"t × product-specific bbl/t ÷ days in month ÷ 1,000,000.",CORES labels reported values as provisional; historic levels can be revised.,513422.670000000,0.155860453,0.007779009,510650.210000000,0.141705433,0.001259772,2391063.060000000,0.617406640,-0.001092014,0.007946767
Spain,2026-03-01,Petroleum-product consumption,tonnes,Corporación de Reservas Estratégicas de Productos Petrolíferos (CORES),https://www.cores.es/sites/default/files/archivos/estadisticas/est-petroliferos-consumo-2026.xls,CORES workbooks retrieved 2 Sep. 2026; data through Jun. 2026.,Gasolinas; Querosenos; Gasóleos.,"t × product-specific bbl/t ÷ days in month ÷ 1,000,000.",CORES labels reported values as provisional; historic levels can be revised.,605941.870000000,0.166145351,0.022202280,626125.080000000,0.156935222,0.011795391,2640100.340000000,0.615739531,0.020868726,0.054866397
Spain,2026-04-01,Petroleum-product consumption,tonnes,Corporación de Reservas Estratégicas de Productos Petrolíferos (CORES),https://www.cores.es/sites/default/files/archivos/estadisticas/est-petroliferos-consumo-2026.xls,CORES workbooks retrieved 2 Sep. 2026; data through Jun. 2026.,Gasolinas; Querosenos; Gasóleos.,"t × product-specific bbl/t ÷ days in month ÷ 1,000,000.",CORES labels reported values as provisional; historic levels can be revised.,610057.940000000,0.172849750,0.006285367,651532.380000000,0.168746886,0.007050384,2417016.550000000,0.582500989,-0.040054443,-0.026718692
Spain,2026-05-01,Petroleum-product consumption,tonnes,Corporación de Reservas Estratégicas de Productos Petrolíferos (CORES),https://www.cores.es/sites/default/files/archivos/estadisticas/est-petroliferos-consumo-2026.xls,CORES workbooks retrieved 2 Sep. 2026; data through Jun. 2026.,Gasolinas; Querosenos; Gasóleos.,"t × product-specific bbl/t ÷ days in month ÷ 1,000,000.",CORES labels reported values as provisional; historic levels can be revised.,602369.010000000,0.165165696,0.002752042,703608.010000000,0.176355943,0.009490466,2366130.530000000,0.551842701,-0.058705739,-0.046463231
Spain,2026-06-01,Petroleum-product consumption,tonnes,Corporación de Reservas Estratégicas de Productos Petrolíferos (CORES),https://www.cores.es/sites/default/files/archivos/estadisticas/est-petroliferos-consumo-2026.xls,CORES workbooks retrieved 2 Sep. 2026; data through Jun. 2026.,Gasolinas; Querosenos; Gasóleos.,"t × product-specific bbl/t ÷ days in month ÷ 1,000,000.",CORES labels reported values as provisional; historic levels can be revised.,687410.350000000,0.194766266,0.020845822,730168.310000000,0.189113592,0.009361982,2636452.530000000,0.635385060,0.013043313,0.043251117
United Kingdom,2021-07-01,Deliveries for inland consumption,kt,Department for Energy Security and Net Zero (DESNZ),https://assets.publishing.service.gov.uk/media/6a8ecd5c01bbff0bf8f97a07/ET_3.13_AUG_26.xlsx,"DESNZ Energy Trends, August 2026 vintage; data through Jun. 2026.",Petrol; Jet fuel; White diesel + Red diesel.,"kt × 1,000 × product-specific bbl/t ÷ days in month ÷ 1,000,000.",June 2026 is provisional; the combined diesel series is affected by red-diesel policy changes.,941.290000000,0.258095645,0.061671613,392.300000000,0.098328097,0.024412839,2338.230000000,0.545335577,0.008323829,0.094408281
United Kingdom,2021-08-01,Deliveries for inland consumption,kt,Department for Energy Security and Net Zero (DESNZ),https://assets.publishing.service.gov.uk/media/6a8ecd5c01bbff0bf8f97a07/ET_3.13_AUG_26.xlsx,"DESNZ Energy Trends, August 2026 vintage; data through Jun. 2026.",Petrol; Jet fuel; White diesel + Red diesel.,"kt × 1,000 × product-specific bbl/t ÷ days in month ÷ 1,000,000.",June 2026 is provisional; the combined diesel series is affected by red-diesel policy changes.,963.420000000,0.264163548,0.028724516,545.560000000,0.136741974,0.034676758,2344.090000000,0.546702281,0.013860610,0.077261884
United Kingdom,2021-09-01,Deliveries for inland consumption,kt,Department for Energy Security and Net Zero (DESNZ),https://assets.publishing.service.gov.uk/media/6a8ecd5c01bbff0bf8f97a07/ET_3.13_AUG_26.xlsx,"DESNZ Energy Trends, August 2026 vintage; data through Jun. 2026.",Petrol; Jet fuel; White diesel + Red diesel.,"kt × 1,000 × product-specific bbl/t ÷ days in month ÷ 1,000,000.",June 2026 is provisional; the combined diesel series is affected by red-diesel policy changes.,959.920000000,0.271977333,0.025874000,487.640000000,0.126298760,0.023970450,2485.900000000,0.599101900,0.014129830,0.063974280
United Kingdom,2021-10-01,Deliveries for inland consumption,kt,Department for Energy Security and Net Zero (DESNZ),https://assets.publishing.service.gov.uk/media/6a8ecd5c01bbff0bf8f97a07/ET_3.13_AUG_26.xlsx,"DESNZ Energy Trends, August 2026 vintage; data through Jun. 2026.",Petrol; Jet fuel; White diesel + Red diesel.,"kt × 1,000 × product-specific bbl/t ÷ days in month ÷ 1,000,000.",June 2026 is provisional; the combined diesel series is affected by red-diesel policy changes.,941.440000000,0.258136774,0.012212581,572.230000000,0.143426681,0.049868361,2345.220000000,0.546965826,0.011861865,0.073942806
United Kingdom,2021-11-01,Deliveries for inland consumption,kt,Department for Energy Security and Net Zero (DESNZ),https://assets.publishing.service.gov.uk/media/6a8ecd5c01bbff0bf8f97a07/ET_3.13_AUG_26.xlsx,"DESNZ Energy Trends, August 2026 vintage; data through Jun. 2026.",Petrol; Jet fuel; White diesel + Red diesel.,"kt × 1,000 × product-specific bbl/t ÷ days in month ÷ 1,000,000.",June 2026 is provisional; the combined diesel series is affected by red-diesel policy changes.,924.920000000,0.262060667,0.035510167,530.520000000,0.137404680,0.048236160,2329.300000000,0.561361300,0.029375490,0.113121817
United Kingdom,2021-12-01,Deliveries for inland consumption,kt,Department for Energy Security and Net Zero (DESNZ),https://assets.publishing.service.gov.uk/media/6a8ecd5c01bbff0bf8f97a07/ET_3.13_AUG_26.xlsx,"DESNZ Energy Trends, August 2026 vintage; data through Jun. 2026.",Petrol; Jet fuel; White diesel + Red diesel.,"kt × 1,000 × product-specific bbl/t ÷ days in month ÷ 1,000,000.",June 2026 is provisional; the combined diesel series is affected by red-diesel policy changes.,947.060000000,0.259677742,0.070042742,715.730000000,0.179394261,0.103012655,2327.440000000,0.542819071,0.072612523,0.245667919
United Kingdom,2022-01-01,Deliveries for inland consumption,kt,Department for Energy Security and Net Zero (DESNZ),https://assets.publishing.service.gov.uk/media/6a8ecd5c01bbff0bf8f97a07/ET_3.13_AUG_26.xlsx,"DESNZ Energy Trends, August 2026 vintage; data through Jun. 2026.",Petrol; Jet fuel; White diesel + Red diesel.,"kt × 1,000 × product-specific bbl/t ÷ days in month ÷ 1,000,000.",June 2026 is provisional; the combined diesel series is affected by red-diesel policy changes.,843.810000000,0.231367258,0.033975323,493.110000000,0.123595635,0.059896674,1895.870000000,0.442165810,0.032915158,0.126787155
United Kingdom,2022-02-01,Deliveries for inland consumption,kt,Department for Energy Security and Net Zero (DESNZ),https://assets.publishing.service.gov.uk/media/6a8ecd5c01bbff0bf8f97a07/ET_3.13_AUG_26.xlsx,"DESNZ Energy Trends, August 2026 vintage; data through Jun. 2026.",Petrol; Jet fuel; White diesel + Red diesel.,"kt × 1,000 × product-specific bbl/t ÷ days in month ÷ 1,000,000.",June 2026 is provisional; the combined diesel series is affected by red-diesel policy changes.,867.860000000,0.263457500,0.104203929,492.510000000,0.136671525,0.077000700,2164.580000000,0.558925479,0.084505789,0.265710418
United Kingdom,2022-03-01,Deliveries for inland consumption,kt,Department for Energy Security and Net Zero (DESNZ),https://assets.publishing.service.gov.uk/media/6a8ecd5c01bbff0bf8f97a07/ET_3.13_AUG_26.xlsx,"DESNZ Energy Trends, August 2026 vintage; data through Jun. 2026.",Petrol; Jet fuel; White diesel + Red diesel.,"kt × 1,000 × product-specific bbl/t ÷ days in month ÷ 1,000,000.",June 2026 is provisional; the combined diesel series is affected by red-diesel policy changes.,857.740000000,0.235186774,0.074764355,635.870000000,0.159377739,0.094400487,2248.040000000,0.524300942,0.070933297,0.240098139
United Kingdom,2022-04-01,Deliveries for inland consumption,kt,Department for Energy Security and Net Zero (DESNZ),https://assets.publishing.service.gov.uk/media/6a8ecd5c01bbff0bf8f97a07/ET_3.13_AUG_26.xlsx,"DESNZ Energy Trends, August 2026 vintage; data through Jun. 2026.",Petrol; Jet fuel; White diesel + Red diesel.,"kt × 1,000 × product-specific bbl/t ÷ days in month ÷ 1,000,000.",June 2026 is provisional; the combined diesel series is affected by red-diesel policy changes.,874.740000000,0.247843000,0.027596667,834.270000000,0.216075930,0.148285270,2179.680000000,0.525302880,-0.004509110,0.171372827
United Kingdom,2022-05-01,Deliveries for inland consumption,kt,Department for Energy Security and Net Zero (DESNZ),https://assets.publishing.service.gov.uk/media/6a8ecd5c01bbff0bf8f97a07/ET_3.13_AUG_26.xlsx,"DESNZ Energy Trends, August 2026 vintage; data through Jun. 2026.",Petrol; Jet fuel; White diesel + Red diesel.,"kt × 1,000 × product-specific bbl/t ÷ days in month ÷ 1,000,000.",June 2026 is provisional; the combined diesel series is affected by red-diesel policy changes.,974.740000000,0.267267419,0.016448871,907.730000000,0.227518132,0.159054406,2218.760000000,0.517472090,-0.013958565,0.161544713
United Kingdom,2022-06-01,Deliveries for inland consumption,kt,Department for Energy Security and Net Zero (DESNZ),https://assets.publishing.service.gov.uk/media/6a8ecd5c01bbff0bf8f97a07/ET_3.13_AUG_26.xlsx,"DESNZ Energy Trends, August 2026 vintage; data through Jun. 2026.",Petrol; Jet fuel; White diesel + Red diesel.,"kt × 1,000 × product-specific bbl/t ÷ days in month ÷ 1,000,000.",June 2026 is provisional; the combined diesel series is affected by red-diesel policy changes.,973.120000000,0.275717333,0.003776833,872.530000000,0.225985270,0.144229330,2097.460000000,0.505487860,-0.058620840,0.089385323
United Kingdom,2022-07-01,Deliveries for inland consumption,kt,Department for Energy Security and Net Zero (DESNZ),https://assets.publishing.service.gov.uk/media/6a8ecd5c01bbff0bf8f97a07/ET_3.13_AUG_26.xlsx,"DESNZ Energy Trends, August 2026 vintage; data through Jun. 2026.",Petrol; Jet fuel; White diesel + Red diesel.,"kt × 1,000 × product-specific bbl/t ÷ days in month ÷ 1,000,000.",June 2026 is provisional; the combined diesel series is affected by red-diesel policy changes.,885.290000000,0.242740806,-0.015354839,979.140000000,0.245416703,0.147088606,2093.320000000,0.488216245,-0.057119332,0.074614435
United Kingdom,2022-08-01,Deliveries for inland consumption,kt,Department for Energy Security and Net Zero (DESNZ),https://assets.publishing.service.gov.uk/media/6a8ecd5c01bbff0bf8f97a07/ET_3.13_AUG_26.xlsx,"DESNZ Energy Trends, August 2026 vintage; data through Jun. 2026.",Petrol; Jet fuel; White diesel + Red diesel.,"kt × 1,000 × product-specific bbl/t ÷ days in month ÷ 1,000,000.",June 2026 is provisional; the combined diesel series is affected by red-diesel policy changes.,941.230000000,0.258079194,-0.006084355,1007.300000000,0.252474871,0.115732897,2254.220000000,0.525742277,-0.020960003,0.088688539
United Kingdom,2022-09-01,Deliveries for inland consumption,kt,Department for Energy Security and Net Zero (DESNZ),https://assets.publishing.service.gov.uk/media/6a8ecd5c01bbff0bf8f97a07/ET_3.13_AUG_26.xlsx,"DESNZ Energy Trends, August 2026 vintage; data through Jun. 2026.",Petrol; Jet fuel; White diesel + Red diesel.,"kt × 1,000 × product-specific bbl/t ÷ days in month ÷ 1,000,000.",June 2026 is provisional; the combined diesel series is affected by red-diesel policy changes.,927.330000000,0.262743500,-0.009233833,914.360000000,0.236819240,0.110520480,2114.830000000,0.509674030,-0.089427870,0.011858777
United Kingdom,2022-10-01,Deliveries for inland consumption,kt,Department for Energy Security and Net Zero (DESNZ),https://assets.publishing.service.gov.uk/media/6a8ecd5c01bbff0bf8f97a07/ET_3.13_AUG_26.xlsx,"DESNZ Energy Trends, August 2026 vintage; data through Jun. 2026.",Petrol; Jet fuel; White diesel + Red diesel.,"kt × 1,000 × product-specific bbl/t ÷ days in month ÷ 1,000,000.",June 2026 is provisional; the combined diesel series is affected by red-diesel policy changes.,955.470000000,0.261983710,0.003846935,896.140000000,0.224613155,0.081186474,2174.120000000,0.507060890,-0.039904935,0.045128474
United Kingdom,2022-11-01,Deliveries for inland consumption,kt,Department for Energy Security and Net Zero (DESNZ),https://assets.publishing.service.gov.uk/media/6a8ecd5c01bbff0bf8f97a07/ET_3.13_AUG_26.xlsx,"DESNZ Energy Trends, August 2026 vintage; data through Jun. 2026.",Petrol; Jet fuel; White diesel + Red diesel.,"kt × 1,000 × product-specific bbl/t ÷ days in month ÷ 1,000,000.",June 2026 is provisional; the combined diesel series is affected by red-diesel policy changes.,934.460000000,0.264763667,0.002703000,742.970000000,0.192429230,0.055024550,2156.280000000,0.519663480,-0.041697820,0.016029730
United Kingdom,2022-12-01,Deliveries for inland consumption,kt,Department for Energy Security and Net Zero (DESNZ),https://assets.publishing.service.gov.uk/media/6a8ecd5c01bbff0bf8f97a07/ET_3.13_AUG_26.xlsx,"DESNZ Energy Trends, August 2026 vintage; data through Jun. 2026.",Petrol; Jet fuel; White diesel + Red diesel.,"kt × 1,000 × product-specific bbl/t ÷ days in month ÷ 1,000,000.",June 2026 is provisional; the combined diesel series is affected by red-diesel policy changes.,931.500000000,0.255411290,-0.004266452,774.060000000,0.194014394,0.014620132,2061.710000000,0.480843977,-0.061975094,-0.051621413
United Kingdom,2023-01-01,Deliveries for inland consumption,kt,Department for Energy Security and Net Zero (DESNZ),https://assets.publishing.service.gov.uk/media/6a8ecd5c01bbff0bf8f97a07/ET_3.13_AUG_26.xlsx,"DESNZ Energy Trends, August 2026 vintage; data through Jun. 2026.",Petrol; Jet fuel; White diesel + Red diesel.,"kt × 1,000 × product-specific bbl/t ÷ days in month ÷ 1,000,000.",June 2026 is provisional; the combined diesel series is affected by red-diesel policy changes.,930.000000000,0.255000000,0.023632742,771.770000000,0.193440416,0.069844781,1913.390000000,0.446251926,0.004086116,0.097563639
United Kingdom,2023-02-01,Deliveries for inland consumption,kt,Department for Energy Security and Net Zero (DESNZ),https://assets.publishing.service.gov.uk/media/6a8ecd5c01bbff0bf8f97a07/ET_3.13_AUG_26.xlsx,"DESNZ Energy Trends, August 2026 vintage; data through Jun. 2026.",Petrol; Jet fuel; White diesel + Red diesel.,"kt × 1,000 × product-specific bbl/t ÷ days in month ÷ 1,000,000.",June 2026 is provisional; the combined diesel series is affected by red-diesel policy changes.,980.880000000,0.297767143,0.034309643,744.830000000,0.206690325,0.070018800,1952.480000000,0.504158229,-0.054767250,0.049561193
United Kingdom,2023-03-01,Deliveries for inland consumption,kt,Department for Energy Security and Net Zero (DESNZ),https://assets.publishing.service.gov.uk/media/6a8ecd5c01bbff0bf8f97a07/ET_3.13_AUG_26.xlsx,"DESNZ Energy Trends, August 2026 vintage; data through Jun. 2026.",Petrol; Jet fuel; White diesel + Red diesel.,"kt × 1,000 × product-specific bbl/t ÷ days in month ÷ 1,000,000.",June 2026 is provisional; the combined diesel series is affected by red-diesel policy changes.,841.880000000,0.230838065,-0.004348710,759.850000000,0.190452726,0.031074987,2200.150000000,0.513131758,-0.011169184,0.015557094
United Kingdom,2023-04-01,Deliveries for inland consumption,kt,Department for Energy Security and Net Zero (DESNZ),https://assets.publishing.service.gov.uk/media/6a8ecd5c01bbff0bf8f97a07/ET_3.13_AUG_26.xlsx,"DESNZ Energy Trends, August 2026 vintage; data through Jun. 2026.",Petrol; Jet fuel; White diesel + Red diesel.,"kt × 1,000 × product-specific bbl/t ÷ days in month ÷ 1,000,000.",June 2026 is provisional; the combined diesel series is affected by red-diesel policy changes.,913.510000000,0.258827833,0.010984833,878.240000000,0.227464160,0.011388230,1971.050000000,0.475023050,-0.050279830,-0.027906767
United Kingdom,2023-05-01,Deliveries for inland consumption,kt,Department for Energy Security and Net Zero (DESNZ),https://assets.publishing.service.gov.uk/media/6a8ecd5c01bbff0bf8f97a07/ET_3.13_AUG_26.xlsx,"DESNZ Energy Trends, August 2026 vintage; data through Jun. 2026.",Petrol; Jet fuel; White diesel + Red diesel.,"kt × 1,000 × product-specific bbl/t ÷ days in month ÷ 1,000,000.",June 2026 is provisional; the combined diesel series is affected by red-diesel policy changes.,969.620000000,0.265863548,-0.001403871,984.910000000,0.246862926,0.019344794,2152.800000000,0.502088516,-0.015383574,0.002557348
United Kingdom,2023-06-01,Deliveries for inland consumption,kt,Department for Energy Security and Net Zero (DESNZ),https://assets.publishing.service.gov.uk/media/6a8ecd5c01bbff0bf8f97a07/ET_3.13_AUG_26.xlsx,"DESNZ Energy Trends, August 2026 vintage; data through Jun. 2026.",Petrol; Jet fuel; White diesel + Red diesel.,"kt × 1,000 × product-specific bbl/t ÷ days in month ÷ 1,000,000.",June 2026 is provisional; the combined diesel series is affected by red-diesel policy changes.,981.150000000,0.277992500,0.002275167,1007.130000000,0.260846670,0.034861400,2246.350000000,0.541370350,0.035882490,0.073019057
United Kingdom,2023-07-01,Deliveries for inland consumption,kt,Department for Energy Security and Net Zero (DESNZ),https://assets.publishing.service.gov.uk/media/6a8ecd5c01bbff0bf8f97a07/ET_3.13_AUG_26.xlsx,"DESNZ Energy Trends, August 2026 vintage; data through Jun. 2026.",Petrol; Jet fuel; White diesel + Red diesel.,"kt × 1,000 × product-specific bbl/t ÷ days in month ÷ 1,000,000.",June 2026 is provisional; the combined diesel series is affected by red-diesel policy changes.,985.160000000,0.270124516,0.027383710,1072.200000000,0.268741742,0.023325039,2029.110000000,0.473240816,-0.014975429,0.035733319
United Kingdom,2023-08-01,Deliveries for inland consumption,kt,Department for Energy Security and Net Zero (DESNZ),https://assets.publishing.service.gov.uk/media/6a8ecd5c01bbff0bf8f97a07/ET_3.13_AUG_26.xlsx,"DESNZ Energy Trends, August 2026 vintage; data through Jun. 2026.",Petrol; Jet fuel; White diesel + Red diesel.,"kt × 1,000 × product-specific bbl/t ÷ days in month ÷ 1,000,000.",June 2026 is provisional; the combined diesel series is affected by red-diesel policy changes.,978.520000000,0.268303871,0.010224677,1083.150000000,0.271486306,0.019011435,2100.360000000,0.489858155,-0.035884123,-0.006648010
United Kingdom,2023-09-01,Deliveries for inland consumption,kt,Department for Energy Security and Net Zero (DESNZ),https://assets.publishing.service.gov.uk/media/6a8ecd5c01bbff0bf8f97a07/ET_3.13_AUG_26.xlsx,"DESNZ Energy Trends, August 2026 vintage; data through Jun. 2026.",Petrol; Jet fuel; White diesel + Red diesel.,"kt × 1,000 × product-specific bbl/t ÷ days in month ÷ 1,000,000.",June 2026 is provisional; the combined diesel series is affected by red-diesel policy changes.,992.280000000,0.281146000,0.018402500,1025.570000000,0.265622630,0.028803390,2142.600000000,0.516366600,0.006692570,0.053898460
United Kingdom,2023-10-01,Deliveries for inland consumption,kt,Department for Energy Security and Net Zero (DESNZ),https://assets.publishing.service.gov.uk/media/6a8ecd5c01bbff0bf8f97a07/ET_3.13_AUG_26.xlsx,"DESNZ Energy Trends, August 2026 vintage; data through Jun. 2026.",Petrol; Jet fuel; White diesel + Red diesel.,"kt × 1,000 × product-specific bbl/t ÷ days in month ÷ 1,000,000.",June 2026 is provisional; the combined diesel series is affected by red-diesel policy changes.,988.540000000,0.271051290,0.009067581,1028.890000000,0.257886300,0.033273145,2104.720000000,0.490875019,-0.016185871,0.026154855
United Kingdom,2023-11-01,Deliveries for inland consumption,kt,Department for Energy Security and Net Zero (DESNZ),https://assets.publishing.service.gov.uk/media/6a8ecd5c01bbff0bf8f97a07/ET_3.13_AUG_26.xlsx,"DESNZ Energy Trends, August 2026 vintage; data through Jun. 2026.",Petrol; Jet fuel; White diesel + Red diesel.,"kt × 1,000 × product-specific bbl/t ÷ days in month ÷ 1,000,000.",June 2026 is provisional; the combined diesel series is affected by red-diesel policy changes.,956.500000000,0.271008333,0.006244667,878.110000000,0.227430490,0.035001260,2060.900000000,0.496676900,-0.022986580,0.018259347
United Kingdom,2023-12-01,Deliveries for inland consumption,kt,Department for Energy Security and Net Zero (DESNZ),https://assets.publishing.service.gov.uk/media/6a8ecd5c01bbff0bf8f97a07/ET_3.13_AUG_26.xlsx,"DESNZ Energy Trends, August 2026 vintage; data through Jun. 2026.",Petrol; Jet fuel; White diesel + Red diesel.,"kt × 1,000 × product-specific bbl/t ÷ days in month ÷ 1,000,000.",June 2026 is provisional; the combined diesel series is affected by red-diesel policy changes.,941.930000000,0.258271129,0.002859839,847.720000000,0.212476916,0.018462523,2106.630000000,0.491320481,0.010476503,0.031798865
United Kingdom,2024-01-01,Deliveries for inland consumption,kt,Department for Energy Security and Net Zero (DESNZ),https://assets.publishing.service.gov.uk/media/6a8ecd5c01bbff0bf8f97a07/ET_3.13_AUG_26.xlsx,"DESNZ Energy Trends, August 2026 vintage; data through Jun. 2026.",Petrol; Jet fuel; White diesel + Red diesel.,"kt × 1,000 × product-specific bbl/t ÷ days in month ÷ 1,000,000.",June 2026 is provisional; the combined diesel series is affected by red-diesel policy changes.,948.570000000,0.260091774,0.005091774,837.650000000,0.209952919,0.016512503,1943.170000000,0.453197390,0.006945465,0.028549742
United Kingdom,2024-02-01,Deliveries for inland consumption,kt,Department for Energy Security and Net Zero (DESNZ),https://assets.publishing.service.gov.uk/media/6a8ecd5c01bbff0bf8f97a07/ET_3.13_AUG_26.xlsx,"DESNZ Energy Trends, August 2026 vintage; data through Jun. 2026.",Petrol; Jet fuel; White diesel + Red diesel.,"kt × 1,000 × product-specific bbl/t ÷ days in month ÷ 1,000,000.",June 2026 is provisional; the combined diesel series is affected by red-diesel policy changes.,985.990000000,0.288997069,-0.008770074,819.700000000,0.219623069,0.012932744,2085.150000000,0.519849466,0.015691237,0.019853907
United Kingdom,2024-03-01,Deliveries for inland consumption,kt,Department for Energy Security and Net Zero (DESNZ),https://assets.publishing.service.gov.uk/media/6a8ecd5c01bbff0bf8f97a07/ET_3.13_AUG_26.xlsx,"DESNZ Energy Trends, August 2026 vintage; data through Jun. 2026.",Petrol; Jet fuel; White diesel + Red diesel.,"kt × 1,000 × product-specific bbl/t ÷ days in month ÷ 1,000,000.",June 2026 is provisional; the combined diesel series is affected by red-diesel policy changes.,906.890000000,0.248663387,0.017825323,909.230000000,0.227894100,0.037441374,1967.230000000,0.458808803,-0.054322955,0.000943742
United Kingdom,2024-04-01,Deliveries for inland consumption,kt,Department for Energy Security and Net Zero (DESNZ),https://assets.publishing.service.gov.uk/media/6a8ecd5c01bbff0bf8f97a07/ET_3.13_AUG_26.xlsx,"DESNZ Energy Trends, August 2026 vintage; data through Jun. 2026.",Petrol; Jet fuel; White diesel + Red diesel.,"kt × 1,000 × product-specific bbl/t ÷ days in month ÷ 1,000,000.",June 2026 is provisional; the combined diesel series is affected by red-diesel policy changes.,986.600000000,0.279536667,0.020708833,973.050000000,0.252019950,0.024555790,2200.220000000,0.530253020,0.055229970,0.100494593
United Kingdom,2024-05-01,Deliveries for inland consumption,kt,Department for Energy Security and Net Zero (DESNZ),https://assets.publishing.service.gov.uk/media/6a8ecd5c01bbff0bf8f97a07/ET_3.13_AUG_26.xlsx,"DESNZ Energy Trends, August 2026 vintage; data through Jun. 2026.",Petrol; Jet fuel; White diesel + Red diesel.,"kt × 1,000 × product-specific bbl/t ÷ days in month ÷ 1,000,000.",June 2026 is provisional; the combined diesel series is affected by red-diesel policy changes.,984.410000000,0.269918871,0.004055323,1042.790000000,0.261370268,0.014507342,2178.030000000,0.507972803,0.005884287,0.024446952
United Kingdom,2024-06-01,Deliveries for inland consumption,kt,Department for Energy Security and Net Zero (DESNZ),https://assets.publishing.service.gov.uk/media/6a8ecd5c01bbff0bf8f97a07/ET_3.13_AUG_26.xlsx,"DESNZ Energy Trends, August 2026 vintage; data through Jun. 2026.",Petrol; Jet fuel; White diesel + Red diesel.,"kt × 1,000 × product-specific bbl/t ÷ days in month ÷ 1,000,000.",June 2026 is provisional; the combined diesel series is affected by red-diesel policy changes.,1024.380000000,0.290241000,0.012248500,1050.760000000,0.272146840,0.011300170,2102.560000000,0.506716960,-0.034653390,-0.011104720
United Kingdom,2024-07-01,Deliveries for inland consumption,kt,Department for Energy Security and Net Zero (DESNZ),https://assets.publishing.service.gov.uk/media/6a8ecd5c01bbff0bf8f97a07/ET_3.13_AUG_26.xlsx,"DESNZ Energy Trends, August 2026 vintage; data through Jun. 2026.",Petrol; Jet fuel; White diesel + Red diesel.,"kt × 1,000 × product-specific bbl/t ÷ days in month ÷ 1,000,000.",June 2026 is provisional; the combined diesel series is affected by red-diesel policy changes.,993.920000000,0.272526452,0.002401935,1197.620000000,0.300177658,0.031435916,2154.080000000,0.502387045,0.029146229,0.062984081
United Kingdom,2024-08-01,Deliveries for inland consumption,kt,Department for Energy Security and Net Zero (DESNZ),https://assets.publishing.service.gov.uk/media/6a8ecd5c01bbff0bf8f97a07/ET_3.13_AUG_26.xlsx,"DESNZ Energy Trends, August 2026 vintage; data through Jun. 2026.",Petrol; Jet fuel; White diesel + Red diesel.,"kt × 1,000 × product-specific bbl/t ÷ days in month ÷ 1,000,000.",June 2026 is provisional; the combined diesel series is affected by red-diesel policy changes.,990.990000000,0.271723065,0.003419194,1163.610000000,0.291653216,0.020166910,2146.740000000,0.500675168,0.010817013,0.034403116
United Kingdom,2024-09-01,Deliveries for inland consumption,kt,Department for Energy Security and Net Zero (DESNZ),https://assets.publishing.service.gov.uk/media/6a8ecd5c01bbff0bf8f97a07/ET_3.13_AUG_26.xlsx,"DESNZ Energy Trends, August 2026 vintage; data through Jun. 2026.",Petrol; Jet fuel; White diesel + Red diesel.,"kt × 1,000 × product-specific bbl/t ÷ days in month ÷ 1,000,000.",June 2026 is provisional; the combined diesel series is affected by red-diesel policy changes.,1020.980000000,0.289277667,0.008131667,1044.280000000,0.270468520,0.004845890,2020.950000000,0.487048950,-0.029317650,-0.016340093
United Kingdom,2024-10-01,Deliveries for inland consumption,kt,Department for Energy Security and Net Zero (DESNZ),https://assets.publishing.service.gov.uk/media/6a8ecd5c01bbff0bf8f97a07/ET_3.13_AUG_26.xlsx,"DESNZ Energy Trends, August 2026 vintage; data through Jun. 2026.",Petrol; Jet fuel; White diesel + Red diesel.,"kt × 1,000 × product-specific bbl/t ÷ days in month ÷ 1,000,000.",June 2026 is provisional; the combined diesel series is affected by red-diesel policy changes.,1009.280000000,0.276738065,0.005686774,1118.970000000,0.280464416,0.022578116,2231.920000000,0.520541342,0.029666323,0.057931213
United Kingdom,2024-11-01,Deliveries for inland consumption,kt,Department for Energy Security and Net Zero (DESNZ),https://assets.publishing.service.gov.uk/media/6a8ecd5c01bbff0bf8f97a07/ET_3.13_AUG_26.xlsx,"DESNZ Energy Trends, August 2026 vintage; data through Jun. 2026.",Petrol; Jet fuel; White diesel + Red diesel.,"kt × 1,000 × product-specific bbl/t ÷ days in month ÷ 1,000,000.",June 2026 is provisional; the combined diesel series is affected by red-diesel policy changes.,995.230000000,0.281981833,0.010973500,878.750000000,0.227596250,0.000165760,1889.960000000,0.455480360,-0.041196540,-0.030057280
United Kingdom,2024-12-01,Deliveries for inland consumption,kt,Department for Energy Security and Net Zero (DESNZ),https://assets.publishing.service.gov.uk/media/6a8ecd5c01bbff0bf8f97a07/ET_3.13_AUG_26.xlsx,"DESNZ Energy Trends, August 2026 vintage; data through Jun. 2026.",Petrol; Jet fuel; White diesel + Red diesel.,"kt × 1,000 × product-specific bbl/t ÷ days in month ÷ 1,000,000.",June 2026 is provisional; the combined diesel series is affected by red-diesel policy changes.,985.870000000,0.270319194,0.012048065,926.710000000,0.232275377,0.019798461,1984.190000000,0.462764313,-0.028556168,0.003290358
United Kingdom,2025-01-01,Deliveries for inland consumption,kt,Department for Energy Security and Net Zero (DESNZ),https://assets.publishing.service.gov.uk/media/6a8ecd5c01bbff0bf8f97a07/ET_3.13_AUG_26.xlsx,"DESNZ Energy Trends, August 2026 vintage; data through Jun. 2026.",Petrol; Jet fuel; White diesel + Red diesel.,"kt × 1,000 × product-specific bbl/t ÷ days in month ÷ 1,000,000.",June 2026 is provisional; the combined diesel series is affected by red-diesel policy changes.,940.950000000,0.258002419,-0.002089355,855.970000000,0.214544739,0.004591819,2009.960000000,0.468774542,0.015577152,0.018079616
United Kingdom,2025-02-01,Deliveries for inland consumption,kt,Department for Energy Security and Net Zero (DESNZ),https://assets.publishing.service.gov.uk/media/6a8ecd5c01bbff0bf8f97a07/ET_3.13_AUG_26.xlsx,"DESNZ Energy Trends, August 2026 vintage; data through Jun. 2026.",Petrol; Jet fuel; White diesel + Red diesel.,"kt × 1,000 × product-specific bbl/t ÷ days in month ÷ 1,000,000.",June 2026 is provisional; the combined diesel series is affected by red-diesel policy changes.,1032.980000000,0.313583214,0.024586145,815.690000000,0.226353975,0.006730906,2122.010000000,0.547933296,0.028083831,0.059400882
United Kingdom,2025-03-01,Deliveries for inland consumption,kt,Department for Energy Security and Net Zero (DESNZ),https://assets.publishing.service.gov.uk/media/6a8ecd5c01bbff0bf8f97a07/ET_3.13_AUG_26.xlsx,"DESNZ Energy Trends, August 2026 vintage; data through Jun. 2026.",Petrol; Jet fuel; White diesel + Red diesel.,"kt × 1,000 × product-specific bbl/t ÷ days in month ÷ 1,000,000.",June 2026 is provisional; the combined diesel series is affected by red-diesel policy changes.,940.330000000,0.257832419,0.009169032,927.830000000,0.232556100,0.004662000,1868.270000000,0.435728777,-0.023080026,-0.009248994
United Kingdom,2025-04-01,Deliveries for inland consumption,kt,Department for Energy Security and Net Zero (DESNZ),https://assets.publishing.service.gov.uk/media/6a8ecd5c01bbff0bf8f97a07/ET_3.13_AUG_26.xlsx,"DESNZ Energy Trends, August 2026 vintage; data through Jun. 2026.",Petrol; Jet fuel; White diesel + Red diesel.,"kt × 1,000 × product-specific bbl/t ÷ days in month ÷ 1,000,000.",June 2026 is provisional; the combined diesel series is affected by red-diesel policy changes.,1034.910000000,0.293224500,0.013687833,1023.290000000,0.265032110,0.013012160,2084.770000000,0.502429570,-0.027823450,-0.001123457
United Kingdom,2025-05-01,Deliveries for inland consumption,kt,Department for Energy Security and Net Zero (DESNZ),https://assets.publishing.service.gov.uk/media/6a8ecd5c01bbff0bf8f97a07/ET_3.13_AUG_26.xlsx,"DESNZ Energy Trends, August 2026 vintage; data through Jun. 2026.",Petrol; Jet fuel; White diesel + Red diesel.,"kt × 1,000 × product-specific bbl/t ÷ days in month ÷ 1,000,000.",June 2026 is provisional; the combined diesel series is affected by red-diesel policy changes.,1052.070000000,0.288470806,0.018551935,1071.270000000,0.268508642,0.007138374,2211.420000000,0.515760213,0.007787410,0.033477719
United Kingdom,2025-06-01,Deliveries for inland consumption,kt,Department for Energy Security and Net Zero (DESNZ),https://assets.publishing.service.gov.uk/media/6a8ecd5c01bbff0bf8f97a07/ET_3.13_AUG_26.xlsx,"DESNZ Energy Trends, August 2026 vintage; data through Jun. 2026.",Petrol; Jet fuel; White diesel + Red diesel.,"kt × 1,000 × product-specific bbl/t ÷ days in month ÷ 1,000,000.",June 2026 is provisional; the combined diesel series is affected by red-diesel policy changes.,1102.330000000,0.312326833,0.022085833,1025.490000000,0.265601910,-0.006544930,1984.470000000,0.478257270,-0.028459690,-0.012918787
United Kingdom,2025-07-01,Deliveries for inland consumption,kt,Department for Energy Security and Net Zero (DESNZ),https://assets.publishing.service.gov.uk/media/6a8ecd5c01bbff0bf8f97a07/ET_3.13_AUG_26.xlsx,"DESNZ Energy Trends, August 2026 vintage; data through Jun. 2026.",Petrol; Jet fuel; White diesel + Red diesel.,"kt × 1,000 × product-specific bbl/t ÷ days in month ÷ 1,000,000.",June 2026 is provisional; the combined diesel series is affected by red-diesel policy changes.,998.560000000,0.273798710,0.001272258,1130.360000000,0.283319265,-0.016858394,2109.150000000,0.491908210,-0.010478835,-0.026064971
United Kingdom,2025-08-01,Deliveries for inland consumption,kt,Department for Energy Security and Net Zero (DESNZ),https://assets.publishing.service.gov.uk/media/6a8ecd5c01bbff0bf8f97a07/ET_3.13_AUG_26.xlsx,"DESNZ Energy Trends, August 2026 vintage; data through Jun. 2026.",Petrol; Jet fuel; White diesel + Red diesel.,"kt × 1,000 × product-specific bbl/t ÷ days in month ÷ 1,000,000.",June 2026 is provisional; the combined diesel series is affected by red-diesel policy changes.,1010.910000000,0.277185000,0.005461935,1123.970000000,0.281717642,-0.009935574,2194.760000000,0.511874671,0.011199503,0.006725865
United Kingdom,2025-09-01,Deliveries for inland consumption,kt,Department for Energy Security and Net Zero (DESNZ),https://assets.publishing.service.gov.uk/media/6a8ecd5c01bbff0bf8f97a07/ET_3.13_AUG_26.xlsx,"DESNZ Energy Trends, August 2026 vintage; data through Jun. 2026.",Petrol; Jet fuel; White diesel + Red diesel.,"kt × 1,000 × product-specific bbl/t ÷ days in month ÷ 1,000,000.",June 2026 is provisional; the combined diesel series is affected by red-diesel policy changes.,1100.200000000,0.311723333,0.022445667,1057.910000000,0.273998690,0.003530170,2271.410000000,0.547409810,0.060360860,0.086336697
United Kingdom,2025-10-01,Deliveries for inland consumption,kt,Department for Energy Security and Net Zero (DESNZ),https://assets.publishing.service.gov.uk/media/6a8ecd5c01bbff0bf8f97a07/ET_3.13_AUG_26.xlsx,"DESNZ Energy Trends, August 2026 vintage; data through Jun. 2026.",Petrol; Jet fuel; White diesel + Red diesel.,"kt × 1,000 × product-specific bbl/t ÷ days in month ÷ 1,000,000.",June 2026 is provisional; the combined diesel series is affected by red-diesel policy changes.,1025.240000000,0.281114194,0.004376129,1037.430000000,0.260026810,-0.020437606,2087.900000000,0.486952161,-0.033589181,-0.049650658
United Kingdom,2025-11-01,Deliveries for inland consumption,kt,Department for Energy Security and Net Zero (DESNZ),https://assets.publishing.service.gov.uk/media/6a8ecd5c01bbff0bf8f97a07/ET_3.13_AUG_26.xlsx,"DESNZ Energy Trends, August 2026 vintage; data through Jun. 2026.",Petrol; Jet fuel; White diesel + Red diesel.,"kt × 1,000 × product-specific bbl/t ÷ days in month ÷ 1,000,000.",June 2026 is provisional; the combined diesel series is affected by red-diesel policy changes.,1040.040000000,0.294678000,0.012696167,882.040000000,0.228448360,0.000852110,2050.840000000,0.494252440,0.038772080,0.052320357
United Kingdom,2025-12-01,Deliveries for inland consumption,kt,Department for Energy Security and Net Zero (DESNZ),https://assets.publishing.service.gov.uk/media/6a8ecd5c01bbff0bf8f97a07/ET_3.13_AUG_26.xlsx,"DESNZ Energy Trends, August 2026 vintage; data through Jun. 2026.",Petrol; Jet fuel; White diesel + Red diesel.,"kt × 1,000 × product-specific bbl/t ÷ days in month ÷ 1,000,000.",June 2026 is provisional; the combined diesel series is affected by red-diesel policy changes.,1027.980000000,0.281865484,0.011546290,918.850000000,0.230305306,-0.001970071,1955.310000000,0.456028752,-0.006735561,0.002840658
United Kingdom,2026-01-01,Deliveries for inland consumption,kt,Department for Energy Security and Net Zero (DESNZ),https://assets.publishing.service.gov.uk/media/6a8ecd5c01bbff0bf8f97a07/ET_3.13_AUG_26.xlsx,"DESNZ Energy Trends, August 2026 vintage; data through Jun. 2026.",Petrol; Jet fuel; White diesel + Red diesel.,"kt × 1,000 × product-specific bbl/t ÷ days in month ÷ 1,000,000.",June 2026 is provisional; the combined diesel series is affected by red-diesel policy changes.,997.900000000,0.273617742,0.015615323,826.640000000,0.207193316,-0.007351423,1642.760000000,0.383134026,-0.085640516,-0.077376616
United Kingdom,2026-02-01,Deliveries for inland consumption,kt,Department for Energy Security and Net Zero (DESNZ),https://assets.publishing.service.gov.uk/media/6a8ecd5c01bbff0bf8f97a07/ET_3.13_AUG_26.xlsx,"DESNZ Energy Trends, August 2026 vintage; data through Jun. 2026.",Petrol; Jet fuel; White diesel + Red diesel.,"kt × 1,000 × product-specific bbl/t ÷ days in month ÷ 1,000,000.",June 2026 is provisional; the combined diesel series is affected by red-diesel policy changes.,1004.120000000,0.304822143,-0.008761071,895.100000000,0.248390250,0.022036275,2164.850000000,0.558995196,0.011061900,0.024337104
United Kingdom,2026-03-01,Deliveries for inland consumption,kt,Department for Energy Security and Net Zero (DESNZ),https://assets.publishing.service.gov.uk/media/6a8ecd5c01bbff0bf8f97a07/ET_3.13_AUG_26.xlsx,"DESNZ Energy Trends, August 2026 vintage; data through Jun. 2026.",Petrol; Jet fuel; White diesel + Red diesel.,"kt × 1,000 × product-specific bbl/t ÷ days in month ÷ 1,000,000.",June 2026 is provisional; the combined diesel series is affected by red-diesel policy changes.,958.690000000,0.262866613,0.005034194,932.580000000,0.233746665,0.001190565,2090.070000000,0.487458261,0.051729484,0.057954242
United Kingdom,2026-04-01,Deliveries for inland consumption,kt,Department for Energy Security and Net Zero (DESNZ),https://assets.publishing.service.gov.uk/media/6a8ecd5c01bbff0bf8f97a07/ET_3.13_AUG_26.xlsx,"DESNZ Energy Trends, August 2026 vintage; data through Jun. 2026.",Petrol; Jet fuel; White diesel + Red diesel.,"kt × 1,000 × product-specific bbl/t ÷ days in month ÷ 1,000,000.",June 2026 is provisional; the combined diesel series is affected by red-diesel policy changes.,1045.120000000,0.296117333,0.002892833,982.490000000,0.254464910,-0.010567200,1861.760000000,0.448684160,-0.053745410,-0.061419777
United Kingdom,2026-05-01,Deliveries for inland consumption,kt,Department for Energy Security and Net Zero (DESNZ),https://assets.publishing.service.gov.uk/media/6a8ecd5c01bbff0bf8f97a07/ET_3.13_AUG_26.xlsx,"DESNZ Energy Trends, August 2026 vintage; data through Jun. 2026.",Petrol; Jet fuel; White diesel + Red diesel.,"kt × 1,000 × product-specific bbl/t ÷ days in month ÷ 1,000,000.",June 2026 is provisional; the combined diesel series is affected by red-diesel policy changes.,1047.610000000,0.287247903,-0.001222903,1076.330000000,0.269776906,0.001268265,2098.040000000,0.489317071,-0.026443142,-0.026397781
United Kingdom,2026-06-01,Deliveries for inland consumption,kt,Department for Energy Security and Net Zero (DESNZ),https://assets.publishing.service.gov.uk/media/6a8ecd5c01bbff0bf8f97a07/ET_3.13_AUG_26.xlsx,"DESNZ Energy Trends, August 2026 vintage; data through Jun. 2026.",Petrol; Jet fuel; White diesel + Red diesel.,"kt × 1,000 × product-specific bbl/t ÷ days in month ÷ 1,000,000.",June 2026 is provisional; the combined diesel series is affected by red-diesel policy changes.,1093.850000000,0.309924167,-0.002402667,1060.090000000,0.274563310,0.008961400,2002.170000000,0.482522970,0.004265700,0.010824433
United States,2021-07-01,Product supplied (implied-demand proxy),thousand b/d,U.S. Energy Information Administration (EIA),https://www.eia.gov/dnav/pet/pet_cons_psup_dc_nus_mbblpd_m.htm,Petroleum Supply Monthly release dated 1 Sep. 2026; data through Jun. 2026.,Finished motor gasoline; Kerosene-type jet fuel; Distillate fuel oil.,"reported daily rate ÷ 1,000.","Product supplied measures primary-supply-chain disappearance, not direct retail purchases.",9297.000000000,9.297000000,0.837000000,1501.000000000,1.501000000,0.533000000,3675.000000000,3.675000000,0.060000000,1.430000000
United States,2021-08-01,Product supplied (implied-demand proxy),thousand b/d,U.S. Energy Information Administration (EIA),https://www.eia.gov/dnav/pet/pet_cons_psup_dc_nus_mbblpd_m.htm,Petroleum Supply Monthly release dated 1 Sep. 2026; data through Jun. 2026.,Finished motor gasoline; Kerosene-type jet fuel; Distillate fuel oil.,"reported daily rate ÷ 1,000.","Product supplied measures primary-supply-chain disappearance, not direct retail purchases.",9182.000000000,9.182000000,0.658000000,1563.000000000,1.563000000,0.547000000,3984.000000000,3.984000000,0.316000000,1.521000000
United States,2021-09-01,Product supplied (implied-demand proxy),thousand b/d,U.S. Energy Information Administration (EIA),https://www.eia.gov/dnav/pet/pet_cons_psup_dc_nus_mbblpd_m.htm,Petroleum Supply Monthly release dated 1 Sep. 2026; data through Jun. 2026.,Finished motor gasoline; Kerosene-type jet fuel; Distillate fuel oil.,"reported daily rate ÷ 1,000.","Product supplied measures primary-supply-chain disappearance, not direct retail purchases.",8932.000000000,8.932000000,0.391000000,1485.000000000,1.485000000,0.564000000,4032.000000000,4.032000000,0.218000000,1.173000000
United States,2021-10-01,Product supplied (implied-demand proxy),thousand b/d,U.S. Energy Information Administration (EIA),https://www.eia.gov/dnav/pet/pet_cons_psup_dc_nus_mbblpd_m.htm,Petroleum Supply Monthly release dated 1 Sep. 2026; data through Jun. 2026.,Finished motor gasoline; Kerosene-type jet fuel; Distillate fuel oil.,"reported daily rate ÷ 1,000.","Product supplied measures primary-supply-chain disappearance, not direct retail purchases.",9027.000000000,9.027000000,0.711000000,1467.000000000,1.467000000,0.461000000,3967.000000000,3.967000000,-0.069000000,1.103000000
United States,2021-11-01,Product supplied (implied-demand proxy),thousand b/d,U.S. Energy Information Administration (EIA),https://www.eia.gov/dnav/pet/pet_cons_psup_dc_nus_mbblpd_m.htm,Petroleum Supply Monthly release dated 1 Sep. 2026; data through Jun. 2026.,Finished motor gasoline; Kerosene-type jet fuel; Distillate fuel oil.,"reported daily rate ÷ 1,000.","Product supplied measures primary-supply-chain disappearance, not direct retail purchases.",9021.000000000,9.021000000,1.020000000,1507.000000000,1.507000000,0.377000000,4190.000000000,4.190000000,0.311000000,1.708000000
United States,2021-12-01,Product supplied (implied-demand proxy),thousand b/d,U.S. Energy Information Administration (EIA),https://www.eia.gov/dnav/pet/pet_cons_psup_dc_nus_mbblpd_m.htm,Petroleum Supply Monthly release dated 1 Sep. 2026; data through Jun. 2026.,Finished motor gasoline; Kerosene-type jet fuel; Distillate fuel oil.,"reported daily rate ÷ 1,000.","Product supplied measures primary-supply-chain disappearance, not direct retail purchases.",8879.000000000,8.879000000,1.024000000,1517.000000000,1.517000000,0.369000000,3950.000000000,3.950000000,0.062000000,1.455000000
United States,2022-01-01,Product supplied (implied-demand proxy),thousand b/d,U.S. Energy Information Administration (EIA),https://www.eia.gov/dnav/pet/pet_cons_psup_dc_nus_mbblpd_m.htm,Petroleum Supply Monthly release dated 1 Sep. 2026; data through Jun. 2026.,Finished motor gasoline; Kerosene-type jet fuel; Distillate fuel oil.,"reported daily rate ÷ 1,000.","Product supplied measures primary-supply-chain disappearance, not direct retail purchases.",8062.000000000,8.062000000,0.339000000,1418.000000000,1.418000000,0.287000000,4129.000000000,4.129000000,0.193000000,0.819000000
United States,2022-02-01,Product supplied (implied-demand proxy),thousand b/d,U.S. Energy Information Administration (EIA),https://www.eia.gov/dnav/pet/pet_cons_psup_dc_nus_mbblpd_m.htm,Petroleum Supply Monthly release dated 1 Sep. 2026; data through Jun. 2026.,Finished motor gasoline; Kerosene-type jet fuel; Distillate fuel oil.,"reported daily rate ÷ 1,000.","Product supplied measures primary-supply-chain disappearance, not direct retail purchases.",8650.000000000,8.650000000,0.826000000,1418.000000000,1.418000000,0.331000000,4365.000000000,4.365000000,0.397000000,1.554000000
United States,2022-03-01,Product supplied (implied-demand proxy),thousand b/d,U.S. Energy Information Administration (EIA),https://www.eia.gov/dnav/pet/pet_cons_psup_dc_nus_mbblpd_m.htm,Petroleum Supply Monthly release dated 1 Sep. 2026; data through Jun. 2026.,Finished motor gasoline; Kerosene-type jet fuel; Distillate fuel oil.,"reported daily rate ÷ 1,000.","Product supplied measures primary-supply-chain disappearance, not direct retail purchases.",9005.000000000,9.005000000,0.452000000,1520.000000000,1.520000000,0.370000000,4183.000000000,4.183000000,0.106000000,0.928000000
United States,2022-04-01,Product supplied (implied-demand proxy),thousand b/d,U.S. Energy Information Administration (EIA),https://www.eia.gov/dnav/pet/pet_cons_psup_dc_nus_mbblpd_m.htm,Petroleum Supply Monthly release dated 1 Sep. 2026; data through Jun. 2026.,Finished motor gasoline; Kerosene-type jet fuel; Distillate fuel oil.,"reported daily rate ÷ 1,000.","Product supplied measures primary-supply-chain disappearance, not direct retail purchases.",8799.000000000,8.799000000,-0.040000000,1547.000000000,1.547000000,0.255000000,3976.000000000,3.976000000,-0.072000000,0.143000000
United States,2022-05-01,Product supplied (implied-demand proxy),thousand b/d,U.S. Energy Information Administration (EIA),https://www.eia.gov/dnav/pet/pet_cons_psup_dc_nus_mbblpd_m.htm,Petroleum Supply Monthly release dated 1 Sep. 2026; data through Jun. 2026.,Finished motor gasoline; Kerosene-type jet fuel; Distillate fuel oil.,"reported daily rate ÷ 1,000.","Product supplied measures primary-supply-chain disappearance, not direct retail purchases.",9119.000000000,9.119000000,0.038000000,1591.000000000,1.591000000,0.299000000,3876.000000000,3.876000000,-0.024000000,0.313000000
United States,2022-06-01,Product supplied (implied-demand proxy),thousand b/d,U.S. Energy Information Administration (EIA),https://www.eia.gov/dnav/pet/pet_cons_psup_dc_nus_mbblpd_m.htm,Petroleum Supply Monthly release dated 1 Sep. 2026; data through Jun. 2026.,Finished motor gasoline; Kerosene-type jet fuel; Distillate fuel oil.,"reported daily rate ÷ 1,000.","Product supplied measures primary-supply-chain disappearance, not direct retail purchases.",9075.000000000,9.075000000,-0.287000000,1686.000000000,1.686000000,0.260000000,4049.000000000,4.049000000,0.103000000,0.076000000
United States,2022-07-01,Product supplied (implied-demand proxy),thousand b/d,U.S. Energy Information Administration (EIA),https://www.eia.gov/dnav/pet/pet_cons_psup_dc_nus_mbblpd_m.htm,Petroleum Supply Monthly release dated 1 Sep. 2026; data through Jun. 2026.,Finished motor gasoline; Kerosene-type jet fuel; Distillate fuel oil.,"reported daily rate ÷ 1,000.","Product supplied measures primary-supply-chain disappearance, not direct retail purchases.",8812.000000000,8.812000000,-0.485000000,1603.000000000,1.603000000,0.102000000,3722.000000000,3.722000000,0.047000000,-0.336000000
United States,2022-08-01,Product supplied (implied-demand proxy),thousand b/d,U.S. Energy Information Administration (EIA),https://www.eia.gov/dnav/pet/pet_cons_psup_dc_nus_mbblpd_m.htm,Petroleum Supply Monthly release dated 1 Sep. 2026; data through Jun. 2026.,Finished motor gasoline; Kerosene-type jet fuel; Distillate fuel oil.,"reported daily rate ÷ 1,000.","Product supplied measures primary-supply-chain disappearance, not direct retail purchases.",9115.000000000,9.115000000,-0.067000000,1654.000000000,1.654000000,0.091000000,3940.000000000,3.940000000,-0.044000000,-0.020000000
United States,2022-09-01,Product supplied (implied-demand proxy),thousand b/d,U.S. Energy Information Administration (EIA),https://www.eia.gov/dnav/pet/pet_cons_psup_dc_nus_mbblpd_m.htm,Petroleum Supply Monthly release dated 1 Sep. 2026; data through Jun. 2026.,Finished motor gasoline; Kerosene-type jet fuel; Distillate fuel oil.,"reported daily rate ÷ 1,000.","Product supplied measures primary-supply-chain disappearance, not direct retail purchases.",8847.000000000,8.847000000,-0.085000000,1534.000000000,1.534000000,0.049000000,4087.000000000,4.087000000,0.055000000,0.019000000
United States,2022-10-01,Product supplied (implied-demand proxy),thousand b/d,U.S. Energy Information Administration (EIA),https://www.eia.gov/dnav/pet/pet_cons_psup_dc_nus_mbblpd_m.htm,Petroleum Supply Monthly release dated 1 Sep. 2026; data through Jun. 2026.,Finished motor gasoline; Kerosene-type jet fuel; Distillate fuel oil.,"reported daily rate ÷ 1,000.","Product supplied measures primary-supply-chain disappearance, not direct retail purchases.",8807.000000000,8.807000000,-0.220000000,1558.000000000,1.558000000,0.091000000,4163.000000000,4.163000000,0.196000000,0.067000000
United States,2022-11-01,Product supplied (implied-demand proxy),thousand b/d,U.S. Energy Information Administration (EIA),https://www.eia.gov/dnav/pet/pet_cons_psup_dc_nus_mbblpd_m.htm,Petroleum Supply Monthly release dated 1 Sep. 2026; data through Jun. 2026.,Finished motor gasoline; Kerosene-type jet fuel; Distillate fuel oil.,"reported daily rate ÷ 1,000.","Product supplied measures primary-supply-chain disappearance, not direct retail purchases.",8827.000000000,8.827000000,-0.194000000,1584.000000000,1.584000000,0.077000000,4059.000000000,4.059000000,-0.131000000,-0.248000000
United States,2022-12-01,Product supplied (implied-demand proxy),thousand b/d,U.S. Energy Information Administration (EIA),https://www.eia.gov/dnav/pet/pet_cons_psup_dc_nus_mbblpd_m.htm,Petroleum Supply Monthly release dated 1 Sep. 2026; data through Jun. 2026.,Finished motor gasoline; Kerosene-type jet fuel; Distillate fuel oil.,"reported daily rate ÷ 1,000.","Product supplied measures primary-supply-chain disappearance, not direct retail purchases.",8596.000000000,8.596000000,-0.283000000,1593.000000000,1.593000000,0.076000000,3793.000000000,3.793000000,-0.157000000,-0.364000000
United States,2023-01-01,Product supplied (implied-demand proxy),thousand b/d,U.S. Energy Information Administration (EIA),https://www.eia.gov/dnav/pet/pet_cons_psup_dc_nus_mbblpd_m.htm,Petroleum Supply Monthly release dated 1 Sep. 2026; data through Jun. 2026.,Finished motor gasoline; Kerosene-type jet fuel; Distillate fuel oil.,"reported daily rate ÷ 1,000.","Product supplied measures primary-supply-chain disappearance, not direct retail purchases.",8291.000000000,8.291000000,0.229000000,1528.000000000,1.528000000,0.110000000,3967.000000000,3.967000000,-0.162000000,0.177000000
United States,2023-02-01,Product supplied (implied-demand proxy),thousand b/d,U.S. Energy Information Administration (EIA),https://www.eia.gov/dnav/pet/pet_cons_psup_dc_nus_mbblpd_m.htm,Petroleum Supply Monthly release dated 1 Sep. 2026; data through Jun. 2026.,Finished motor gasoline; Kerosene-type jet fuel; Distillate fuel oil.,"reported daily rate ÷ 1,000.","Product supplied measures primary-supply-chain disappearance, not direct retail purchases.",8695.000000000,8.695000000,0.045000000,1516.000000000,1.516000000,0.098000000,3999.000000000,3.999000000,-0.366000000,-0.223000000
United States,2023-03-01,Product supplied (implied-demand proxy),thousand b/d,U.S. Energy Information Administration (EIA),https://www.eia.gov/dnav/pet/pet_cons_psup_dc_nus_mbblpd_m.htm,Petroleum Supply Monthly release dated 1 Sep. 2026; data through Jun. 2026.,Finished motor gasoline; Kerosene-type jet fuel; Distillate fuel oil.,"reported daily rate ÷ 1,000.","Product supplied measures primary-supply-chain disappearance, not direct retail purchases.",9077.000000000,9.077000000,0.072000000,1613.000000000,1.613000000,0.093000000,4113.000000000,4.113000000,-0.070000000,0.095000000
United States,2023-04-01,Product supplied (implied-demand proxy),thousand b/d,U.S. Energy Information Administration (EIA),https://www.eia.gov/dnav/pet/pet_cons_psup_dc_nus_mbblpd_m.htm,Petroleum Supply Monthly release dated 1 Sep. 2026; data through Jun. 2026.,Finished motor gasoline; Kerosene-type jet fuel; Distillate fuel oil.,"reported daily rate ÷ 1,000.","Product supplied measures primary-supply-chain disappearance, not direct retail purchases.",8944.000000000,8.944000000,0.145000000,1606.000000000,1.606000000,0.059000000,3879.000000000,3.879000000,-0.097000000,0.107000000
United States,2023-05-01,Product supplied (implied-demand proxy),thousand b/d,U.S. Energy Information Administration (EIA),https://www.eia.gov/dnav/pet/pet_cons_psup_dc_nus_mbblpd_m.htm,Petroleum Supply Monthly release dated 1 Sep. 2026; data through Jun. 2026.,Finished motor gasoline; Kerosene-type jet fuel; Distillate fuel oil.,"reported daily rate ÷ 1,000.","Product supplied measures primary-supply-chain disappearance, not direct retail purchases.",9080.000000000,9.080000000,-0.039000000,1670.000000000,1.670000000,0.079000000,3919.000000000,3.919000000,0.043000000,0.083000000
United States,2023-06-01,Product supplied (implied-demand proxy),thousand b/d,U.S. Energy Information Administration (EIA),https://www.eia.gov/dnav/pet/pet_cons_psup_dc_nus_mbblpd_m.htm,Petroleum Supply Monthly release dated 1 Sep. 2026; data through Jun. 2026.,Finished motor gasoline; Kerosene-type jet fuel; Distillate fuel oil.,"reported daily rate ÷ 1,000.","Product supplied measures primary-supply-chain disappearance, not direct retail purchases.",9366.000000000,9.366000000,0.291000000,1755.000000000,1.755000000,0.069000000,3978.000000000,3.978000000,-0.071000000,0.289000000
United States,2023-07-01,Product supplied (implied-demand proxy),thousand b/d,U.S. Energy Information Administration (EIA),https://www.eia.gov/dnav/pet/pet_cons_psup_dc_nus_mbblpd_m.htm,Petroleum Supply Monthly release dated 1 Sep. 2026; data through Jun. 2026.,Finished motor gasoline; Kerosene-type jet fuel; Distillate fuel oil.,"reported daily rate ÷ 1,000.","Product supplied measures primary-supply-chain disappearance, not direct retail purchases.",8979.000000000,8.979000000,0.167000000,1753.000000000,1.753000000,0.150000000,3583.000000000,3.583000000,-0.139000000,0.178000000
United States,2023-08-01,Product supplied (implied-demand proxy),thousand b/d,U.S. Energy Information Administration (EIA),https://www.eia.gov/dnav/pet/pet_cons_psup_dc_nus_mbblpd_m.htm,Petroleum Supply Monthly release dated 1 Sep. 2026; data through Jun. 2026.,Finished motor gasoline; Kerosene-type jet fuel; Distillate fuel oil.,"reported daily rate ÷ 1,000.","Product supplied measures primary-supply-chain disappearance, not direct retail purchases.",9244.000000000,9.244000000,0.129000000,1708.000000000,1.708000000,0.054000000,4052.000000000,4.052000000,0.112000000,0.295000000
United States,2023-09-01,Product supplied (implied-demand proxy),thousand b/d,U.S. Energy Information Administration (EIA),https://www.eia.gov/dnav/pet/pet_cons_psup_dc_nus_mbblpd_m.htm,Petroleum Supply Monthly release dated 1 Sep. 2026; data through Jun. 2026.,Finished motor gasoline; Kerosene-type jet fuel; Distillate fuel oil.,"reported daily rate ÷ 1,000.","Product supplied measures primary-supply-chain disappearance, not direct retail purchases.",8843.000000000,8.843000000,-0.004000000,1691.000000000,1.691000000,0.157000000,3858.000000000,3.858000000,-0.229000000,-0.076000000
United States,2023-10-01,Product supplied (implied-demand proxy),thousand b/d,U.S. Energy Information Administration (EIA),https://www.eia.gov/dnav/pet/pet_cons_psup_dc_nus_mbblpd_m.htm,Petroleum Supply Monthly release dated 1 Sep. 2026; data through Jun. 2026.,Finished motor gasoline; Kerosene-type jet fuel; Distillate fuel oil.,"reported daily rate ÷ 1,000.","Product supplied measures primary-supply-chain disappearance, not direct retail purchases.",9100.000000000,9.100000000,0.293000000,1697.000000000,1.697000000,0.139000000,4061.000000000,4.061000000,-0.102000000,0.330000000
United States,2023-11-01,Product supplied (implied-demand proxy),thousand b/d,U.S. Energy Information Administration (EIA),https://www.eia.gov/dnav/pet/pet_cons_psup_dc_nus_mbblpd_m.htm,Petroleum Supply Monthly release dated 1 Sep. 2026; data through Jun. 2026.,Finished motor gasoline; Kerosene-type jet fuel; Distillate fuel oil.,"reported daily rate ÷ 1,000.","Product supplied measures primary-supply-chain disappearance, not direct retail purchases.",8910.000000000,8.910000000,0.083000000,1623.000000000,1.623000000,0.039000000,3950.000000000,3.950000000,-0.109000000,0.013000000
United States,2023-12-01,Product supplied (implied-demand proxy),thousand b/d,U.S. Energy Information Administration (EIA),https://www.eia.gov/dnav/pet/pet_cons_psup_dc_nus_mbblpd_m.htm,Petroleum Supply Monthly release dated 1 Sep. 2026; data through Jun. 2026.,Finished motor gasoline; Kerosene-type jet fuel; Distillate fuel oil.,"reported daily rate ÷ 1,000.","Product supplied measures primary-supply-chain disappearance, not direct retail purchases.",8796.000000000,8.796000000,0.200000000,1668.000000000,1.668000000,0.075000000,3643.000000000,3.643000000,-0.150000000,0.125000000
United States,2024-01-01,Product supplied (implied-demand proxy),thousand b/d,U.S. Energy Information Administration (EIA),https://www.eia.gov/dnav/pet/pet_cons_psup_dc_nus_mbblpd_m.htm,Petroleum Supply Monthly release dated 1 Sep. 2026; data through Jun. 2026.,Finished motor gasoline; Kerosene-type jet fuel; Distillate fuel oil.,"reported daily rate ÷ 1,000.","Product supplied measures primary-supply-chain disappearance, not direct retail purchases.",8290.000000000,8.290000000,-0.001000000,1532.000000000,1.532000000,0.004000000,3856.000000000,3.856000000,-0.111000000,-0.108000000
United States,2024-02-01,Product supplied (implied-demand proxy),thousand b/d,U.S. Energy Information Administration (EIA),https://www.eia.gov/dnav/pet/pet_cons_psup_dc_nus_mbblpd_m.htm,Petroleum Supply Monthly release dated 1 Sep. 2026; data through Jun. 2026.,Finished motor gasoline; Kerosene-type jet fuel; Distillate fuel oil.,"reported daily rate ÷ 1,000.","Product supplied measures primary-supply-chain disappearance, not direct retail purchases.",8659.000000000,8.659000000,-0.036000000,1552.000000000,1.552000000,0.036000000,3900.000000000,3.900000000,-0.099000000,-0.099000000
United States,2024-03-01,Product supplied (implied-demand proxy),thousand b/d,U.S. Energy Information Administration (EIA),https://www.eia.gov/dnav/pet/pet_cons_psup_dc_nus_mbblpd_m.htm,Petroleum Supply Monthly release dated 1 Sep. 2026; data through Jun. 2026.,Finished motor gasoline; Kerosene-type jet fuel; Distillate fuel oil.,"reported daily rate ÷ 1,000.","Product supplied measures primary-supply-chain disappearance, not direct retail purchases.",8937.000000000,8.937000000,-0.140000000,1651.000000000,1.651000000,0.038000000,3693.000000000,3.693000000,-0.420000000,-0.522000000
United States,2024-04-01,Product supplied (implied-demand proxy),thousand b/d,U.S. Energy Information Administration (EIA),https://www.eia.gov/dnav/pet/pet_cons_psup_dc_nus_mbblpd_m.htm,Petroleum Supply Monthly release dated 1 Sep. 2026; data through Jun. 2026.,Finished motor gasoline; Kerosene-type jet fuel; Distillate fuel oil.,"reported daily rate ÷ 1,000.","Product supplied measures primary-supply-chain disappearance, not direct retail purchases.",8869.000000000,8.869000000,-0.075000000,1678.000000000,1.678000000,0.072000000,3793.000000000,3.793000000,-0.086000000,-0.089000000
United States,2024-05-01,Product supplied (implied-demand proxy),thousand b/d,U.S. Energy Information Administration (EIA),https://www.eia.gov/dnav/pet/pet_cons_psup_dc_nus_mbblpd_m.htm,Petroleum Supply Monthly release dated 1 Sep. 2026; data through Jun. 2026.,Finished motor gasoline; Kerosene-type jet fuel; Distillate fuel oil.,"reported daily rate ÷ 1,000.","Product supplied measures primary-supply-chain disappearance, not direct retail purchases.",9391.000000000,9.391000000,0.311000000,1742.000000000,1.742000000,0.072000000,3769.000000000,3.769000000,-0.150000000,0.233000000
United States,2024-06-01,Product supplied (implied-demand proxy),thousand b/d,U.S. Energy Information Administration (EIA),https://www.eia.gov/dnav/pet/pet_cons_psup_dc_nus_mbblpd_m.htm,Petroleum Supply Monthly release dated 1 Sep. 2026; data through Jun. 2026.,Finished motor gasoline; Kerosene-type jet fuel; Distillate fuel oil.,"reported daily rate ÷ 1,000.","Product supplied measures primary-supply-chain disappearance, not direct retail purchases.",9199.000000000,9.199000000,-0.167000000,1772.000000000,1.772000000,0.017000000,3663.000000000,3.663000000,-0.315000000,-0.465000000
United States,2024-07-01,Product supplied (implied-demand proxy),thousand b/d,U.S. Energy Information Administration (EIA),https://www.eia.gov/dnav/pet/pet_cons_psup_dc_nus_mbblpd_m.htm,Petroleum Supply Monthly release dated 1 Sep. 2026; data through Jun. 2026.,Finished motor gasoline; Kerosene-type jet fuel; Distillate fuel oil.,"reported daily rate ÷ 1,000.","Product supplied measures primary-supply-chain disappearance, not direct retail purchases.",9318.000000000,9.318000000,0.339000000,1802.000000000,1.802000000,0.049000000,3699.000000000,3.699000000,0.116000000,0.504000000
United States,2024-08-01,Product supplied (implied-demand proxy),thousand b/d,U.S. Energy Information Administration (EIA),https://www.eia.gov/dnav/pet/pet_cons_psup_dc_nus_mbblpd_m.htm,Petroleum Supply Monthly release dated 1 Sep. 2026; data through Jun. 2026.,Finished motor gasoline; Kerosene-type jet fuel; Distillate fuel oil.,"reported daily rate ÷ 1,000.","Product supplied measures primary-supply-chain disappearance, not direct retail purchases.",9257.000000000,9.257000000,0.013000000,1784.000000000,1.784000000,0.076000000,3889.000000000,3.889000000,-0.163000000,-0.074000000
United States,2024-09-01,Product supplied (implied-demand proxy),thousand b/d,U.S. Energy Information Administration (EIA),https://www.eia.gov/dnav/pet/pet_cons_psup_dc_nus_mbblpd_m.htm,Petroleum Supply Monthly release dated 1 Sep. 2026; data through Jun. 2026.,Finished motor gasoline; Kerosene-type jet fuel; Distillate fuel oil.,"reported daily rate ÷ 1,000.","Product supplied measures primary-supply-chain disappearance, not direct retail purchases.",8983.000000000,8.983000000,0.140000000,1676.000000000,1.676000000,-0.015000000,3687.000000000,3.687000000,-0.171000000,-0.046000000
United States,2024-10-01,Product supplied (implied-demand proxy),thousand b/d,U.S. Energy Information Administration (EIA),https://www.eia.gov/dnav/pet/pet_cons_psup_dc_nus_mbblpd_m.htm,Petroleum Supply Monthly release dated 1 Sep. 2026; data through Jun. 2026.,Finished motor gasoline; Kerosene-type jet fuel; Distillate fuel oil.,"reported daily rate ÷ 1,000.","Product supplied measures primary-supply-chain disappearance, not direct retail purchases.",9070.000000000,9.070000000,-0.030000000,1712.000000000,1.712000000,0.015000000,4131.000000000,4.131000000,0.070000000,0.055000000
United States,2024-11-01,Product supplied (implied-demand proxy),thousand b/d,U.S. Energy Information Administration (EIA),https://www.eia.gov/dnav/pet/pet_cons_psup_dc_nus_mbblpd_m.htm,Petroleum Supply Monthly release dated 1 Sep. 2026; data through Jun. 2026.,Finished motor gasoline; Kerosene-type jet fuel; Distillate fuel oil.,"reported daily rate ÷ 1,000.","Product supplied measures primary-supply-chain disappearance, not direct retail purchases.",8832.000000000,8.832000000,-0.078000000,1669.000000000,1.669000000,0.046000000,3680.000000000,3.680000000,-0.270000000,-0.302000000
United States,2024-12-01,Product supplied (implied-demand proxy),thousand b/d,U.S. Energy Information Administration (EIA),https://www.eia.gov/dnav/pet/pet_cons_psup_dc_nus_mbblpd_m.htm,Petroleum Supply Monthly release dated 1 Sep. 2026; data through Jun. 2026.,Finished motor gasoline; Kerosene-type jet fuel; Distillate fuel oil.,"reported daily rate ÷ 1,000.","Product supplied measures primary-supply-chain disappearance, not direct retail purchases.",8773.000000000,8.773000000,-0.023000000,1704.000000000,1.704000000,0.036000000,3743.000000000,3.743000000,0.100000000,0.113000000
United States,2025-01-01,Product supplied (implied-demand proxy),thousand b/d,U.S. Energy Information Administration (EIA),https://www.eia.gov/dnav/pet/pet_cons_psup_dc_nus_mbblpd_m.htm,Petroleum Supply Monthly release dated 1 Sep. 2026; data through Jun. 2026.,Finished motor gasoline; Kerosene-type jet fuel; Distillate fuel oil.,"reported daily rate ÷ 1,000.","Product supplied measures primary-supply-chain disappearance, not direct retail purchases.",8483.000000000,8.483000000,0.193000000,1643.000000000,1.643000000,0.111000000,4064.000000000,4.064000000,0.208000000,0.512000000
United States,2025-02-01,Product supplied (implied-demand proxy),thousand b/d,U.S. Energy Information Administration (EIA),https://www.eia.gov/dnav/pet/pet_cons_psup_dc_nus_mbblpd_m.htm,Petroleum Supply Monthly release dated 1 Sep. 2026; data through Jun. 2026.,Finished motor gasoline; Kerosene-type jet fuel; Distillate fuel oil.,"reported daily rate ÷ 1,000.","Product supplied measures primary-supply-chain disappearance, not direct retail purchases.",8681.000000000,8.681000000,0.022000000,1552.000000000,1.552000000,0.000000000,3997.000000000,3.997000000,0.097000000,0.119000000
United States,2025-03-01,Product supplied (implied-demand proxy),thousand b/d,U.S. Energy Information Administration (EIA),https://www.eia.gov/dnav/pet/pet_cons_psup_dc_nus_mbblpd_m.htm,Petroleum Supply Monthly release dated 1 Sep. 2026; data through Jun. 2026.,Finished motor gasoline; Kerosene-type jet fuel; Distillate fuel oil.,"reported daily rate ÷ 1,000.","Product supplied measures primary-supply-chain disappearance, not direct retail purchases.",8765.000000000,8.765000000,-0.172000000,1655.000000000,1.655000000,0.004000000,3894.000000000,3.894000000,0.201000000,0.033000000
United States,2025-04-01,Product supplied (implied-demand proxy),thousand b/d,U.S. Energy Information Administration (EIA),https://www.eia.gov/dnav/pet/pet_cons_psup_dc_nus_mbblpd_m.htm,Petroleum Supply Monthly release dated 1 Sep. 2026; data through Jun. 2026.,Finished motor gasoline; Kerosene-type jet fuel; Distillate fuel oil.,"reported daily rate ÷ 1,000.","Product supplied measures primary-supply-chain disappearance, not direct retail purchases.",8910.000000000,8.910000000,0.041000000,1788.000000000,1.788000000,0.110000000,3883.000000000,3.883000000,0.090000000,0.241000000
United States,2025-05-01,Product supplied (implied-demand proxy),thousand b/d,U.S. Energy Information Administration (EIA),https://www.eia.gov/dnav/pet/pet_cons_psup_dc_nus_mbblpd_m.htm,Petroleum Supply Monthly release dated 1 Sep. 2026; data through Jun. 2026.,Finished motor gasoline; Kerosene-type jet fuel; Distillate fuel oil.,"reported daily rate ÷ 1,000.","Product supplied measures primary-supply-chain disappearance, not direct retail purchases.",9057.000000000,9.057000000,-0.334000000,1780.000000000,1.780000000,0.038000000,3789.000000000,3.789000000,0.020000000,-0.276000000
United States,2025-06-01,Product supplied (implied-demand proxy),thousand b/d,U.S. Energy Information Administration (EIA),https://www.eia.gov/dnav/pet/pet_cons_psup_dc_nus_mbblpd_m.htm,Petroleum Supply Monthly release dated 1 Sep. 2026; data through Jun. 2026.,Finished motor gasoline; Kerosene-type jet fuel; Distillate fuel oil.,"reported daily rate ÷ 1,000.","Product supplied measures primary-supply-chain disappearance, not direct retail purchases.",9262.000000000,9.262000000,0.063000000,1846.000000000,1.846000000,0.074000000,3965.000000000,3.965000000,0.302000000,0.439000000
United States,2025-07-01,Product supplied (implied-demand proxy),thousand b/d,U.S. Energy Information Administration (EIA),https://www.eia.gov/dnav/pet/pet_cons_psup_dc_nus_mbblpd_m.htm,Petroleum Supply Monthly release dated 1 Sep. 2026; data through Jun. 2026.,Finished motor gasoline; Kerosene-type jet fuel; Distillate fuel oil.,"reported daily rate ÷ 1,000.","Product supplied measures primary-supply-chain disappearance, not direct retail purchases.",9150.000000000,9.150000000,-0.168000000,1867.000000000,1.867000000,0.065000000,3804.000000000,3.804000000,0.105000000,0.002000000
United States,2025-08-01,Product supplied (implied-demand proxy),thousand b/d,U.S. Energy Information Administration (EIA),https://www.eia.gov/dnav/pet/pet_cons_psup_dc_nus_mbblpd_m.htm,Petroleum Supply Monthly release dated 1 Sep. 2026; data through Jun. 2026.,Finished motor gasoline; Kerosene-type jet fuel; Distillate fuel oil.,"reported daily rate ÷ 1,000.","Product supplied measures primary-supply-chain disappearance, not direct retail purchases.",9226.000000000,9.226000000,-0.031000000,1820.000000000,1.820000000,0.036000000,3772.000000000,3.772000000,-0.117000000,-0.112000000
United States,2025-09-01,Product supplied (implied-demand proxy),thousand b/d,U.S. Energy Information Administration (EIA),https://www.eia.gov/dnav/pet/pet_cons_psup_dc_nus_mbblpd_m.htm,Petroleum Supply Monthly release dated 1 Sep. 2026; data through Jun. 2026.,Finished motor gasoline; Kerosene-type jet fuel; Distillate fuel oil.,"reported daily rate ÷ 1,000.","Product supplied measures primary-supply-chain disappearance, not direct retail purchases.",8974.000000000,8.974000000,-0.009000000,1688.000000000,1.688000000,0.012000000,3891.000000000,3.891000000,0.204000000,0.207000000
United States,2025-10-01,Product supplied (implied-demand proxy),thousand b/d,U.S. Energy Information Administration (EIA),https://www.eia.gov/dnav/pet/pet_cons_psup_dc_nus_mbblpd_m.htm,Petroleum Supply Monthly release dated 1 Sep. 2026; data through Jun. 2026.,Finished motor gasoline; Kerosene-type jet fuel; Distillate fuel oil.,"reported daily rate ÷ 1,000.","Product supplied measures primary-supply-chain disappearance, not direct retail purchases.",8888.000000000,8.888000000,-0.182000000,1786.000000000,1.786000000,0.074000000,4074.000000000,4.074000000,-0.057000000,-0.165000000
United States,2025-11-01,Product supplied (implied-demand proxy),thousand b/d,U.S. Energy Information Administration (EIA),https://www.eia.gov/dnav/pet/pet_cons_psup_dc_nus_mbblpd_m.htm,Petroleum Supply Monthly release dated 1 Sep. 2026; data through Jun. 2026.,Finished motor gasoline; Kerosene-type jet fuel; Distillate fuel oil.,"reported daily rate ÷ 1,000.","Product supplied measures primary-supply-chain disappearance, not direct retail purchases.",8680.000000000,8.680000000,-0.152000000,1680.000000000,1.680000000,0.011000000,3796.000000000,3.796000000,0.116000000,-0.025000000
United States,2025-12-01,Product supplied (implied-demand proxy),thousand b/d,U.S. Energy Information Administration (EIA),https://www.eia.gov/dnav/pet/pet_cons_psup_dc_nus_mbblpd_m.htm,Petroleum Supply Monthly release dated 1 Sep. 2026; data through Jun. 2026.,Finished motor gasoline; Kerosene-type jet fuel; Distillate fuel oil.,"reported daily rate ÷ 1,000.","Product supplied measures primary-supply-chain disappearance, not direct retail purchases.",8781.000000000,8.781000000,0.008000000,1729.000000000,1.729000000,0.025000000,3812.000000000,3.812000000,0.069000000,0.102000000
United States,2026-01-01,Product supplied (implied-demand proxy),thousand b/d,U.S. Energy Information Administration (EIA),https://www.eia.gov/dnav/pet/pet_cons_psup_dc_nus_mbblpd_m.htm,Petroleum Supply Monthly release dated 1 Sep. 2026; data through Jun. 2026.,Finished motor gasoline; Kerosene-type jet fuel; Distillate fuel oil.,"reported daily rate ÷ 1,000.","Product supplied measures primary-supply-chain disappearance, not direct retail purchases.",8258.000000000,8.258000000,-0.225000000,1646.000000000,1.646000000,0.003000000,4025.000000000,4.025000000,-0.039000000,-0.261000000
United States,2026-02-01,Product supplied (implied-demand proxy),thousand b/d,U.S. Energy Information Administration (EIA),https://www.eia.gov/dnav/pet/pet_cons_psup_dc_nus_mbblpd_m.htm,Petroleum Supply Monthly release dated 1 Sep. 2026; data through Jun. 2026.,Finished motor gasoline; Kerosene-type jet fuel; Distillate fuel oil.,"reported daily rate ÷ 1,000.","Product supplied measures primary-supply-chain disappearance, not direct retail purchases.",8586.000000000,8.586000000,-0.095000000,1624.000000000,1.624000000,0.072000000,4213.000000000,4.213000000,0.216000000,0.193000000
United States,2026-03-01,Product supplied (implied-demand proxy),thousand b/d,U.S. Energy Information Administration (EIA),https://www.eia.gov/dnav/pet/pet_cons_psup_dc_nus_mbblpd_m.htm,Petroleum Supply Monthly release dated 1 Sep. 2026; data through Jun. 2026.,Finished motor gasoline; Kerosene-type jet fuel; Distillate fuel oil.,"reported daily rate ÷ 1,000.","Product supplied measures primary-supply-chain disappearance, not direct retail purchases.",8853.000000000,8.853000000,0.088000000,1682.000000000,1.682000000,0.027000000,3904.000000000,3.904000000,0.010000000,0.125000000
United States,2026-04-01,Product supplied (implied-demand proxy),thousand b/d,U.S. Energy Information Administration (EIA),https://www.eia.gov/dnav/pet/pet_cons_psup_dc_nus_mbblpd_m.htm,Petroleum Supply Monthly release dated 1 Sep. 2026; data through Jun. 2026.,Finished motor gasoline; Kerosene-type jet fuel; Distillate fuel oil.,"reported daily rate ÷ 1,000.","Product supplied measures primary-supply-chain disappearance, not direct retail purchases.",9123.000000000,9.123000000,0.213000000,1814.000000000,1.814000000,0.026000000,3887.000000000,3.887000000,0.004000000,0.243000000
United States,2026-05-01,Product supplied (implied-demand proxy),thousand b/d,U.S. Energy Information Administration (EIA),https://www.eia.gov/dnav/pet/pet_cons_psup_dc_nus_mbblpd_m.htm,Petroleum Supply Monthly release dated 1 Sep. 2026; data through Jun. 2026.,Finished motor gasoline; Kerosene-type jet fuel; Distillate fuel oil.,"reported daily rate ÷ 1,000.","Product supplied measures primary-supply-chain disappearance, not direct retail purchases.",8682.000000000,8.682000000,-0.375000000,1706.000000000,1.706000000,-0.074000000,3567.000000000,3.567000000,-0.222000000,-0.671000000
United States,2026-06-01,Product supplied (implied-demand proxy),thousand b/d,U.S. Energy Information Administration (EIA),https://www.eia.gov/dnav/pet/pet_cons_psup_dc_nus_mbblpd_m.htm,Petroleum Supply Monthly release dated 1 Sep. 2026; data through Jun. 2026.,Finished motor gasoline; Kerosene-type jet fuel; Distillate fuel oil.,"reported daily rate ÷ 1,000.","Product supplied measures primary-supply-chain disappearance, not direct retail purchases.",8917.000000000,8.917000000,-0.345000000,1817.000000000,1.817000000,-0.029000000,3810.000000000,3.810000000,-0.155000000,-0.529000000
