date,wti_oil_mm_long,wti_oil_mm_short,wti_oil_mm_net,wti_oil_mm_net_pct,wti_oil_oi,nat_gas_mm_long,nat_gas_mm_short,nat_gas_mm_net,nat_gas_mm_net_pct,nat_gas_oi,rbob_gas_mm_long,rbob_gas_mm_short,rbob_gas_mm_net,rbob_gas_mm_net_pct,rbob_gas_oi,uso_price,uso_volume,ung_price,ung_volume,wti_oil_mm_net_pct_rank,nat_gas_mm_net_pct_rank,rbob_gas_mm_net_pct_rank,uso_vol_ma20,uso_vol_pct,ung_vol_ma20,ung_vol_pct,year,week
2023-07-24,,,,,,,,,,,,,,,,70.69000244140625,2420200.0,28.959999084472656,3538550.0,,,,2420200.0,,3538550.0,,2023,30
2023-07-25,244610.0,61760.0,182850.0,10.48693563539302,1743598.0,204535.0,200990.0,3545.0,0.2989951401692591,1185638.0,89026.0,17896.0,71130.0,19.390347625070877,366832.0,,,,,,,,2420200.0,,3538550.0,,2023,30
2023-07-25,,,,,,,,,,,,,,,,71.16000366210938,2340100.0,29.360000610351562,3669000.0,,,,2380150.0,,3603775.0,,2023,30
2023-07-26,,,,,,,,,,,,,,,,70.66000366210938,1384300.0,28.8799991607666,3492275.0,,,,2048200.0,,3566608.3333333335,,2023,30
2023-07-27,,,,,,,,,,,,,,,,71.43000030517578,1807200.0,28.0,6441525.0,,,,1987950.0,,4285337.5,,2023,30
2023-07-28,,,,,,,,,,,,,,,,72.08999633789062,1751500.0,28.360000610351562,3917075.0,,,,1940660.0,,4211685.0,,2023,30
2023-07-31,,,,,,,,,,,,,,,,73.16999816894531,2068900.0,28.440000534057617,2845775.0,,,,1962033.3333333333,,3984033.3333333335,,2023,31
2023-08-01,256964.0,58029.0,198935.0,11.354270829052687,1752072.0,209163.0,226054.0,-16891.0,-1.4003946408436692,1206160.0,90872.0,13138.0,77734.0,21.206871622229922,366551.0,,,,,,,,1962033.3333333333,,3984033.3333333335,,2023,31
2023-08-01,,,,,,,,,,,,,,,,72.95999908447266,1480900.0,27.68000030517578,3685125.0,,,,1893300.0,,3941332.1428571427,,2023,31
2023-08-02,,,,,,,,,,,,,,,,71.4800033569336,3170000.0,26.68000030517578,4896300.0,,,,2052887.5,,4060703.125,,2023,31
2023-08-03,,,,,,,,,,,,,,,,73.13999938964844,2921700.0,27.520000457763672,4404100.0,,,,2149422.222222222,,4098858.3333333335,,2023,31
2023-08-04,,,,,,,,,,,,,,,,73.79000091552734,2016600.0,27.799999237060547,3452000.0,,,,2136140.0,,4034172.5,,2023,31
2023-08-07,,,,,,,,,,,,,,,,73.81999969482422,1858800.0,29.600000381469727,5061825.0,,,,2110927.272727273,,4127595.4545454546,,2023,32
2023-08-08,,,,,,,,,,,,,,,,74.05999755859375,4218700.0,30.079999923706055,4489375.0,,,,2286575.0,,4157743.75,,2023,32
2023-08-08,256368.0,50993.0,205375.0,12.054567940219908,1703711.0,206255.0,191988.0,14267.0,1.2058528702290334,1183146.0,84349.0,15560.0,68789.0,18.835155086305093,365216.0,,,,,,,,2286575.0,,4157743.75,,2023,32
2023-08-09,,,,,,,,,,,,,,,,75.0999984741211,4777100.0,31.8799991607666,8140650.0,,,,2478153.846153846,,4464121.153846154,,2023,32
2023-08-10,,,,,,,,,,,,,,,,74.19999694824219,3443900.0,29.920000076293945,6553700.0,,,,2547135.714285714,,4613376.785714285,,2023,32
2023-08-11,,,,,,,,,,,,,,,,74.25,3137800.0,29.959999084472656,3823875.0,,,,2586513.3333333335,,4560743.333333333,,2023,32
2023-08-14,,,,,,,,,,,,,,,,73.80999755859375,3545400.0,30.079999923706055,2479550.0,,,,2646443.75,,4430668.75,,2023,33
2023-08-15,239367.0,65525.0,173842.0,10.209388723993785,1702766.0,184133.0,174281.0,9852.0,0.8433624583861576,1168181.0,89012.0,14647.0,74365.0,19.757065013801917,376397.0,,,,,,,,2646443.75,,4430668.75,,2023,33
2023-08-15,,,,,,,,,,,,,,,,72.62000274658203,3907500.0,28.68000030517578,5192025.0,,,,2739400.0,,4534010.9375,,2023,33
2023-08-16,,,,,,,,,,,,,,,,71.37000274658203,3789600.0,28.0,3509850.0,,,,2801176.470588235,,4473766.176470588,,2023,33
2023-08-17,,,,,,,,,,,,,,,,71.9800033569336,2647600.0,28.280000686645508,2320000.0,,,,2819264.705882353,,4394413.235294118,,2023,33
2023-08-18,,,,,,,,,,,,,,,,72.79000091552734,2734900.0,27.760000228881836,3312125.0,,,,2898711.7647058824,55.00000000000001,4383816.176470588,20.0,2023,33
2023-08-21,,,,,,,,,,,,,,,,72.58000183105469,2085600.0,27.8799991607666,3226900.0,,,,2915088.2352941176,38.095238095238095,4194720.588235294,19.047619047619047,2023,34
2023-08-22,219601.0,75393.0,144208.0,8.883374903825244,1623347.0,182451.0,200600.0,-18149.0,-1.5639474312363795,1160461.0,88044.0,15769.0,72275.0,19.24818237502996,375490.0,,,,,,,,2987812.5,,4212073.4375,,2023,34
2023-08-22,,,,,,,,,,,,,,,,72.27999877929688,1655000.0,27.1200008392334,3942775.0,,,,2961943.75,13.636363636363635,4280635.9375,63.63636363636363,2023,34
2023-08-23,,,,,,,,,,,,,,,,71.36000061035156,3836900.0,26.440000534057617,5622700.0,,,,3013411.7647058824,86.95652173913044,4359580.882352941,86.95652173913044,2023,34
2023-08-24,,,,,,,,,,,,,,,,71.41000366210938,2368700.0,26.959999084472656,6643575.0,,,,3065635.294117647,45.83333333333333,4533607.352941177,95.83333333333334,2023,34
2023-08-25,,,,,,,,,,,,,,,,72.44999694824219,3106000.0,27.440000534057617,3717225.0,,,,3061870.588235294,64.0,4464250.0,48.0,2023,34
2023-08-28,,,,,,,,,,,,,,,,72.41000366210938,1618700.0,27.399999618530273,6489875.0,,,,2985223.529411765,11.538461538461538,4586942.647058823,88.46153846153845,2023,35
2023-08-29,225285.0,53520.0,171765.0,10.356516438441238,1658521.0,188288.0,223682.0,-35394.0,-3.0411396755567774,1163840.0,85239.0,17639.0,67600.0,18.179617851524156,371845.0,,,,,,,,3045762.5,,4657876.5625,,2023,35
2023-08-29,,,,,,,,,,,,,,,,73.31999969482422,2890400.0,27.440000534057617,4157850.0,,,,3110237.5,59.25925925925925,4601378.125,59.25925925925925,2023,35
2023-08-30,,,,,,,,,,,,,,,,73.66000366210938,2228100.0,28.799999237060547,4594275.0,,,,2985825.0,39.285714285714285,4607934.375,67.85714285714286,2023,35
2023-08-31,,,,,,,,,,,,,,,,75.05999755859375,2900700.0,28.440000534057617,5345525.0,,,,2980817.6470588236,62.06896551724138,4651322.05882353,79.3103448275862,2023,35
2023-09-01,,,,,,,,,,,,,,,,76.91999816894531,4205600.0,28.200000762939453,3656400.0,,,,2947200.0,93.33333333333333,4387542.647058823,33.33333333333333,2023,35
2023-09-05,268738.0,35820.0,232918.0,13.675879116685161,1703130.0,194993.0,227056.0,-32063.0,-2.741071619397722,1169725.0,83063.0,18622.0,64441.0,17.272656608082425,373081.0,,,,,,,,2916156.25,,4252157.8125,,2023,36
2023-09-05,,,,,,,,,,,,,,,,77.76000213623047,4782200.0,26.600000381469727,6233550.0,,,,3018931.25,100.0,4402762.5,83.87096774193549,2023,36
2023-09-06,,,,,,,,,,,,,,,,78.5199966430664,3159800.0,25.920000076293945,5080500.0,,,,2994831.25,68.75,4565321.875,71.875,2023,36
2023-09-07,,,,,,,,,,,,,,,,77.94999694824219,2671400.0,26.600000381469727,5453525.0,,,,2975805.882352941,48.484848484848484,4617569.117647059,78.78787878787878,2023,36
2023-09-08,,,,,,,,,,,,,,,,78.30000305175781,2039000.0,26.84000015258789,3877175.0,,,,2865894.117647059,26.47058823529412,4540225.0,44.11764705882353,2023,36
2023-09-11,,,,,,,,,,,,,,,,78.37000274658203,2083800.0,26.84000015258789,2858775.0,,,,2765552.9411764704,31.428571428571427,4501926.470588235,11.428571428571429,2023,37
2023-09-12,293746.0,29716.0,264030.0,14.736316875184183,1791696.0,203390.0,230704.0,-27314.0,-2.3310492794092923,1171747.0,87225.0,15951.0,71274.0,19.266367519057145,369940.0,,,,,,,,2772925.0,,4638296.875,,2023,37
2023-09-12,,,,,,,,,,,,,,,,79.69999694824219,3308800.0,28.200000762939453,7909750.0,,,,2808793.75,75.0,4925648.4375,97.22222222222221,2023,37
2023-09-13,,,,,,,,,,,,,,,,79.68000030517578,2783800.0,27.799999237060547,5935250.0,,,,2852431.25,54.054054054054056,5094920.3125,81.08108108108108,2023,37
2023-09-14,,,,,,,,,,,,,,,,81.12000274658203,3098900.0,27.719999313354492,5912875.0,,,,2866929.411764706,63.1578947368421,5143035.294117647,78.94736842105263,2023,37
2023-09-15,,,,,,,,,,,,,,,,81.29000091552734,2874500.0,27.239999771118164,3182575.0,,,,2938664.705882353,53.84615384615385,5098317.647058823,12.82051282051282,2023,37
2023-09-18,,,,,,,,,,,,,,,,81.44999694824219,5940800.0,27.799999237060547,3606075.0,,,,3062423.529411765,100.0,4979692.647058823,30.0,2023,38
2023-09-19,,,,,,,,,,,,,,,,81.5,6657100.0,28.1200008392334,4768750.0,,,,3314682.3529411764,100.0,4869408.823529412,60.97560975609756,2023,38
2023-09-19,311274.0,29654.0,281620.0,16.634475100266393,1692990.0,183762.0,216499.0,-32737.0,-2.840860771181278,1152362.0,85830.0,20754.0,65076.0,16.864878312993856,385867.0,,,,,,,,3327725.0,,4941420.3125,,2023,38
2023-09-20,,,,,,,,,,,,,,,,80.13999938964844,4117600.0,27.15999984741211,3572375.0,,,,3483906.25,85.71428571428571,4759076.5625,28.57142857142857,2023,38
2023-09-21,,,,,,,,,,,,,,,,80.41000366210938,3095900.0,26.479999542236328,6223475.0,,,,3461082.3529411764,58.139534883720934,4845217.647058823,83.72093023255815,2023,38
2023-09-22,,,,,,,,,,,,,,,,80.62999725341797,2704300.0,26.799999237060547,2896100.0,,,,3450135.294117647,43.18181818181818,4770997.05882353,11.363636363636363,2023,38
2023-09-25,,,,,,,,,,,,,,,,80.38999938964844,1918300.0,26.959999084472656,2890475.0,,,,3431911.7647058824,17.77777777777778,4670773.529411765,11.11111111111111,2023,39
2023-09-26,330645.0,28985.0,301660.0,17.232209825547155,1750559.0,182449.0,238657.0,-56208.0,-4.920267127226826,1142377.0,75367.0,23906.0,51461.0,14.437736018449417,356434.0,,,,,,,,3465112.5,,4628601.5625,,2023,39
2023-09-26,,,,,,,,,,,,,,,,80.87999725341797,2522700.0,26.440000534057617,4016275.0,,,,3359931.25,39.130434782608695,4651093.75,52.17391304347826,2023,39
2023-09-27,,,,,,,,,,,,,,,,82.9000015258789,4257900.0,26.8799991607666,3268200.0,,,,3412752.9411764704,91.48936170212765,4569747.05882353,19.148936170212767,2023,39
2023-09-28,,,,,,,,,,,,,,,,81.56999969482422,3169000.0,27.360000610351562,3918950.0,,,,3317858.8235294116,68.75,4433594.117647059,50.0,2023,39
2023-09-29,,,,,,,,,,,,,,,,80.86000061035156,2399700.0,27.31999969482422,3854100.0,,,,3273147.0588235296,34.69387755102041,4361452.94117647,44.89795918367347,2023,39
2023-10-02,,,,,,,,,,,,,,,,79.38999938964844,3492100.0,26.520000457763672,3996050.0,,,,3321423.529411765,76.0,4275719.117647059,54.0,2023,40
2023-10-03,,,,,,,,,,,,,,,,79.93000030517578,2899300.0,27.440000534057617,3991100.0,,,,3372029.411764706,52.94117647058824,4282420.588235294,52.94117647058824,2023,40
2023-10-03,323533.0,30298.0,293235.0,16.40480113231086,1787495.0,181703.0,222742.0,-41039.0,-3.494506916805888,1174386.0,67685.0,19174.0,48511.0,15.929741142937829,304531.0,,,,,,,,3452543.75,,4371398.4375,,2023,40
2023-10-04,,,,,,,,,,,,,,,,75.58999633789062,7853800.0,27.920000076293945,4581000.0,,,,3711441.1764705884,100.0,4383727.94117647,63.46153846153846,2023,40
2023-10-05,,,,,,,,,,,,,,,,73.98999786376953,5599100.0,29.639999389648438,7249925.0,,,,3846164.705882353,94.33962264150944,4344914.705882353,96.22641509433963,2023,40
2023-10-06,,,,,,,,,,,,,,,,74.16000366210938,3896200.0,30.959999084472656,8161200.0,,,,3911600.0,79.62962962962963,4475852.94117647,100.0,2023,40
2023-10-09,,,,,,,,,,,,,,,,77.12999725341797,6892100.0,31.520000457763672,4717150.0,,,,4134729.411764706,98.18181818181819,4405516.176470588,63.63636363636363,2023,41
2023-10-10,,,,,,,,,,,,,,,,76.70999908447266,4237600.0,31.600000381469727,3745825.0,,,,4214911.764705882,85.71428571428571,4438648.529411765,37.5,2023,41
2023-10-10,281221.0,26677.0,254544.0,14.517878714251983,1753314.0,171312.0,145686.0,25626.0,2.243350967207647,1142309.0,57524.0,24459.0,33065.0,10.88609845392051,303736.0,,,,,,,,4107043.75,,4490684.375,,2023,41
2023-10-11,,,,,,,,,,,,,,,,75.66999816894531,6048300.0,31.600000381469727,5684850.0,,,,4068993.75,94.73684210526315,4547940.625,78.94736842105263,2023,41
2023-10-12,,,,,,,,,,,,,,,,75.41999816894531,4244100.0,31.200000762939453,4165800.0,,,,4079294.117647059,84.48275862068965,4525461.764705882,55.172413793103445,2023,41
2023-10-13,,,,,,,,,,,,,,,,78.98999786376953,6765100.0,30.0,3857950.0,,,,4235029.411764706,96.61016949152543,4542260.294117647,40.67796610169492,2023,41
2023-10-16,,,,,,,,,,,,,,,,78.38999938964844,5156200.0,29.1200008392334,5720700.0,,,,4356223.529411765,88.33333333333333,4512685.294117647,80.0,2023,42
2023-10-17,,,,,,,,,,,,,,,,78.80000305175781,3914400.0,28.719999313354492,3921025.0,,,,4427405.882352941,73.77049180327869,4572975.0,45.90163934426229,2023,42
2023-10-17,243150.0,40006.0,203144.0,12.280735693109769,1654168.0,151243.0,156930.0,-5687.0,-0.48110477289435233,1182071.0,53479.0,27442.0,26037.0,7.819106765327695,332992.0,,,,,,,,4584225.0,,4678131.25,,2023,42
2023-10-18,,,,,,,,,,,,,,,,79.83999633789062,4647300.0,28.719999313354492,2539625.0,,,,4587935.294117647,83.87096774193549,4552336.764705882,4.838709677419355,2023,42
2023-10-19,,,,,,,,,,,,,,,,81.68000030517578,5924400.0,27.639999389648438,4897800.0,,,,4788035.294117647,90.47619047619048,4604191.176470588,68.25396825396825,2023,42
2023-10-20,,,,,,,,,,,,,,,,80.69999694824219,4664700.0,27.1200008392334,4099475.0,,,,4811964.705882353,82.8125,4653089.705882353,53.125,2023,42
2023-10-23,,,,,,,,,,,,,,,,78.88999938964844,4607100.0,27.239999771118164,3044750.0,,,,4896558.823529412,80.0,4601666.176470588,12.307692307692308,2023,43
2023-10-24,247886.0,51910.0,195976.0,12.03751249966217,1628044.0,162882.0,185307.0,-22425.0,-1.8510875397251227,1211450.0,55562.0,26114.0,29448.0,8.921906054583353,330064.0,,,,,,,,5052612.5,,4648389.0625,,2023,43
2023-10-24,,,,,,,,,,,,,,,,76.93000030517578,6629600.0,27.84000015258789,2866950.0,,,,5248706.25,93.93939393939394,4577820.3125,9.090909090909092,2023,43
2023-10-25,,,,,,,,,,,,,,,,78.45999908447266,6116800.0,28.280000686645508,3165200.0,,,,5449800.0,92.53731343283582,4526201.5625,14.925373134328357,2023,43
2023-10-26,,,,,,,,,,,,,,,,76.88999938964844,3518500.0,29.239999771118164,6092200.0,,,,5336194.117647059,58.82352941176471,4618319.117647059,85.29411764705883,2023,43
2023-10-27,,,,,,,,,,,,,,,,78.36000061035156,5522600.0,28.799999237060547,5012350.0,,,,5199064.705882353,85.5072463768116,4643692.647058823,69.56521739130434,2023,43
2023-10-30,,,,,,,,,,,,,,,,76.05000305175781,5929500.0,27.799999237060547,3245700.0,,,,5218500.0,88.57142857142857,4408150.0,18.571428571428573,2023,44
2023-10-31,,,,,,,,,,,,,,,,75.0199966430664,4604000.0,30.0,5871475.0,,,,5260135.294117647,74.64788732394366,4273460.294117647,81.69014084507043,2023,44
2023-10-31,220229.0,84165.0,136064.0,8.141426652425872,1671255.0,180891.0,165530.0,15361.0,1.295041057548013,1186140.0,61465.0,21937.0,39528.0,12.555825905761425,314818.0,,,,,,,,5158137.5,,4245729.6875,,2023,44
2023-11-01,,,,,,,,,,,,,,,,74.75,4143000.0,29.079999923706055,4012675.0,,,,5152225.0,66.66666666666666,4262407.8125,51.388888888888886,2023,44
2023-11-02,,,,,,,,,,,,,,,,76.18000030517578,4191600.0,29.15999984741211,3185550.0,,,,5095717.647058823,67.12328767123287,4199063.235294118,16.43835616438356,2023,44
2023-11-03,,,,,,,,,,,,,,,,74.8499984741211,5054500.0,29.040000915527344,2292275.0,,,,5037258.823529412,82.43243243243244,3999500.0,1.3513513513513513,2023,44
2023-11-06,,,,,,,,,,,,,,,,74.91000366210938,2764300.0,27.280000686645508,5901550.0,,,,4950211.764705882,32.0,4101602.9411764704,82.66666666666667,2023,45
2023-11-07,218063.0,106754.0,111309.0,6.5919403610883105,1688562.0,188871.0,225357.0,-36486.0,-2.934685039750078,1243268.0,61317.0,18849.0,42468.0,13.37014730837161,317633.0,,,,,,,,4836781.25,,4116831.25,,2023,45
2023-11-07,,,,,,,,,,,,,,,,71.80000305175781,7413600.0,26.440000534057617,6042550.0,,,,4977868.75,98.68421052631578,4136946.875,85.52631578947368,2023,45
2023-11-08,,,,,,,,,,,,,,,,70.19000244140625,7264500.0,26.15999984741211,7214600.0,,,,5187250.0,97.40259740259741,4342795.3125,94.8051948051948,2023,45
2023-11-09,,,,,,,,,,,,,,,,70.25,4327700.0,25.360000610351562,6067550.0,,,,5136688.235294118,71.7948717948718,4444251.470588235,84.61538461538461,2023,45
2023-11-10,,,,,,,,,,,,,,,,71.79000091552734,3754400.0,25.31999969482422,3644725.0,,,,5084164.705882353,54.43037974683544,4509257.352941177,30.37974683544304,2023,45
2023-11-13,,,,,,,,,,,,,,,,72.91999816894531,3075600.0,26.8799991607666,5731050.0,,,,4916588.235294118,38.75,4558272.05882353,77.5,2023,46
2023-11-14,,,,,,,,,,,,,,,,72.69000244140625,2688500.0,25.84000015258789,5518075.0,,,,4800341.176470588,27.160493827160494,4641719.117647059,72.8395061728395,2023,46
2023-11-14,213109.0,113546.0,99563.0,6.074125772588313,1639133.0,209861.0,280338.0,-70477.0,-5.43609386762764,1296464.0,69093.0,17825.0,51268.0,15.610498751598561,328420.0,,,,,,,,4812418.75,,4741529.6875,,2023,46
2023-11-15,,,,,,,,,,,,,,,,71.33999633789062,5002800.0,26.239999771118164,4995375.0,,,,4823617.647058823,80.48780487804879,4756461.764705882,64.63414634146342,2023,46
2023-11-16,,,,,,,,,,,,,,,,68.05000305175781,6745900.0,25.479999542236328,6122450.0,,,,4830458.823529412,93.97590361445783,4947961.764705882,86.74698795180723,2023,46
2023-11-17,,,,,,,,,,,,,,,,70.75,5921000.0,24.639999389648438,7381200.0,,,,4818941.176470588,84.52380952380952,5195961.764705882,96.42857142857143,2023,46
2023-11-20,,,,,,,,,,,,,,,,72.30000305175781,3985400.0,23.959999084472656,4484700.0,,,,4846405.882352941,60.0,5101402.94117647,54.11764705882353,2023,47
2023-11-21,200481.0,115552.0,84929.0,5.4663227942487405,1553677.0,204852.0,308109.0,-103257.0,-7.842462632154576,1316640.0,81928.0,17548.0,64380.0,18.336395095484257,351105.0,,,,,,,,4804143.75,,5106968.75,,2023,47
2023-11-21,,,,,,,,,,,,,,,,72.52999877929688,2543500.0,23.559999465942383,4155425.0,,,,4592518.75,23.25581395348837,5163826.5625,50.0,2023,47
2023-11-22,,,,,,,,,,,,,,,,71.61000061035156,5283900.0,23.920000076293945,3733100.0,,,,4635012.5,81.60919540229885,5030178.125,33.33333333333333,2023,47
2023-11-24,,,,,,,,,,,,,,,,70.81999969482422,1453900.0,23.639999389648438,2641800.0,,,,4447888.235294118,2.272727272727273,4889685.294117647,5.681818181818182,2023,47
2023-11-27,,,,,,,,,,,,,,,,69.95999908447266,4633000.0,23.200000762939453,4550975.0,,,,4476711.764705882,73.03370786516854,4921350.0,57.30337078651685,2023,48
2023-11-28,,,,,,,,,,,,,,,,71.26000213623047,2508200.0,22.079999923706055,8394675.0,,,,4377688.235294118,22.22222222222222,5227769.117647059,100.0,2023,48
2023-11-28,203808.0,125492.0,78316.0,5.008259061466219,1563737.0,224746.0,329481.0,-104735.0,-7.978551192307195,1312707.0,83296.0,16967.0,66329.0,19.283199553453322,343973.0,,,,,,,,4335387.5,,5411237.5,,2023,48
2023-11-29,,,,,,,,,,,,,,,,72.5199966430664,4573000.0,22.040000915527344,5735950.0,,,,4448431.25,70.32967032967034,5400887.5,76.92307692307693,2023,48
2023-11-30,,,,,,,,,,,,,,,,70.13999938964844,9702200.0,22.079999923706055,4460975.0,,,,4757476.470588235,100.0,5345598.529411765,53.2608695652174,2023,48
2023-12-01,,,,,,,,,,,,,,,,69.23999786376953,4354500.0,21.799999237060547,3702800.0,,,,4577529.411764706,68.81720430107528,5207966.176470588,31.182795698924732,2023,48
2023-12-04,,,,,,,,,,,,,,,,68.47000122070312,5104000.0,21.360000610351562,5489575.0,,,,4450441.176470588,79.7872340425532,5106494.117647059,71.27659574468085,2023,49
2023-12-05,,,,,,,,,,,,,,,,67.58000183105469,4833500.0,21.360000610351562,3711625.0,,,,4480194.117647059,76.84210526315789,4967910.294117647,31.57894736842105,2023,49
2023-12-05,201196.0,138419.0,62777.0,3.803659273271261,1650437.0,218078.0,340527.0,-122449.0,-9.142133146980122,1339392.0,83176.0,17687.0,65489.0,19.185237482825595,341351.0,,,,,,,,4525556.25,,5050609.375,,2023,49
2023-12-06,,,,,,,,,,,,,,,,64.76000213623047,9506200.0,20.239999771118164,8085700.0,,,,4927468.75,98.95833333333334,5197775.0,96.875,2023,49
2023-12-07,,,,,,,,,,,,,,,,65.11000061035156,4561900.0,20.280000686645508,5495650.0,,,,5044556.25,67.0103092783505,5196373.4375,71.1340206185567,2023,49
2023-12-08,,,,,,,,,,,,,,,,66.52999877929688,4055500.0,20.079999923706055,3927750.0,,,,4986376.470588235,56.12244897959183,5121748.529411765,41.83673469387755,2023,49
2023-12-11,,,,,,,,,,,,,,,,66.80000305175781,2589200.0,19.239999771118164,10165050.0,,,,4844400.0,23.232323232323232,5425847.05882353,100.0,2023,50
2023-12-12,,,,,,,,,,,,,,,,64.25,7103800.0,18.079999923706055,6672625.0,,,,4865452.94117647,95.0,5458210.294117647,91.0,2023,50
2023-12-12,189511.0,143599.0,45912.0,2.7821323500449933,1650245.0,222487.0,347101.0,-124614.0,-8.821593060182558,1412602.0,73768.0,14935.0,58833.0,17.194034561666534,342171.0,,,,,,,,4799481.25,,5338023.4375,,2023,50
2023-12-13,,,,,,,,,,,,,,,,65.33000183105469,3575200.0,18.399999618530273,5763600.0,,,,4773843.75,48.51485148514851,5417954.6875,76.23762376237624,2023,50
2023-12-14,,,,,,,,,,,,,,,,67.16000366210938,5062800.0,19.040000915527344,5652850.0,,,,4790841.176470588,78.43137254901961,5431772.05882353,71.56862745098039,2023,50
2023-12-15,,,,,,,,,,,,,,,,67.1500015258789,3451100.0,19.31999969482422,6457750.0,,,,4844229.411764706,44.66019417475729,5567202.94117647,87.37864077669903,2023,50
2023-12-18,,,,,,,,,,,,,,,,68.08999633789062,5558900.0,19.559999465942383,4911850.0,,,,4860405.882352941,82.6923076923077,5636541.176470588,59.61538461538461,2023,51
2023-12-19,,,,,,,,,,,,,,,,69.36000061035156,4039100.0,19.600000381469727,5454600.0,,,,5012476.470588235,55.23809523809524,5802000.0,66.66666666666666,2023,51
2023-12-19,193729.0,106401.0,87328.0,5.52824324067685,1579670.0,210738.0,332476.0,-121738.0,-8.78804044557411,1385269.0,80659.0,11811.0,68848.0,19.753199767028843,348541.0,,,,,,,,5036193.75,,5880189.0625,,2023,51
2023-12-20,,,,,,,,,,,,,,,,68.79000091552734,5252100.0,18.799999237060547,4446375.0,,,,5207687.5,80.18867924528303,5633420.3125,49.056603773584904,2023,51
2023-12-21,,,,,,,,,,,,,,,,69.02999877929688,3290400.0,19.959999084472656,5622950.0,,,,5094905.882352941,41.1214953271028,5632804.411764706,71.02803738317756,2023,51
2023-12-22,,,,,,,,,,,,,,,,68.69000244140625,4301900.0,20.15999984741211,3390700.0,,,,5078958.823529412,63.888888888888886,5494848.529411765,17.59259259259259,2023,51
2023-12-26,,,,,,,,,,,,,,,,70.20999908447266,4996900.0,19.719999313354492,5146400.0,,,,4802176.470588235,75.22935779816514,5535167.647058823,63.30275229357798,2023,52
2023-12-26,204638.0,97235.0,107403.0,6.908358107960341,1554682.0,208167.0,313158.0,-104991.0,-7.7506440968249155,1354610.0,79223.0,11398.0,67825.0,20.325142343422236,333700.0,,,,,,,,4830156.25,,5649690.625,,2023,52
2023-12-27,,,,,,,,,,,,,,,,68.91999816894531,3785600.0,19.799999237060547,5584225.0,,,,4747756.25,48.18181818181818,5655606.25,70.0,2023,52
2023-12-28,,,,,,,,,,,,,,,,67.18000030517578,5754500.0,20.559999465942383,5608525.0,,,,4805318.75,84.68468468468468,5774162.5,70.27027027027027,2023,52
2023-12-29,,,,,,,,,,,,,,,,66.6500015258789,3305500.0,20.280000686645508,3644275.0,,,,4717094.117647059,40.17857142857143,5648875.0,23.214285714285715,2023,52
2024-01-02,,,,,,,,,,,,,,,,65.7699966430664,7908600.0,20.760000228881836,4600875.0,,,,4623117.647058823,98.23008849557522,5443885.294117647,53.98230088495575,2024,1
2024-01-02,199139.0,132576.0,66563.0,4.194493211352348,1586914.0,216686.0,295176.0,-78490.0,-5.618842199230157,1396907.0,80170.0,10911.0,69259.0,20.74908700901457,333793.0,,,,,,,,4626943.75,,5440650.0,,2024,1
2024-01-03,,,,,,,,,,,,,,,,68.19000244140625,7136800.0,21.760000228881836,6721225.0,,,,4819525.0,94.73684210526315,5615242.1875,92.10526315789474,2024,1
2024-01-04,,,,,,,,,,,,,,,,67.56999969482422,5001000.0,23.079999923706055,11130100.0,,,,4970262.5,73.91304347826086,5675557.8125,100.0,2024,1
2024-01-05,,,,,,,,,,,,,,,,69.02999877929688,4996500.0,23.360000610351562,8500300.0,,,,4838556.25,72.41379310344827,5789787.5,98.27586206896551,2024,1
2024-01-08,,,,,,,,,,,,,,,,66.4000015258789,6270300.0,24.040000915527344,9126150.0,,,,4922776.470588235,88.88888888888889,5986044.117647059,98.29059829059828,2024,2
2024-01-09,201782.0,110826.0,90956.0,5.6912700612639355,1598167.0,178872.0,222927.0,-44055.0,-3.1312391120941667,1406951.0,73916.0,11852.0,62064.0,18.052093483224503,343805.0,,,,,,,,5007000.0,,5999946.875,,2024,2
2024-01-09,,,,,,,,,,,,,,,,67.38999938964844,4394100.0,25.920000076293945,21309100.0,,,,4965206.25,62.71186440677966,6978462.5,100.0,2024,2
2024-01-10,,,,,,,,,,,,,,,,66.55999755859375,6307700.0,24.600000381469727,12598425.0,,,,5143743.75,89.07563025210085,7362254.6875,99.15966386554622,2024,2
2024-01-11,,,,,,,,,,,,,,,,67.6500015258789,7436400.0,25.15999984741211,13421125.0,,,,5261087.5,96.66666666666667,7894084.375,99.16666666666667,2024,2
2024-01-12,,,,,,,,,,,,,,,,68.0199966430664,7198800.0,27.280000686645508,17415325.0,,,,5458568.75,94.21487603305785,8641629.6875,99.17355371900827,2024,2
2024-01-16,,,,,,,,,,,,,,,,67.25,4904800.0,23.1200008392334,10722650.0,,,,5425994.117647059,69.67213114754098,8764042.647058824,95.90163934426229,2024,3
2024-01-16,196664.0,124191.0,72473.0,4.500050605622005,1610493.0,188751.0,195270.0,-6519.0,-0.46371314799982355,1405826.0,72422.0,13232.0,59190.0,16.616229387622187,356218.0,,,,,,,,5436862.5,,9033896.875,,2024,3
2024-01-17,,,,,,,,,,,,,,,,67.94000244140625,4463000.0,23.280000686645508,4653525.0,,,,5510150.0,60.97560975609756,8973307.8125,50.40650406504065,2024,3
2024-01-18,,,,,,,,,,,,,,,,69.05999755859375,4685900.0,22.239999771118164,9471075.0,,,,5534150.0,66.93548387096774,9353331.25,94.35483870967742,2024,3
2024-01-19,,,,,,,,,,,,,,,,68.81999969482422,4668900.0,20.799999237060547,6796100.0,,,,5513650.0,66.4,9456437.5,85.6,2024,3
2024-01-22,,,,,,,,,,,,,,,,69.69000244140625,4992500.0,19.68000030517578,6373050.0,,,,5482994.117647059,70.63492063492063,9275061.764705881,79.36507936507937,2024,4
2024-01-23,,,,,,,,,,,,,,,,69.66000366210938,3164800.0,20.1200008392334,5066450.0,,,,5446476.470588235,33.07086614173229,9244604.411764706,55.90551181102362,2024,4
2024-01-23,211002.0,89252.0,121750.0,7.3808366201042475,1649542.0,206667.0,244600.0,-37933.0,-2.6266261913400895,1444172.0,80204.0,13272.0,66932.0,18.173820488313496,368288.0,,,,,,,,5427225.0,,9471859.375,,2024,4
2024-01-24,,,,,,,,,,,,,,,,70.54000091552734,4857600.0,21.059999465942383,14022500.0,,,,5524231.25,69.53125,10120498.4375,98.4375,2024,4
2024-01-25,,,,,,,,,,,,,,,,72.2300033569336,4979600.0,20.100000381469727,8717900.0,,,,5341168.75,70.54263565891473,10377812.5,92.24806201550388,2024,4
2024-01-26,,,,,,,,,,,,,,,,73.0999984741211,4822100.0,20.139999389648438,8125700.0,,,,5310635.294117647,67.6923076923077,10245335.294117646,88.46153846153845,2024,4
2024-01-29,,,,,,,,,,,,,,,,72.05000305175781,3444900.0,19.1299991607666,5795200.0,,,,5093464.705882353,37.404580152671755,10190863.235294119,69.46564885496184,2024,5
2024-01-30,,,,,,,,,,,,,,,,72.80999755859375,3559200.0,19.399999618530273,5834700.0,,,,5008652.94117647,40.909090909090914,9879369.11764706,69.6969696969697,2024,5
2024-01-30,213400.0,75885.0,137515.0,7.868521337102183,1747660.0,209615.0,280136.0,-70521.0,-4.7914570320701015,1471807.0,81712.0,13295.0,68417.0,18.70983444270033,365674.0,,,,,,,,5009412.5,,9965560.9375,,2024,5
2024-01-31,,,,,,,,,,,,,,,,70.91999816894531,5073700.0,19.6299991607666,6202000.0,,,,4934625.0,76.69172932330827,9782801.5625,75.93984962406014,2024,5
2024-02-01,,,,,,,,,,,,,,,,69.06999969482422,13358700.0,18.90999984741211,5781500.0,,,,5430158.823529412,100.0,9547430.88235294,67.91044776119402,2024,5
2024-02-02,,,,,,,,,,,,,,,,67.51000213623047,5659600.0,19.360000610351562,6514300.0,,,,5504600.0,81.48148148148148,8677148.529411765,80.74074074074075,2024,5
2024-02-05,,,,,,,,,,,,,,,,68.18000030517578,3284500.0,19.25,4360700.0,,,,5326764.705882353,33.088235294117645,8192576.470588235,38.970588235294116,2024,6
2024-02-06,167934.0,90861.0,77073.0,4.2623685171052195,1808220.0,209999.0,306736.0,-96737.0,-6.310137824102552,1533041.0,72169.0,15215.0,56954.0,15.122645467242322,376614.0,,,,,,,,5194912.5,,7865792.1875,,2024,6
2024-02-06,,,,,,,,,,,,,,,,68.80999755859375,4413400.0,18.540000915527344,5555200.0,,,,5020825.0,57.66423357664233,7124534.375,59.854014598540154,2024,6
2024-02-07,,,,,,,,,,,,,,,,69.41999816894531,5234200.0,18.239999771118164,4740400.0,,,,5041412.5,77.53623188405797,6750643.75,47.10144927536232,2024,6
2024-02-08,,,,,,,,,,,,,,,,71.5199966430664,6147400.0,17.420000076293945,9906700.0,,,,5106470.588235294,87.05035971223022,6936294.117647059,94.24460431654677,2024,6
2024-02-09,,,,,,,,,,,,,,,,71.66999816894531,2761600.0,17.149999618530273,6839600.0,,,,5006388.235294118,20.714285714285715,7064886.764705882,84.28571428571429,2024,6
2024-02-12,,,,,,,,,,,,,,,,72.11000061035156,3839000.0,16.170000076293945,10455500.0,,,,4956570.588235294,43.97163120567376,7122794.117647059,95.0354609929078,2024,7
2024-02-13,180235.0,80047.0,100188.0,5.838948117471328,1715857.0,232635.0,362800.0,-130165.0,-8.37578656721124,1554063.0,80669.0,18529.0,62140.0,16.007130308447664,388202.0,,,,,,,,4974550.0,,7143212.5,,2024,7
2024-02-13,,,,,,,,,,,,,,,,72.6500015258789,3632000.0,15.520000457763672,11384200.0,,,,4889518.75,40.845070422535215,7456409.375,96.47887323943662,2024,7
2024-02-14,,,,,,,,,,,,,,,,71.55000305175781,4632500.0,14.890000343322754,11068100.0,,,,4981250.0,61.53846153846154,7831512.5,95.1048951048951,2024,7
2024-02-15,,,,,,,,,,,,,,,,72.83999633789062,4230900.0,14.8100004196167,11075200.0,,,,4937111.764705882,52.083333333333336,8022317.647058823,95.13888888888889,2024,7
2024-02-16,,,,,,,,,,,,,,,,73.41000366210938,4209200.0,14.989999771118164,6755900.0,,,,4898970.588235294,51.03448275862069,7594870.588235294,80.6896551724138,2024,7
2024-02-20,193300.0,69904.0,123396.0,7.423503550041691,1662234.0,245132.0,405861.0,-160729.0,-10.093126357961896,1592460.0,81205.0,19780.0,61425.0,15.72637012079286,390586.0,,,,,,,,4893931.25,,7524681.25,,2024,8
2024-02-20,,,,,,,,,,,,,,,,72.41999816894531,3468600.0,14.770000457763672,8088500.0,,,,4809337.5,36.3013698630137,7522356.25,85.61643835616438,2024,8
2024-02-21,,,,,,,,,,,,,,,,73.19999694824219,3775000.0,16.6200008392334,11972900.0,,,,4829968.75,41.49659863945578,7908462.5,96.5986394557823,2024,8
2024-02-22,,,,,,,,,,,,,,,,73.5999984741211,2748500.0,16.280000686645508,8454100.0,,,,4779300.0,19.594594594594593,8072175.0,87.83783783783784,2024,8
2024-02-23,,,,,,,,,,,,,,,,71.91999816894531,3403200.0,15.210000038146973,10024500.0,,,,4698352.94117647,34.22818791946309,8187017.647058823,91.2751677852349,2024,8
2024-02-26,,,,,,,,,,,,,,,,72.79000091552734,3578500.0,15.619999885559082,10521100.0,,,,4610400.0,40.666666666666664,8441082.352941176,92.66666666666666,2024,9
2024-02-27,,,,,,,,,,,,,,,,73.8499984741211,5301700.0,16.170000076293945,7298700.0,,,,4136458.8235294116,80.13245033112582,8530329.411764706,80.79470198675497,2024,9
2024-02-27,217215.0,50677.0,166538.0,10.038934946269292,1658921.0,234468.0,355916.0,-121448.0,-8.091775369416117,1500882.0,73596.0,12593.0,61003.0,16.157252660518385,377558.0,,,,,,,,4041262.5,,8656331.25,,2024,9
2024-02-28,,,,,,,,,,,,,,,,73.62000274658203,3991500.0,16.729999542236328,8935900.0,,,,4085450.0,48.026315789473685,8942281.25,88.1578947368421,2024,9
2024-02-29,,,,,,,,,,,,,,,,73.36000061035156,3861400.0,16.540000915527344,6082800.0,,,,4072270.588235294,45.09803921568628,8774076.470588235,67.3202614379085,2024,9
2024-03-01,,,,,,,,,,,,,,,,74.95999908447266,5359600.0,16.420000076293945,3666000.0,,,,4127929.411764706,80.51948051948052,8662947.05882353,18.83116883116883,2024,9
2024-03-04,,,,,,,,,,,,,,,,74.01000213623047,3332700.0,17.299999237060547,9923400.0,,,,4016076.470588235,32.903225806451616,8967829.411764706,90.32258064516128,2024,10
2024-03-05,210194.0,35609.0,174585.0,10.629100789701672,1642519.0,237559.0,344157.0,-106598.0,-6.9521175334259,1533317.0,71068.0,11034.0,60034.0,16.27480162764282,368877.0,,,,,,,,3882868.75,,8909150.0,,2024,10
2024-03-05,,,,,,,,,,,,,,,,73.44999694824219,4262700.0,17.510000228881836,5366000.0,,,,3976687.5,56.41025641025641,8817050.0,50.641025641025635,2024,10
2024-03-06,,,,,,,,,,,,,,,,74.33999633789062,4988900.0,17.290000915527344,3053100.0,,,,4048556.25,71.3375796178344,8354400.0,7.643312101910828,2024,10
2024-03-07,,,,,,,,,,,,,,,,74.2300033569336,3758500.0,16.030000686645508,6188900.0,,,,4031494.117647059,41.139240506329116,8227017.647058823,68.9873417721519,2024,10
2024-03-08,,,,,,,,,,,,,,,,73.36000061035156,4038700.0,16.1299991607666,4150200.0,,,,4055417.6470588236,48.42767295597484,7801488.235294118,32.70440251572327,2024,10
2024-03-11,,,,,,,,,,,,,,,,73.62000274658203,3072600.0,15.6899995803833,4374500.0,,,,3963658.8235294116,23.75,7407747.05882353,35.625,2024,11
2024-03-12,,,,,,,,,,,,,,,,73.3499984741211,4134600.0,15.3100004196167,6887700.0,,,,3957994.117647059,50.931677018633536,7161423.529411765,78.88198757763976,2024,11
2024-03-12,199527.0,38934.0,160593.0,9.34231537797014,1718985.0,232219.0,331428.0,-99209.0,-6.217458443319721,1595652.0,75405.0,8636.0,66769.0,17.61728984662148,378997.0,,,,,,,,3942293.75,,7186768.75,,2024,11
2024-03-13,,,,,,,,,,,,,,,,75.08999633789062,4435500.0,14.90999984741211,6426000.0,,,,3971305.882352941,60.49382716049383,7142017.647058823,71.60493827160494,2024,11
2024-03-14,,,,,,,,,,,,,,,,76.30000305175781,4238600.0,15.569999694824219,6018100.0,,,,4016600.0,55.21472392638037,7020229.411764706,65.03067484662577,2024,11
2024-03-15,,,,,,,,,,,,,,,,76.33000183105469,3141800.0,15.130000114440918,6186000.0,,,,3979352.9411764704,26.82926829268293,6679823.529411765,68.29268292682927,2024,11
2024-03-18,,,,,,,,,,,,,,,,77.9800033569336,3403700.0,15.34000015258789,5285900.0,,,,4017894.117647059,33.33333333333333,6493458.823529412,49.09090909090909,2024,12
2024-03-19,,,,,,,,,,,,,,,,78.43000030517578,2720500.0,15.640000343322754,4416400.0,,,,3977735.294117647,16.867469879518072,6163570.588235294,35.54216867469879,2024,12
2024-03-19,236945.0,31261.0,205684.0,12.002222071801862,1713716.0,230124.0,318289.0,-88165.0,-5.543214945209157,1590503.0,90467.0,13926.0,76541.0,19.970673186055674,383267.0,,,,,,,,4002687.5,,5891225.0,,2024,12
2024-03-20,,,,,,,,,,,,,,,,77.25,4254600.0,15.369999885559082,4423100.0,,,,3937243.75,56.886227544910184,5711500.0,35.92814371257485,2024,12
2024-03-21,,,,,,,,,,,,,,,,76.81999969482422,2742000.0,15.319999694824219,5399800.0,,,,3866935.294117647,17.857142857142858,5693164.705882353,51.19047619047619,2024,12
2024-03-22,,,,,,,,,,,,,,,,76.68000030517578,2397000.0,15.109999656677246,3657100.0,,,,3773141.1764705884,10.650887573964498,5382647.05882353,17.75147928994083,2024,12
2024-03-25,,,,,,,,,,,,,,,,77.76000213623047,2189200.0,15.039999961853027,4823100.0,,,,3674776.470588235,8.823529411764707,5308547.05882353,43.529411764705884,2024,13
2024-03-26,251670.0,45876.0,205794.0,11.59033884988722,1775565.0,243818.0,329915.0,-86097.0,-5.577158892380403,1543743.0,97343.0,18294.0,79049.0,20.478272808758234,386014.0,,,,,,,,3569475.0,,5411206.25,,2024,13
2024-03-26,,,,,,,,,,,,,,,,77.29000091552734,2776800.0,14.960000038146973,5762300.0,,,,3534731.25,21.052631578947366,5151137.5,60.81871345029239,2024,13
2024-03-27,,,,,,,,,,,,,,,,77.51000213623047,2412300.0,14.350000381469727,7758700.0,,,,3468705.882352941,12.209302325581394,5304523.529411765,82.55813953488372,2024,13
2024-03-28,,,,,,,,,,,,,,,,78.7300033569336,4745600.0,14.569999694824219,8144500.0,,,,3497111.7647058824,69.36416184971098,5467964.705882353,85.54913294797689,2024,13
2024-04-01,,,,,,,,,,,,,,,,79.66999816894531,4000100.0,15.390000343322754,8293000.0,,,,3438947.0588235296,49.42528735632184,5776194.117647059,86.20689655172413,2024,14
2024-04-02,261334.0,45491.0,215843.0,12.27995915081485,1757685.0,248851.0,332537.0,-83686.0,-5.263035424204328,1590071.0,99041.0,15409.0,83632.0,20.573019805024686,406513.0,,,,,,,,3418975.0,,5750400.0,,2024,14
2024-04-02,,,,,,,,,,,,,,,,80.79000091552734,4241700.0,15.479999542236328,5999200.0,,,,3431662.5,57.14285714285714,5865962.5,64.57142857142857,2024,14
2024-04-03,,,,,,,,,,,,,,,,81.25,3254800.0,15.460000038146973,5600100.0,,,,3443050.0,31.25,5942562.5,54.54545454545454,2024,14
2024-04-04,,,,,,,,,,,,,,,,82.2699966430664,6112200.0,14.899999618530273,8334300.0,,,,3566650.0,88.70056497175142,6032975.0,86.4406779661017,2024,14
2024-04-05,,,,,,,,,,,,,,,,82.4000015258789,3842800.0,14.869999885559082,5235900.0,,,,3582894.117647059,45.50561797752809,5986088.235294118,47.752808988764045,2024,14
2024-04-08,,,,,,,,,,,,,,,,82.19999694824219,3757200.0,15.40999984741211,5459300.0,,,,3542994.117647059,41.899441340782126,5929223.529411765,51.39664804469274,2024,15
2024-04-09,271319.0,49187.0,222132.0,12.606137924537512,1762094.0,228403.0,316950.0,-88547.0,-5.712543829372695,1550045.0,106729.0,21820.0,84909.0,19.956143443374273,425478.0,,,,,,,,3499518.75,,5923668.75,,2024,15
2024-04-09,,,,,,,,,,,,,,,,81.1500015258789,3893900.0,15.850000381469727,7823600.0,,,,3546525.0,46.666666666666664,6026018.75,81.66666666666667,2024,15
2024-04-10,,,,,,,,,,,,,,,,82.08999633789062,6834100.0,15.670000076293945,5986000.0,,,,3760925.0,93.37016574585635,6069775.0,64.08839779005525,2024,15
2024-04-11,,,,,,,,,,,,,,,,81.55000305175781,6287700.0,14.850000381469727,9392000.0,,,,3983875.0,90.10989010989012,6380750.0,90.10989010989012,2024,15
2024-04-12,,,,,,,,,,,,,,,,81.52999877929688,9724900.0,14.890000343322754,4676400.0,,,,4321582.352941177,99.4535519125683,6280494.117647059,38.79781420765027,2024,15
2024-04-15,,,,,,,,,,,,,,,,81.6500015258789,10203200.0,14.140000343322754,9363000.0,,,,4671500.0,99.45652173913044,6571076.470588235,89.67391304347827,2024,16
2024-04-16,267691.0,81905.0,185786.0,10.3237041885835,1799606.0,220067.0,336001.0,-115934.0,-7.326225376820276,1582452.0,105966.0,26934.0,79032.0,19.001319936816138,415929.0,,,,,,,,4792093.75,,6644281.25,,2024,16
2024-04-16,,,,,,,,,,,,,,,,81.33000183105469,4285400.0,14.479999542236328,13329100.0,,,,4910118.75,58.91891891891892,7248781.25,97.83783783783784,2024,16
2024-04-17,,,,,,,,,,,,,,,,78.91000366210938,5967300.0,14.380000114440918,5735400.0,,,,5146250.0,86.02150537634408,7305800.0,57.52688172043011,2024,16
2024-04-18,,,,,,,,,,,,,,,,78.77999877929688,4529600.0,14.420000076293945,7205200.0,,,,5109976.470588235,62.56684491978609,7299882.352941177,77.54010695187165,2024,16
2024-04-19,,,,,,,,,,,,,,,,78.8499984741211,7608800.0,14.520000457763672,6256900.0,,,,5394211.764705882,96.27659574468085,7328976.470588235,69.68085106382979,2024,16
2024-04-22,,,,,,,,,,,,,,,,78.77999877929688,3299600.0,15.039999961853027,6189400.0,,,,5446405.882352941,30.687830687830687,7236664.705882353,67.72486772486772,2024,17
2024-04-23,238825.0,77423.0,161402.0,9.143211278073672,1765266.0,224836.0,313849.0,-89013.0,-5.768905474410216,1542979.0,99774.0,27186.0,72588.0,17.484933011518837,415146.0,,,,,,,,5490206.25,,7179925.0,,2024,17
2024-04-23,,,,,,,,,,,,,,,,79.9800033569336,3355400.0,15.4399995803833,5497100.0,,,,5449912.5,32.631578947368425,7005181.25,50.526315789473685,2024,17
2024-04-24,,,,,,,,,,,,,,,,79.63999938964844,3662900.0,14.359999656677246,8951000.0,,,,5344794.117647059,39.79057591623037,7119641.176470588,88.48167539267016,2024,17
2024-04-25,,,,,,,,,,,,,,,,80.44000244140625,3009000.0,14.369999885559082,5896800.0,,,,5272282.352941177,22.916666666666664,7113617.647058823,60.416666666666664,2024,17
2024-04-26,,,,,,,,,,,,,,,,80.38999938964844,1605300.0,14.0600004196167,7256900.0,,,,5175252.94117647,2.072538860103627,7211076.470588235,78.75647668393782,2024,17
2024-04-29,,,,,,,,,,,,,,,,79.5,3934100.0,14.90999984741211,10053700.0,,,,5047129.411764706,47.93814432989691,7312217.647058823,92.26804123711341,2024,18
2024-04-30,245431.0,86726.0,158705.0,8.843760692143176,1794542.0,227364.0,331164.0,-103800.0,-6.656103255527035,1559471.0,96813.0,29270.0,67543.0,16.28542839576125,414745.0,,,,,,,,5122400.0,,7441987.5,,2024,18
2024-04-30,,,,,,,,,,,,,,,,78.37999725341797,3829200.0,14.4399995803833,7738300.0,,,,5126900.0,43.58974358974359,7584425.0,79.48717948717949,2024,18
2024-05-01,,,,,,,,,,,,,,,,75.93000030517578,5965400.0,14.140000343322754,7019900.0,,,,5176223.529411765,85.71428571428571,7551217.647058823,76.0204081632653,2024,18
2024-05-02,,,,,,,,,,,,,,,,75.93000030517578,4710000.0,14.859999656677246,7709400.0,,,,5224229.411764706,68.52791878172589,7544500.0,79.18781725888326,2024,18
2024-05-03,,,,,,,,,,,,,,,,75.12999725341797,2875100.0,15.670000076293945,11410300.0,,,,4991347.05882353,20.707070707070706,7863576.470588235,96.46464646464646,2024,18
2024-05-06,,,,,,,,,,,,,,,,75.66000366210938,6195900.0,16.059999465942383,8740800.0,,,,4985947.05882353,88.44221105527639,7825270.588235294,86.93467336683418,2024,19
2024-05-07,,,,,,,,,,,,,,,,75.5,4327400.0,16.170000076293945,5054800.0,,,,4668447.05882353,59.5,7847529.411764706,40.5,2024,19
2024-05-07,207621.0,103102.0,104519.0,5.690384997536429,1836765.0,213455.0,269484.0,-56029.0,-3.591252647177967,1560152.0,76882.0,28125.0,48757.0,11.975987600798776,407123.0,,,,,,,,4322525.0,,7752812.5,,2024,19
2024-05-08,,,,,,,,,,,,,,,,76.11000061035156,2423800.0,15.949999809265137,5676100.0,,,,4210835.294117647,11.940298507462686,7630652.94117647,52.736318407960205,2024,19
2024-05-09,,,,,,,,,,,,,,,,76.5199966430664,2240300.0,16.920000076293945,8773200.0,,,,4090535.294117647,8.91089108910891,7362658.823529412,87.12871287128714,2024,19
2024-05-10,,,,,,,,,,,,,,,,75.30000305175781,2746600.0,16.520000457763672,4684700.0,,,,3901082.3529411764,18.226600985221676,7300852.94117647,35.467980295566505,2024,19
2024-05-13,,,,,,,,,,,,,,,,76.12999725341797,3055300.0,17.309999465942383,6564800.0,,,,3814358.8235294116,24.509803921568626,7263182.352941177,71.07843137254902,2024,20
2024-05-14,,,,,,,,,,,,,,,,75.20999908447266,2186600.0,17.170000076293945,6484400.0,,,,3495405.882352941,7.804878048780488,7276564.705882353,69.26829268292683,2024,20
2024-05-14,201164.0,81932.0,119232.0,6.669340399146867,1787763.0,215120.0,226200.0,-11080.0,-0.7166001591007574,1546190.0,69344.0,25256.0,44088.0,10.83610659142412,406862.0,,,,,,,,3507643.75,,7344512.5,,2024,20
2024-05-15,,,,,,,,,,,,,,,,75.87999725341797,3660000.0,17.600000381469727,7566800.0,,,,3516605.882352941,40.77669902912621,7357588.235294118,78.15533980582524,2024,20
2024-05-16,,,,,,,,,,,,,,,,76.25,3195900.0,18.170000076293945,12255200.0,,,,3507223.529411765,30.434782608695656,7755123.529411765,97.10144927536231,2024,20
2024-05-17,,,,,,,,,,,,,,,,76.97000122070312,2019100.0,19.100000381469727,7106200.0,,,,3410529.411764706,5.769230769230769,7646605.882352941,74.51923076923077,2024,20
2024-05-20,,,,,,,,,,,,,,,,76.7300033569336,2040500.0,19.81999969482422,9304700.0,,,,3353558.8235294116,6.698564593301436,7847070.588235294,88.51674641148325,2024,21
2024-05-21,,,,,,,,,,,,,,,,76.16000366210938,2009600.0,19.489999771118164,7278500.0,,,,3377341.1764705884,5.263157894736842,7848341.176470588,76.07655502392345,2024,21
2024-05-21,215685.0,54138.0,161547.0,9.054553647895471,1784152.0,218722.0,202153.0,16569.0,1.0829723207726234,1529956.0,69412.0,25073.0,44339.0,11.083115240502025,400059.0,,,,,,,,3342543.75,,7710506.25,,2024,21
2024-05-22,,,,,,,,,,,,,,,,74.87000274658203,2337200.0,20.549999237060547,11201600.0,,,,3283405.882352941,11.004784688995215,7915864.705882353,95.21531100478468,2024,21
2024-05-23,,,,,,,,,,,,,,,,74.44999694824219,1915600.0,20.1200008392334,19459500.0,,,,3170841.1764705884,4.30622009569378,8605347.05882353,99.52153110047847,2024,21
2024-05-24,,,,,,,,,,,,,,,,75.3499984741211,1164400.0,19.020000457763672,7827100.0,,,,2888429.411764706,0.4784688995215311,8652829.411764706,78.4688995215311,2024,21
2024-05-28,,,,,,,,,,,,,,,,77.66000366210938,2300500.0,19.360000610351562,5036400.0,,,,2746694.117647059,10.526315789473683,8495594.11764706,37.32057416267943,2024,22
2024-05-28,233415.0,37230.0,196185.0,10.70025487316065,1833461.0,215208.0,172002.0,43206.0,2.8772331254066357,1501651.0,62856.0,23400.0,39456.0,10.191214416890306,387157.0,,,,,,,,2738668.75,,8313425.0,,2024,22
2024-05-29,,,,,,,,,,,,,,,,76.56999969482422,1619000.0,18.219999313354492,6800000.0,,,,2452612.5,2.8708133971291865,8192125.0,70.33492822966507,2024,22
2024-05-30,,,,,,,,,,,,,,,,75.52999877929688,2332200.0,17.559999465942383,6477100.0,,,,2327912.5,10.526315789473683,8281018.75,65.07177033492823,2024,22
2024-05-31,,,,,,,,,,,,,,,,74.81999969482422,2038300.0,17.59000015258789,9163600.0,,,,2310876.470588235,6.220095693779904,8332935.294117647,87.08133971291866,2024,22
2024-06-03,,,,,,,,,,,,,,,,71.83000183105469,5763800.0,18.920000076293945,8803500.0,,,,2507347.0588235296,83.73205741626795,8516900.0,85.16746411483254,2024,23
2024-06-04,209744.0,64432.0,145312.0,8.009467257322985,1814253.0,207714.0,191424.0,16290.0,1.1038163314674387,1475789.0,61220.0,28059.0,33161.0,8.766976251093856,378249.0,,,,,,,,2524037.5,,8500881.25,,2024,23
2024-06-04,,,,,,,,,,,,,,,,71.08999633789062,2421100.0,18.020000457763672,9818100.0,,,,2503693.75,12.980769230769232,8821718.75,88.9423076923077,2024,23
2024-06-05,,,,,,,,,,,,,,,,71.88999938964844,2058500.0,18.940000534057617,7359200.0,,,,2441393.75,6.730769230769231,8871368.75,73.5576923076923,2024,23
2024-06-06,,,,,,,,,,,,,,,,73.26000213623047,1933300.0,19.299999237060547,8101300.0,,,,2425562.5,4.30622009569378,8972425.0,78.4688995215311,2024,23
2024-06-07,,,,,,,,,,,,,,,,73.0199966430664,2049500.0,20.18000030517578,11183800.0,,,,2403441.1764705884,7.177033492822966,9102505.88235294,94.25837320574163,2024,23
2024-06-10,,,,,,,,,,,,,,,,75.45999908447266,4020300.0,20.190000534057617,12188700.0,,,,2424635.294117647,51.674641148325364,9374382.352941176,96.17224880382776,2024,24
2024-06-11,215373.0,28691.0,186682.0,10.633261222960035,1755642.0,218173.0,175783.0,42390.0,2.9163886041375706,1453510.0,63416.0,29969.0,33447.0,8.380438377582008,399108.0,,,,,,,,2376431.25,,9194331.25,,2024,24
2024-06-11,,,,,,,,,,,,,,,,75.51000213623047,1891700.0,21.530000686645508,7231600.0,,,,2368468.75,3.3653846153846154,9202168.75,70.1923076923077,2024,24
2024-06-12,,,,,,,,,,,,,,,,75.9800033569336,2465300.0,20.829999923706055,5718000.0,,,,2395018.75,15.789473684210526,8978000.0,46.411483253588514,2024,24
2024-06-13,,,,,,,,,,,,,,,,75.73999786376953,1685400.0,20.110000610351562,5317900.0,,,,2374756.25,3.349282296650718,8855462.5,36.84210526315789,2024,24
2024-06-14,,,,,,,,,,,,,,,,76.08000183105469,2347100.0,19.860000610351562,3853700.0,,,,2373129.411764706,13.397129186602871,8561241.176470589,14.832535885167463,2024,24
2024-06-17,,,,,,,,,,,,,,,,77.79000091552734,2589800.0,19.15999984741211,4276100.0,,,,2387988.2352941176,19.138755980861244,8153858.823529412,22.48803827751196,2024,25
2024-06-18,227938.0,47304.0,180634.0,10.767803769571836,1677538.0,211017.0,171456.0,39561.0,2.725974170049357,1451261.0,62094.0,34877.0,27217.0,6.869423656945268,396205.0,,,,,,,,2417512.5,,7447256.25,,2024,25
2024-06-18,,,,,,,,,,,,,,,,78.66999816894531,1757300.0,19.940000534057617,4244700.0,,,,2454568.75,3.8461538461538463,7223356.25,21.634615384615387,2024,25
2024-06-20,,,,,,,,,,,,,,,,79.41000366210938,1446500.0,19.030000686645508,4698100.0,,,,2401193.75,0.9569377990430622,7202212.5,29.1866028708134,2024,25
2024-06-21,,,,,,,,,,,,,,,,78.6500015258789,1525500.0,18.959999084472656,3390700.0,,,,2349682.3529411764,1.9138755980861244,6978005.882352941,7.4162679425837315,2024,25
2024-06-24,,,,,,,,,,,,,,,,79.69999694824219,1402400.0,19.700000762939453,3462700.0,,,,2336941.1764705884,0.9569377990430622,6781694.117647059,8.133971291866029,2024,26
2024-06-25,261959.0,37321.0,224638.0,13.36652780761168,1680601.0,208583.0,173951.0,34632.0,2.3620613336588967,1466177.0,65798.0,31614.0,34184.0,9.052990076774568,377599.0,,,,,,,,2337237.5,,6800731.25,,2024,26
2024-06-25,,,,,,,,,,,,,,,,78.9000015258789,1268100.0,18.989999771118164,3600800.0,,,,2289100.0,0.9615384615384616,6453056.25,9.134615384615383,2024,26
2024-06-26,,,,,,,,,,,,,,,,78.75,1581900.0,18.309999465942383,4092300.0,,,,2027731.25,3.3653846153846154,6158606.25,19.71153846153846,2024,26
2024-06-27,,,,,,,,,,,,,,,,79.91999816894531,1785700.0,17.979999542236328,5931800.0,,,,2013494.1176470588,5.741626794258373,6145264.705882353,53.588516746411486,2024,26
2024-06-28,,,,,,,,,,,,,,,,79.58999633789062,1359600.0,17.43000030517578,5357800.0,,,,1951052.9411764706,1.4354066985645932,5882894.117647059,38.27751196172249,2024,26
2024-07-01,,,,,,,,,,,,,,,,81.54000091552734,2272800.0,16.56999969482422,4955600.0,,,,1963658.8235294118,13.875598086124402,5741505.882352941,32.535885167464116,2024,27
2024-07-02,267529.0,34326.0,233203.0,13.545831312424305,1721585.0,222182.0,220185.0,1997.0,0.13236280532261527,1508732.0,68135.0,36835.0,31300.0,7.817241387922487,400397.0,,,,,,,,1965556.25,,5594018.75,,2024,27
2024-07-02,,,,,,,,,,,,,,,,81.11000061035156,1182500.0,16.40999984741211,5402000.0,,,,1911368.75,0.9615384615384616,5232656.25,38.94230769230769,2024,27
2024-07-03,,,,,,,,,,,,,,,,81.2699966430664,734700.0,16.350000381469727,3486800.0,,,,1706018.75,0.4784688995215311,4688787.5,8.61244019138756,2024,27
2024-07-05,,,,,,,,,,,,,,,,81.30999755859375,1979700.0,15.600000381469727,4583800.0,,,,1722117.6470588236,9.569377990430622,4682611.764705882,27.27272727272727,2024,27
2024-07-08,,,,,,,,,,,,,,,,80.41999816894531,2029600.0,15.859999656677246,3377400.0,,,,1730229.4117647058,11.004784688995215,4455894.117647059,7.177033492822966,2024,28
2024-07-09,,,,,,,,,,,,,,,,79.7699966430664,1913000.0,15.729999542236328,3836500.0,,,,1697741.1764705882,8.133971291866029,4345217.647058823,14.832535885167463,2024,28
2024-07-09,271012.0,31000.0,240012.0,13.577420520905637,1767729.0,221574.0,257261.0,-35687.0,-2.3018762287595527,1550344.0,72087.0,35546.0,36541.0,8.975001350880037,407142.0,,,,,,,,1698512.5,,4284425.0,,2024,28
2024-07-10,,,,,,,,,,,,,,,,80.4800033569336,2291900.0,15.510000228881836,4097400.0,,,,1695062.5,15.865384615384615,4299656.25,20.192307692307693,2024,28
2024-07-11,,,,,,,,,,,,,,,,80.94000244140625,2998200.0,15.220000267028809,4014400.0,,,,1720587.5,29.665071770334926,4283300.0,19.138755980861244,2024,28
2024-07-12,,,,,,,,,,,,,,,,80.25,3003800.0,15.5,4567900.0,,,,1796070.5882352942,30.14354066985646,4300041.176470588,27.751196172248804,2024,28
2024-07-15,,,,,,,,,,,,,,,,80.12000274658203,2206700.0,14.479999542236328,8596800.0,,,,1822505.8823529412,14.832535885167463,4556047.05882353,81.81818181818183,2024,29
2024-07-16,276160.0,27659.0,248501.0,13.570302073162473,1831212.0,223958.0,283913.0,-59955.0,-3.7724962341105894,1589266.0,64789.0,33240.0,31549.0,7.936655681618072,397510.0,,,,,,,,1846006.25,,4547168.75,,2024,29
2024-07-16,,,,,,,,,,,,,,,,79.05999755859375,2012200.0,14.609999656677246,4602600.0,,,,1876425.0,11.057692307692307,4622912.5,29.326923076923077,2024,29
2024-07-17,,,,,,,,,,,,,,,,80.62000274658203,2459300.0,13.739999771118164,10479300.0,,,,1942481.25,21.634615384615387,5061450.0,90.86538461538461,2024,29
2024-07-18,,,,,,,,,,,,,,,,79.9000015258789,1425500.0,14.109999656677246,6383300.0,,,,1912070.5882352942,3.3653846153846154,5139205.882352941,61.057692307692314,2024,29
2024-07-19,,,,,,,,,,,,,,,,78.0,2636000.0,14.300000190734863,3667700.0,,,,1992535.294117647,25.358851674641148,5143141.176470588,11.483253588516746,2024,29
2024-07-22,,,,,,,,,,,,,,,,77.62000274658203,1556600.0,15.010000228881836,6541800.0,,,,1991047.0588235294,5.263157894736842,5287229.411764706,63.63636363636363,2024,30
2024-07-23,,,,,,,,,,,,,,,,76.62000274658203,3124100.0,14.859999656677246,3824000.0,,,,2069776.4705882352,34.44976076555024,5163241.176470588,13.397129186602871,2024,30
2024-07-23,258257.0,33216.0,225041.0,12.439431008007324,1809094.0,222874.0,280385.0,-57511.0,-3.7518119416577624,1532886.0,58994.0,36474.0,22520.0,5.681818181818182,396352.0,,,,,,,,2114162.5,,5151081.25,,2024,30
2024-07-24,,,,,,,,,,,,,,,,76.80999755859375,2129200.0,14.3100004196167,4630300.0,,,,2105187.5,14.903846153846153,5130750.0,28.846153846153843,2024,30
2024-07-25,,,,,,,,,,,,,,,,77.45999908447266,1824000.0,13.75,8785400.0,,,,2088647.0588235294,8.61244019138756,5345729.411764706,82.77511961722487,2024,30
2024-07-26,,,,,,,,,,,,,,,,76.11000061035156,2125100.0,13.510000228881836,8509700.0,,,,2144094.117647059,15.311004784688995,5528535.294117647,80.38277511961722,2024,30
2024-07-29,,,,,,,,,,,,,,,,75.19000244140625,1955400.0,13.59000015258789,9352000.0,,,,2215900.0,11.004784688995215,5873547.05882353,85.64593301435407,2024,31
2024-07-30,,,,,,,,,,,,,,,,74.45999908447266,3304600.0,14.010000228881836,5705100.0,,,,2293835.294117647,38.75598086124402,5939505.882352941,45.45454545454545,2024,31
2024-07-30,226272.0,27022.0,199250.0,11.146042525578558,1787630.0,234013.0,287876.0,-53863.0,-3.4800457691629294,1547767.0,52876.0,39499.0,13377.0,3.514565861655842,380616.0,,,,,,,,2310350.0,,6099637.5,,2024,31
2024-07-31,,,,,,,,,,,,,,,,77.73999786376953,4582800.0,13.539999961853027,7292100.0,,,,2477212.5,66.82692307692307,6315612.5,69.71153846153845,2024,31
2024-08-01,,,,,,,,,,,,,,,,76.29000091552734,3633500.0,13.09000015258789,10103500.0,,,,2545229.411764706,44.71153846153847,6538429.411764706,89.42307692307693,2024,31
2024-08-02,,,,,,,,,,,,,,,,73.38999938964844,5001300.0,13.050000190734863,6405000.0,,,,2704605.882352941,76.55502392344498,6674170.588235294,58.3732057416268,2024,31
2024-08-05,,,,,,,,,,,,,,,,73.22000122070312,3939500.0,12.9399995803833,7359000.0,,,,2759976.470588235,52.15311004784689,6870911.764705882,69.85645933014354,2024,32
2024-08-06,216359.0,43725.0,172634.0,9.439504474406265,1828846.0,235889.0,288796.0,-52907.0,-3.3331065356784215,1587318.0,49651.0,41739.0,7912.0,2.1275565905314053,371882.0,,,,,,,,2744737.5,,7014850.0,,2024,32
2024-08-06,,,,,,,,,,,,,,,,72.44999694824219,3377900.0,13.319999694824219,5636100.0,,,,2817937.5,39.90384615384615,6829806.25,42.30769230769231,2024,32
2024-08-07,,,,,,,,,,,,,,,,74.69000244140625,4944000.0,13.859999656677246,4903300.0,,,,2943000.0,74.51923076923077,6716482.352941177,29.326923076923077,2024,32
2024-08-08,,,,,,,,,,,,,,,,75.36000061035156,3034300.0,14.180000305175781,7151100.0,,,,3003123.529411765,32.69230769230769,6866394.117647059,66.34615384615384,2024,32
2024-08-09,,,,,,,,,,,,,,,,76.22000122070312,2923600.0,14.279999732971191,3717800.0,,,,3030435.294117647,31.100478468899524,6468658.823529412,11.004784688995215,2024,32
2024-08-12,,,,,,,,,,,,,,,,78.62999725341797,4745000.0,14.399999618530273,5573200.0,,,,3225700.0,72.24880382775119,6421005.882352941,40.19138755980861,2024,33
2024-08-13,216524.0,24759.0,191765.0,10.707888206665341,1790876.0,222140.0,283536.0,-61396.0,-4.025307326667759,1525250.0,51175.0,36862.0,14313.0,3.7735898801457446,379294.0,,,,,,,,3262556.25,,6593087.5,,2024,33
2024-08-13,,,,,,,,,,,,,,,,77.63999938964844,2300800.0,14.329999923706055,4346000.0,,,,3309068.75,20.192307692307693,6455850.0,18.75,2024,33
2024-08-14,,,,,,,,,,,,,,,,76.58999633789062,1721700.0,14.739999771118164,6560900.0,,,,3221418.75,7.6923076923076925,6626906.25,61.057692307692314,2024,33
2024-08-15,,,,,,,,,,,,,,,,77.41000366210938,1640500.0,14.569999694824219,5999100.0,,,,3128423.529411765,7.211538461538461,6589976.470588235,50.480769230769226,2024,33
2024-08-16,,,,,,,,,,,,,,,,76.31999969482422,2476000.0,14.069999694824219,4797400.0,,,,3148823.529411765,25.837320574162682,6599805.882352941,27.27272727272727,2024,33
2024-08-19,,,,,,,,,,,,,,,,74.37999725341797,4881200.0,14.6899995803833,4987700.0,,,,3328658.8235294116,75.11961722488039,6376411.764705882,29.665071770334926,2024,34
2024-08-20,204954.0,35041.0,169913.0,9.75036611286835,1742632.0,219567.0,259607.0,-40040.0,-2.6359811425964415,1518979.0,53649.0,36510.0,17139.0,4.744990337816512,361202.0,,,,,,,,3403881.25,,6243081.25,,2024,34
2024-08-20,,,,,,,,,,,,,,,,73.83000183105469,2761700.0,14.649999618530273,3978900.0,,,,3454275.0,31.73076923076923,5907262.5,13.461538461538462,2024,34
2024-08-21,,,,,,,,,,,,,,,,72.5999984741211,2769800.0,14.5600004196167,4044000.0,,,,3420850.0,32.69230769230769,5803443.75,14.423076923076922,2024,34
2024-08-22,,,,,,,,,,,,,,,,73.58000183105469,3170300.0,13.8100004196167,9987300.0,,,,3406111.7647058824,39.23444976076555,6049552.94117647,88.03827751196172,2024,34
2024-08-23,,,,,,,,,,,,,,,,75.55000305175781,3008600.0,13.720000267028809,4328600.0,,,,3313511.7647058824,35.406698564593306,5875229.411764706,17.22488038277512,2024,34
2024-08-26,,,,,,,,,,,,,,,,77.83000183105469,4196800.0,13.329999923706055,7942500.0,,,,3346647.0588235296,61.72248803827751,5748111.764705882,73.68421052631578,2024,35
2024-08-27,210977.0,31008.0,179969.0,10.327536865615027,1742613.0,219643.0,291182.0,-71539.0,-4.669440259831809,1532068.0,54573.0,36723.0,17850.0,5.202519360075546,343103.0,,,,,,,,3243231.25,,5707056.25,,2024,35
2024-08-27,,,,,,,,,,,,,,,,76.48999786376953,3537500.0,13.079999923706055,7738500.0,,,,3218106.25,47.59615384615385,5730775.0,71.63461538461539,2024,35
2024-08-28,,,,,,,,,,,,,,,,75.4800033569336,1852500.0,13.199999809265137,9308800.0,,,,3137776.470588235,10.096153846153847,5941247.05882353,84.13461538461539,2024,35
2024-08-29,,,,,,,,,,,,,,,,76.7699966430664,4062000.0,13.430000305175781,8137700.0,,,,3178017.6470588236,61.057692307692314,6088400.0,75.0,2024,35
2024-08-30,,,,,,,,,,,,,,,,74.33999633789062,3341400.0,13.369999885559082,7076500.0,,,,3083747.0588235296,44.49760765550239,6216235.294117647,63.1578947368421,2024,35
2024-09-03,184324.0,69056.0,115268.0,6.672439861906406,1727524.0,219813.0,290365.0,-70552.0,-4.527355553858603,1558349.0,53961.0,37127.0,16834.0,5.000891212643337,336620.0,,,,,,,,3086837.5,,6157806.25,,2024,36
2024-09-03,,,,,,,,,,,,,,,,71.08999633789062,4967800.0,13.890000343322754,7417900.0,,,,3214600.0,78.36538461538461,6389062.5,68.75,2024,36
2024-09-04,,,,,,,,,,,,,,,,69.61000061035156,4701400.0,13.460000038146973,4529400.0,,,,3211875.0,74.03846153846155,6323825.0,19.230769230769234,2024,36
2024-09-05,,,,,,,,,,,,,,,,69.88999938964844,3482600.0,14.180000305175781,8653500.0,,,,3227800.0,48.07692307692308,6460864.705882353,78.84615384615384,2024,36
2024-09-06,,,,,,,,,,,,,,,,68.93000030517578,3708600.0,14.319999694824219,4634100.0,,,,3310611.7647058824,52.15311004784689,6477811.764705882,22.48803827751196,2024,36
2024-09-09,,,,,,,,,,,,,,,,69.2699966430664,2685200.0,13.479999542236328,6567900.0,,,,3367288.2352941176,29.1866028708134,6478223.529411765,57.89473684210527,2024,37
2024-09-10,,,,,,,,,,,,,,,,66.95999908447266,4038100.0,14.069999694824219,5551900.0,,,,3508323.529411765,60.76555023923444,6451917.647058823,36.84210526315789,2024,37
2024-09-10,188368.0,92535.0,95833.0,5.316774528215527,1802465.0,217922.0,268899.0,-50977.0,-3.283849377236521,1552355.0,47901.0,42668.0,5233.0,1.4781107975810166,354033.0,,,,,,,,3572843.75,,6555325.0,,2024,37
2024-09-11,,,,,,,,,,,,,,,,67.8499984741211,3143200.0,14.25,5735100.0,,,,3464218.75,39.90384615384615,6602037.5,42.78846153846153,2024,37
2024-09-12,,,,,,,,,,,,,,,,69.88999938964844,4035600.0,14.829999923706055,5352500.0,,,,3497829.411764706,60.57692307692307,6528535.294117647,31.73076923076923,2024,37
2024-09-13,,,,,,,,,,,,,,,,69.83999633789062,2453000.0,14.489999771118164,4517500.0,,,,3479670.588235294,25.48076923076923,6560217.647058823,18.75,2024,37
2024-09-16,,,,,,,,,,,,,,,,70.87999725341797,3317900.0,14.859999656677246,4081800.0,,,,3511911.7647058824,44.01913875598086,6562441.176470588,11.483253588516746,2024,38
2024-09-17,,,,,,,,,,,,,,,,71.72000122070312,1952300.0,14.640000343322754,3925000.0,,,,3440264.705882353,12.440191387559809,6205835.294117647,9.569377990430622,2024,38
2024-09-17,187270.0,56497.0,130773.0,7.215957843042585,1812275.0,212839.0,250015.0,-37176.0,-2.4184624392147933,1537175.0,48620.0,40078.0,8542.0,2.4433638443935926,349600.0,,,,,,,,3467243.75,,6323162.5,,2024,38
2024-09-18,,,,,,,,,,,,,,,,70.66000366210938,2443800.0,14.4399995803833,3834700.0,,,,3357681.25,25.961538461538463,6066425.0,8.653846153846153,2024,38
2024-09-19,,,,,,,,,,,,,,,,72.75,4126900.0,14.609999656677246,5843300.0,,,,3402929.411764706,64.42307692307693,6053300.0,47.11538461538461,2024,38
2024-09-20,,,,,,,,,,,,,,,,72.91999816894531,1353300.0,15.34000015258789,6978600.0,,,,3274447.0588235296,2.3923444976076556,6008600.0,62.20095693779905,2024,38
2024-09-23,,,,,,,,,,,,,,,,72.25,2837700.0,16.09000015258789,8030500.0,,,,3332400.0,34.92822966507177,5933405.882352941,72.24880382775119,2024,39
2024-09-24,,,,,,,,,,,,,,,,73.29000091552734,2387000.0,15.8100004196167,5523800.0,,,,3233870.588235294,24.401913875598087,5779647.05882353,36.36363636363637,2024,39
2024-09-24,211573.0,52491.0,159082.0,8.935218235524404,1780393.0,211495.0,223796.0,-12301.0,-0.822247266417205,1496022.0,52807.0,28727.0,24080.0,7.133419834935983,337566.0,,,,,,,,3227150.0,,5698593.75,,2024,39
2024-09-25,,,,,,,,,,,,,,,,71.4800033569336,3469200.0,15.850000381469727,5305700.0,,,,3241388.2352941176,50.480769230769226,5675482.352941177,30.288461538461537,2024,39
2024-09-26,,,,,,,,,,,,,,,,69.01000213623047,4593800.0,15.470000267028809,7273400.0,,,,3219388.2352941176,75.0,5666982.352941177,65.38461538461539,2024,39
2024-09-27,,,,,,,,,,,,,,,,70.2699966430664,3214700.0,16.3700008392334,9982000.0,,,,3131935.294117647,42.10526315789473,5987723.529411765,87.5598086124402,2024,39
2024-09-30,,,,,,,,,,,,,,,,69.91999816894531,2338500.0,16.329999923706055,4395600.0,,,,3064635.294117647,23.444976076555022,5737258.823529412,16.267942583732058,2024,40
2024-10-01,,,,,,,,,,,,,,,,72.11000061035156,13945000.0,16.3700008392334,6976800.0,,,,3666776.470588235,100.0,5875064.705882353,60.76555023923444,2024,40
2024-10-01,205645.0,68716.0,136929.0,7.7302668720107315,1771336.0,193654.0,206852.0,-13198.0,-0.8822841251696314,1495890.0,56272.0,30374.0,25898.0,7.995850481486169,323893.0,,,,,,,,3728125.0,,5831762.5,,2024,40
2024-10-02,,,,,,,,,,,,,,,,72.76000213623047,4093000.0,16.40999984741211,6496300.0,,,,3731556.25,65.86538461538461,5890787.5,54.32692307692307,2024,40
2024-10-03,,,,,,,,,,,,,,,,75.7300033569336,7082200.0,16.68000030517578,5628900.0,,,,3928652.9411764704,94.71153846153845,5875382.352941177,38.46153846153847,2024,40
2024-10-04,,,,,,,,,,,,,,,,76.3499984741211,5843100.0,15.9399995803833,6119800.0,,,,4087470.588235294,89.95215311004785,5898011.764705882,48.32535885167464,2024,40
2024-10-07,,,,,,,,,,,,,,,,79.19999694824219,4353500.0,15.380000114440918,5846800.0,,,,4106170.588235294,71.77033492822966,5927088.235294118,44.97607655502392,2024,41
2024-10-08,191953.0,60890.0,131063.0,7.677649214561541,1707072.0,181001.0,200555.0,-19554.0,-1.3185052624907032,1483043.0,58801.0,19263.0,39538.0,12.304293027525791,321335.0,,,,,,,,4209493.75,,6015187.5,,2024,41
2024-10-08,,,,,,,,,,,,,,,,75.79000091552734,8048000.0,15.25,4643200.0,,,,4505125.0,98.07692307692307,6050275.0,20.673076923076923,2024,41
2024-10-09,,,,,,,,,,,,,,,,75.25,6501500.0,14.859999656677246,5305500.0,,,,4789450.0,93.75,6136556.25,29.326923076923077,2024,41
2024-10-10,,,,,,,,,,,,,,,,77.7699966430664,4533100.0,15.130000114440918,5696500.0,,,,4774370.588235294,74.03846153846155,6110670.588235294,40.38461538461539,2024,41
2024-10-11,,,,,,,,,,,,,,,,77.48999786376953,3642400.0,14.800000190734863,3820200.0,,,,4844876.470588235,54.066985645933016,6109817.647058823,6.220095693779904,2024,41
2024-10-14,,,,,,,,,,,,,,,,75.93000030517578,3943200.0,13.989999771118164,5819800.0,,,,4834070.588235294,60.76555023923444,6108435.294117647,44.49760765550239,2024,42
2024-10-15,170958.0,52412.0,118546.0,7.01555250449768,1689760.0,169973.0,250694.0,-80721.0,-5.184772680851392,1556886.0,66496.0,16550.0,49946.0,14.243507919397247,350658.0,,,,,,,,5051618.75,,6054050.0,,2024,42
2024-10-15,,,,,,,,,,,,,,,,72.76000213623047,4116700.0,14.010000228881836,4195200.0,,,,5131556.25,65.38461538461539,5814343.75,12.5,2024,42
2024-10-16,,,,,,,,,,,,,,,,72.4000015258789,2195300.0,13.4399995803833,8522300.0,,,,5119575.0,19.71153846153846,6001750.0,77.88461538461539,2024,42
2024-10-17,,,,,,,,,,,,,,,,72.62000274658203,2541700.0,13.3100004196167,5290700.0,,,,4967935.294117647,29.807692307692307,5959923.529411765,29.807692307692307,2024,42
2024-10-18,,,,,,,,,,,,,,,,71.37999725341797,4342300.0,13.029999732971191,6993900.0,,,,5019294.117647059,71.77033492822966,6059229.411764706,61.72248803827751,2024,42
2024-10-21,,,,,,,,,,,,,,,,72.26000213623047,2941400.0,13.25,6271600.0,,,,4922094.117647059,36.84210526315789,6000300.0,51.674641148325364,2024,43
2024-10-22,,,,,,,,,,,,,,,,73.9800033569336,3782100.0,13.5,8757000.0,,,,4955470.588235294,57.41626794258373,5928241.176470588,79.90430622009569,2024,43
2024-10-22,161903.0,59957.0,101946.0,6.18256224650197,1648928.0,181618.0,314055.0,-132437.0,-8.051468800155634,1644880.0,70048.0,20103.0,49945.0,14.004475151134491,356636.0,,,,,,,,5119031.25,,6024031.25,,2024,43
2024-10-23,,,,,,,,,,,,,,,,73.55000305175781,2413400.0,13.819999694824219,7599900.0,,,,4398306.25,26.442307692307693,6062975.0,68.26923076923077,2024,43
2024-10-24,,,,,,,,,,,,,,,,73.05999755859375,2218600.0,14.319999694824219,8660800.0,,,,4270088.235294118,20.574162679425836,6215788.235294118,78.4688995215311,2024,43
2024-10-25,,,,,,,,,,,,,,,,74.2300033569336,3676100.0,14.449999809265137,6217900.0,,,,4245564.705882353,56.45933014354066,6199411.764705882,49.282296650717704,2024,43
2024-10-28,,,,,,,,,,,,,,,,70.43000030517578,7429100.0,13.34000015258789,11750300.0,,,,4265970.588235294,96.17224880382776,6559494.117647059,95.21531100478468,2024,44
2024-10-29,,,,,,,,,,,,,,,,69.66000366210938,4015900.0,13.40999984741211,6109200.0,,,,4158488.2352941176,63.63636363636363,6558870.588235294,45.933014354066984,2024,44
2024-10-29,168343.0,76710.0,91633.0,5.230982294135646,1751736.0,187718.0,320954.0,-133236.0,-7.976216702905145,1670416.0,71703.0,25146.0,46557.0,13.008055120156243,357909.0,,,,,,,,4146300.0,,6603375.0,,2024,44
2024-10-30,,,,,,,,,,,,,,,,71.36000061035156,3934400.0,13.229999542236328,7399700.0,,,,4133835.294117647,61.72248803827751,6650217.647058823,66.02870813397129,2024,44
2024-10-31,,,,,,,,,,,,,,,,73.08000183105469,9183500.0,12.710000038146973,12949400.0,,,,4200629.411764706,98.08612440191388,7138817.647058823,97.1291866028708,2024,44
2024-11-01,,,,,,,,,,,,,,,,72.0199966430664,4533400.0,12.479999542236328,7922000.0,,,,4084858.8235294116,77.03349282296651,7292729.411764706,70.33492822966507,2024,44
2024-11-04,,,,,,,,,,,,,,,,74.29000091552734,3240200.0,13.0600004196167,10459400.0,,,,4008805.882352941,44.97607655502392,7572900.0,89.95215311004785,2024,45
2024-11-05,203273.0,56622.0,146651.0,8.395807678061185,1746717.0,195208.0,342145.0,-146937.0,-8.24889097476329,1781294.0,72434.0,18127.0,54307.0,15.209105242964243,357069.0,,,,,,,,4031706.25,,7807443.75,,2024,45
2024-11-05,,,,,,,,,,,,,,,,74.7300033569336,2839500.0,12.529999732971191,8676400.0,,,,3962725.0,36.84210526315789,7985981.25,77.99043062200957,2024,45
2024-11-06,,,,,,,,,,,,,,,,74.54000091552734,4179100.0,12.869999885559082,7324700.0,,,,3975452.9411764704,69.85645933014354,7947082.352941177,64.5933014354067,2024,45
2024-11-07,,,,,,,,,,,,,,,,74.66000366210938,3133400.0,12.65999984741211,7981000.0,,,,3917611.7647058824,42.58373205741627,8169776.470588235,71.77033492822966,2024,45
2024-11-08,,,,,,,,,,,,,,,,73.12999725341797,2984700.0,12.529999732971191,6011500.0,,,,3964047.0588235296,38.75598086124402,8022082.352941177,44.49760765550239,2024,45
2024-11-11,,,,,,,,,,,,,,,,70.94000244140625,3272100.0,13.800000190734863,13101900.0,,,,4007011.7647058824,47.368421052631575,8481564.705882354,98.56459330143541,2024,46
2024-11-12,200728.0,67065.0,133663.0,7.457628442575709,1792299.0,194902.0,332393.0,-137491.0,-7.796254377528987,1763552.0,78182.0,17118.0,61064.0,16.119869486711085,378812.0,,,,,,,,3986056.25,,8574543.75,,2024,46
2024-11-12,,,,,,,,,,,,,,,,70.69000244140625,1905500.0,13.65999984741211,9680400.0,,,,3921312.5,11.004784688995215,8787593.75,87.08133971291866,2024,46
2024-11-13,,,,,,,,,,,,,,,,70.7300033569336,3449100.0,14.109999656677246,9264000.0,,,,3900500.0,53.588516746411486,8819281.25,83.73205741626795,2024,46
2024-11-14,,,,,,,,,,,,,,,,71.29000091552734,2088900.0,13.149999618530273,8651400.0,,,,3793935.294117647,18.181818181818183,8809405.88235294,77.99043062200957,2024,46
2024-11-15,,,,,,,,,,,,,,,,69.75,3629400.0,13.369999885559082,7318200.0,,,,3865464.705882353,57.41626794258373,8792835.294117646,64.11483253588517,2024,46
2024-11-18,,,,,,,,,,,,,,,,72.06999969482422,3112000.0,13.75,8377100.0,,,,3918017.6470588236,43.54066985645933,8776147.05882353,75.5980861244019,2024,47
2024-11-19,188283.0,83342.0,104941.0,5.93339217290466,1768651.0,184968.0,307657.0,-122689.0,-7.1913438233596025,1706065.0,83291.0,14884.0,68407.0,18.72927738123595,365241.0,,,,,,,,3933137.5,,8936037.5,,2024,47
2024-11-19,,,,,,,,,,,,,,,,72.30999755859375,3959400.0,13.869999885559082,8884400.0,,,,3716281.25,67.46411483253588,8756918.75,82.29665071770334,2024,47
2024-11-20,,,,,,,,,,,,,,,,72.0199966430664,1362400.0,14.75,13846300.0,,,,3550437.5,3.349282296650718,9240487.5,99.52153110047847,2024,47
2024-11-21,,,,,,,,,,,,,,,,73.19999694824219,1848100.0,15.149999618530273,11904800.0,,,,3450300.0,10.526315789473683,9397211.764705881,96.17224880382776,2024,47
2024-11-22,,,,,,,,,,,,,,,,74.25,2573800.0,14.3100004196167,14879000.0,,,,3370264.705882353,33.014354066985646,9837170.588235294,99.52153110047847,2024,47
2024-11-25,,,,,,,,,,,,,,,,72.0999984741211,3299000.0,14.789999961853027,11781600.0,,,,3024117.6470588236,50.717703349282296,9768476.470588235,95.21531100478468,2024,48
2024-11-26,185017.0,78608.0,106409.0,6.113137480531821,1740661.0,177445.0,238532.0,-61087.0,-3.7239360443992515,1640388.0,82797.0,15487.0,67310.0,19.02159322445819,353861.0,,,,,,,,2929787.5,,9883881.25,,2024,48
2024-11-26,,,,,,,,,,,,,,,,71.61000061035156,2882200.0,15.079999923706055,10170100.0,,,,2907412.5,40.19138755980861,9865800.0,89.47368421052632,2024,48
2024-11-27,,,,,,,,,,,,,,,,71.72000122070312,1575900.0,13.8100004196167,9147000.0,,,,2829088.2352941176,6.220095693779904,9823517.647058824,81.3397129186603,2024,48
2024-11-29,,,,,,,,,,,,,,,,71.61000061035156,1757600.0,14.430000305175781,4681700.0,,,,2765447.0588235296,10.047846889952153,9588535.294117646,20.574162679425836,2024,48
2024-12-02,,,,,,,,,,,,,,,,71.04000091552734,3553900.0,13.880000114440918,9656700.0,,,,2728670.588235294,59.33014354066985,9725711.764705881,84.688995215311,2024,49
2024-12-03,,,,,,,,,,,,,,,,73.04000091552734,3199100.0,13.210000038146973,9444000.0,,,,2732535.294117647,49.760765550239235,9811770.588235294,84.21052631578947,2024,49
2024-12-03,192032.0,77211.0,114821.0,6.44756443998713,1780843.0,169476.0,242522.0,-73046.0,-4.456790861644606,1638982.0,83586.0,16977.0,66609.0,19.30180937257311,345092.0,,,,,,,,2716775.0,,10049287.5,,2024,49
2024-12-04,,,,,,,,,,,,,,,,71.87999725341797,2784100.0,13.260000228881836,8384500.0,,,,2686275.0,39.71291866028708,9754450.0,72.24880382775119,2024,49
2024-12-05,,,,,,,,,,,,,,,,71.47000122070312,1525200.0,13.319999694824219,6637600.0,,,,2617976.470588235,5.263157894736842,9571105.88235294,51.196172248803826,2024,49
2024-12-06,,,,,,,,,,,,,,,,70.23999786376953,3083800.0,13.369999885559082,4222400.0,,,,2687288.2352941176,47.368421052631575,9250047.05882353,11.961722488038278,2024,49
2024-12-09,,,,,,,,,,,,,,,,71.16999816894531,2061700.0,13.770000457763672,6923600.0,,,,2605676.470588235,20.574162679425836,9112376.470588235,53.588516746411486,2024,50
2024-12-10,,,,,,,,,,,,,,,,71.4000015258789,2475900.0,13.8100004196167,6877200.0,,,,2628441.1764705884,33.97129186602871,9008011.764705881,53.110047846889955,2024,50
2024-12-10,185282.0,80314.0,104968.0,5.805023373724649,1808227.0,177703.0,257486.0,-79783.0,-5.065211028768022,1575117.0,89402.0,16253.0,73149.0,19.40667556317271,376927.0,,,,,,,,2565881.25,,9113625.0,,2024,50
2024-12-11,,,,,,,,,,,,,,,,73.33000183105469,3061900.0,14.5600004196167,10133100.0,,,,2562750.0,47.368421052631575,9223375.0,89.95215311004785,2024,50
2024-12-12,,,,,,,,,,,,,,,,73.20999908447266,2830100.0,15.039999961853027,13176100.0,,,,2578476.470588235,41.14832535885167,9455888.235294119,98.08612440191388,2024,50
2024-12-13,,,,,,,,,,,,,,,,74.20999908447266,2713400.0,14.229999542236328,7033000.0,,,,2505182.3529411764,37.32057416267943,9346982.352941176,56.45933014354066,2024,50
2024-12-16,,,,,,,,,,,,,,,,73.69999694824219,1947900.0,13.949999809265137,5668400.0,,,,2539623.529411765,15.311004784688995,8865929.411764706,34.44976076555024,2024,51
2024-12-17,226042.0,61655.0,164387.0,8.993191659303958,1827905.0,172091.0,238396.0,-66305.0,-4.2514515079332,1559585.0,84850.0,17700.0,67150.0,17.25795176511709,389096.0,,,,,,,,2582843.75,,8676000.0,,2024,51
2024-12-17,,,,,,,,,,,,,,,,73.30000305175781,2140100.0,14.460000038146973,7641100.0,,,,2555737.5,22.966507177033492,8223631.25,65.55023923444976,2024,51
2024-12-18,,,,,,,,,,,,,,,,72.94000244140625,2338100.0,14.539999961853027,6517300.0,,,,2495681.25,29.1866028708134,7894612.5,50.23923444976076,2024,51
2024-12-19,,,,,,,,,,,,,,,,72.61000061035156,2099400.0,15.399999618530273,9531300.0,,,,2472370.588235294,22.00956937799043,7990888.235294118,86.1244019138756,2024,51
2024-12-20,,,,,,,,,,,,,,,,73.0999984741211,1599800.0,15.869999885559082,11632600.0,,,,2396935.294117647,7.655502392344498,8076917.647058823,94.25837320574163,2024,51
2024-12-23,,,,,,,,,,,,,,,,73.05999755859375,1894400.0,15.630000114440918,7477600.0,,,,2415670.588235294,13.875598086124402,7978717.647058823,65.07177033492823,2024,52
2024-12-24,,,,,,,,,,,,,,,,73.6500015258789,1011800.0,16.139999389648438,4116700.0,,,,2371800.0,0.9569377990430622,7945482.352941177,11.004784688995215,2024,52
2024-12-24,247311.0,60397.0,186914.0,10.218056342155155,1829252.0,176424.0,179133.0,-2709.0,-0.1785000069186049,1517647.0,74609.0,18191.0,56418.0,14.962287969278751,377068.0,,,,,,,,2297918.75,,7838531.25,,2024,52
2024-12-26,,,,,,,,,,,,,,,,73.12999725341797,1808600.0,15.369999885559082,10900000.0,,,,2211012.5,12.440191387559809,7929531.25,92.34449760765551,2024,52
2024-12-27,,,,,,,,,,,,,,,,73.8499984741211,1462000.0,15.760000228881836,11302800.0,,,,2166952.9411764704,5.741626794258373,8127958.823529412,93.30143540669856,2024,52
2024-12-30,,,,,,,,,,,,,,,,74.81999969482422,1621000.0,18.030000686645508,30104400.0,,,,2098535.294117647,10.047846889952153,9405600.0,100.0,2024,1
2024-12-31,255707.0,52659.0,203048.0,10.840963816825683,1872970.0,162427.0,166227.0,-3800.0,-0.25328672857527545,1500276.0,69550.0,16081.0,53469.0,14.319880018211522,373390.0,,,,,,,,2134368.75,,9578600.0,,2024,1
2024-12-31,,,,,,,,,,,,,,,,75.55000305175781,1273500.0,16.809999465942383,15119400.0,,,,2021225.0,2.8708133971291865,10259662.5,99.04306220095694,2024,1
2025-01-02,,,,,,,,,,,,,,,,76.93000030517578,3269400.0,17.010000228881836,14092900.0,,,,2096706.25,59.80861244019139,10707743.75,98.08612440191388,2025,1
2025-01-03,,,,,,,,,,,,,,,,77.91999816894531,1875300.0,15.59000015258789,16484500.0,,,,2059168.75,15.789473684210526,11308200.0,99.04306220095694,2025,1
2025-01-06,,,,,,,,,,,,,,,,77.30000305175781,2141800.0,17.15999984741211,16600100.0,,,,2064029.4117647058,27.751196172248804,11619488.235294119,99.04306220095694,2025,2
2025-01-07,,,,,,,,,,,,,,,,78.16999816894531,3912400.0,15.989999771118164,16343200.0,,,,2114058.8235294116,73.68421052631578,11984788.235294119,98.08612440191388,2025,2
2025-01-07,295756.0,41877.0,253879.0,12.963519914869758,1958411.0,184255.0,162359.0,21896.0,1.4128739557179903,1549749.0,72573.0,19076.0,53497.0,14.094589218483652,379557.0,,,,,,,,2069306.25,,11910331.25,,2025,2
2025-01-08,,,,,,,,,,,,,,,,77.30000305175781,3259100.0,17.110000610351562,13468200.0,,,,2103412.5,60.57692307692307,12312531.25,95.67307692307693,2025,2
2025-01-10,,,,,,,,,,,,,,,,80.63999938964844,5048700.0,18.420000076293945,14921800.0,,,,2297212.5,91.86602870813397,12890868.75,97.1291866028708,2025,2
2025-01-13,,,,,,,,,,,,,,,,82.2300033569336,5060500.0,18.219999313354492,14321700.0,,,,2459758.8235294116,91.86602870813397,12975035.294117646,96.17224880382776,2025,3
2025-01-14,,,,,,,,,,,,,,,,81.66999816894531,4679800.0,18.469999313354492,12135900.0,,,,2609152.9411764704,87.08133971291866,13239435.294117646,91.38755980861244,2025,3
2025-01-14,290600.0,54358.0,236242.0,12.457721412186569,1896350.0,197706.0,140846.0,56860.0,3.61462250207399,1573055.0,80044.0,22714.0,57330.0,14.19660301761389,403829.0,,,,,,,,2626093.75,,13659568.75,,2025,3
2025-01-15,,,,,,,,,,,,,,,,84.33999633789062,4891900.0,19.1200008392334,13993100.0,,,,2800625.0,89.42307692307693,13938431.25,95.1923076923077,2025,3
2025-01-16,,,,,,,,,,,,,,,,82.94000244140625,3607100.0,19.940000534057617,16418300.0,,,,2926081.25,66.82692307692307,14237537.5,98.07692307692307,2025,3
2025-01-17,,,,,,,,,,,,,,,,82.5199966430664,2297600.0,18.34000015258789,9260500.0,,,,2951281.25,32.057416267942585,14348968.75,76.55502392344498,2025,3
2025-01-21,,,,,,,,,,,,,,,,81.11000061035156,2410900.0,17.729999542236328,9103500.0,,,,3038725.0,36.84210526315789,14660643.75,75.11961722488039,2025,4
2025-01-21,285606.0,38161.0,247445.0,13.253615425816816,1867000.0,191688.0,143789.0,47899.0,2.9909993393437646,1601438.0,79431.0,28717.0,50714.0,11.732806466762755,432241.0,,,,,,,,3038725.0,,14660643.75,,2025,4
2025-01-22,,,,,,,,,,,,,,,,80.43000030517578,2798000.0,18.540000915527344,7320700.0,,,,3100562.5,47.11538461538461,14436937.5,55.28846153846154,2025,4
2025-01-23,,,,,,,,,,,,,,,,79.20999908447266,3803200.0,18.25,10105600.0,,,,3246887.5,71.63461538461539,14362112.5,83.65384615384616,2025,4
2025-01-24,,,,,,,,,,,,,,,,79.5999984741211,1922700.0,18.1200008392334,6331600.0,,,,3265743.75,18.660287081339714,12876312.5,40.66985645933015,2025,4
2025-01-27,,,,,,,,,,,,,,,,77.93000030517578,1954800.0,17.149999618530273,7871600.0,,,,3188629.411764706,20.574162679425836,12581917.647058824,62.20095693779905,2025,5
2025-01-28,240582.0,49051.0,191531.0,10.74530621129651,1782462.0,188602.0,135961.0,52641.0,3.356243425037457,1568450.0,70100.0,29588.0,40512.0,9.500091455264306,426438.0,,,,,,,,3308325.0,,12423325.0,,2025,5
2025-01-28,,,,,,,,,,,,,,,,78.86000061035156,1592300.0,16.290000915527344,7570400.0,,,,3203506.25,9.134615384615383,12015668.75,58.65384615384615,2025,5
2025-01-29,,,,,,,,,,,,,,,,77.77999877929688,1670500.0,16.760000228881836,5628500.0,,,,3190706.25,12.01923076923077,11337168.75,28.846153846153843,2025,5
2025-01-30,,,,,,,,,,,,,,,,77.75,2238600.0,16.139999389648438,7689100.0,,,,3196756.25,32.057416267942585,10780231.25,60.28708133971292,2025,5
2025-01-31,,,,,,,,,,,,,,,,78.0199966430664,3538900.0,16.190000534057617,5323600.0,,,,3173412.5,67.46411483253588,10091506.25,24.401913875598087,2025,5
2025-02-03,,,,,,,,,,,,,,,,77.81999969482422,4200200.0,17.639999389648438,9247600.0,,,,3233811.7647058824,82.29665071770334,10041864.705882354,75.5980861244019,2025,6
2025-02-04,204272.0,60136.0,144136.0,8.164763541568716,1765342.0,183986.0,135319.0,48667.0,3.1201635125448948,1559758.0,72575.0,25707.0,46868.0,11.331529688810877,413607.0,,,,,,,,3232231.25,,9827718.75,,2025,6
2025-02-04,,,,,,,,,,,,,,,,77.51000213623047,6136900.0,17.06999969482422,5692400.0,,,,3300243.75,94.23076923076923,9250881.25,30.76923076923077,2025,6
2025-02-05,,,,,,,,,,,,,,,,76.08999633789062,1985200.0,17.799999237060547,5663600.0,,,,3108037.5,23.076923076923077,8709750.0,29.326923076923077,2025,6
2025-02-06,,,,,,,,,,,,,,,,75.44999694824219,2168400.0,17.889999389648438,7056300.0,,,,2951075.0,30.62200956937799,8392275.0,49.760765550239235,2025,6
2025-02-07,,,,,,,,,,,,,,,,75.86000061035156,2013900.0,17.479999542236328,5877500.0,,,,2895947.0588235296,24.401913875598087,8244347.05882353,34.92822966507177,2025,6
2025-02-10,,,,,,,,,,,,,,,,77.4000015258789,2814500.0,18.209999084472656,7146500.0,,,,2773747.0588235296,49.760765550239235,7841605.882352941,51.196172248803826,2025,7
2025-02-11,,,,,,,,,,,,,,,,78.2699966430664,2284100.0,18.579999923706055,6507800.0,,,,2695923.529411765,34.92822966507177,7258635.294117647,43.0622009569378,2025,7
2025-02-11,210539.0,80235.0,130304.0,7.286575051376326,1788275.0,210994.0,136944.0,74050.0,4.788578286949977,1546388.0,72900.0,24112.0,48788.0,11.677553238086803,417793.0,,,,,,,,2720818.75,,7133518.75,,2025,7
2025-02-12,,,,,,,,,,,,,,,,76.31999969482422,4918700.0,18.790000915527344,4685600.0,,,,2877556.25,91.34615384615384,6857400.0,18.269230769230766,2025,7
2025-02-13,,,,,,,,,,,,,,,,76.38999938964844,1897100.0,19.149999618530273,8334700.0,,,,2819882.3529411764,18.181818181818183,6944300.0,66.98564593301435,2025,7
2025-02-14,,,,,,,,,,,,,,,,75.81999969482422,2426000.0,19.649999618530273,4215300.0,,,,2798000.0,42.58373205741627,6761629.411764706,10.526315789473683,2025,7
2025-02-18,189761.0,83869.0,105892.0,6.042015435406032,1752594.0,241387.0,137356.0,104031.0,6.590939904738614,1578394.0,70014.0,24112.0,45902.0,10.73638071090923,427537.0,,,,,,,,2735175.0,,6552631.25,,2025,8
2025-02-18,,,,,,,,,,,,,,,,76.95999908447266,2324900.0,20.950000762939453,8789900.0,,,,2760312.5,37.980769230769226,6706275.0,73.5576923076923,2025,8
2025-02-19,,,,,,,,,,,,,,,,77.44999694824219,1554200.0,22.610000610351562,25414200.0,,,,2735275.0,7.6923076923076925,7802687.5,99.51923076923077,2025,8
2025-02-20,,,,,,,,,,,,,,,,77.76000213623047,1627000.0,21.729999542236328,8367300.0,,,,2670082.3529411764,12.01923076923077,7835900.0,66.34615384615384,2025,8
2025-02-21,,,,,,,,,,,,,,,,75.3499984741211,2749100.0,22.09000015258789,12326600.0,,,,2738129.411764706,50.717703349282296,8115676.470588235,91.38755980861244,2025,8
2025-02-24,,,,,,,,,,,,,,,,75.97000122070312,2930800.0,21.239999771118164,5871300.0,,,,2812264.705882353,56.45933014354066,8129958.823529412,34.44976076555024,2025,9
2025-02-25,177427.0,108654.0,68773.0,3.8881184351641993,1768799.0,239485.0,132665.0,106820.0,6.693909369655823,1595779.0,58640.0,30734.0,27906.0,6.563029162746943,425200.0,,,,,,,,2848118.75,,8157512.5,,2025,9
2025-02-25,,,,,,,,,,,,,,,,74.12999725341797,2386600.0,21.75,5375400.0,,,,2776100.0,41.82692307692308,8160750.0,25.961538461538463,2025,9
2025-02-26,,,,,,,,,,,,,,,,73.8499984741211,3229400.0,21.149999618530273,5491700.0,,,,2715425.0,65.38461538461539,7926006.25,26.923076923076923,2025,9
2025-02-27,,,,,,,,,,,,,,,,75.27999877929688,2641900.0,20.860000610351562,6753600.0,,,,2711100.0,49.519230769230774,7857041.176470588,46.15384615384615,2025,9
2025-02-28,,,,,,,,,,,,,,,,75.22000122070312,2351600.0,20.34000015258789,6454800.0,,,,2488435.294117647,41.14832535885167,7901888.235294118,41.14832535885167,2025,9
2025-03-03,,,,,,,,,,,,,,,,73.31999969482422,3996300.0,21.950000762939453,10418300.0,,,,2606735.294117647,80.38277511961722,8181576.470588235,84.21052631578947,2025,10
2025-03-04,,,,,,,,,,,,,,,,73.30999755859375,2030600.0,23.110000610351562,12699200.0,,,,2598629.411764706,26.794258373205743,8513511.764705881,91.38755980861244,2025,10
2025-03-04,171447.0,72798.0,98649.0,5.431483875514523,1816244.0,248129.0,139779.0,108350.0,6.640468430348932,1631662.0,58493.0,38076.0,20417.0,4.863518016955734,419799.0,,,,,,,,2635175.0,,8678262.5,,2025,10
2025-03-05,,,,,,,,,,,,,,,,71.41999816894531,3811000.0,23.6200008392334,8157700.0,,,,2697456.25,78.36538461538461,8741462.5,65.38461538461539,2025,10
2025-03-06,,,,,,,,,,,,,,,,71.12999725341797,3038700.0,22.770000457763672,10394500.0,,,,2744618.75,61.057692307692314,8984381.25,83.65384615384616,2025,10
2025-03-07,,,,,,,,,,,,,,,,72.08999633789062,4195700.0,23.190000534057617,12469700.0,,,,2829976.470588235,86.53846153846155,9189400.0,90.86538461538461,2025,10
2025-03-10,,,,,,,,,,,,,,,,70.88999938964844,1777100.0,23.829999923706055,8932200.0,,,,2645176.470588235,14.832535885167463,9439200.0,73.20574162679426,2025,11
2025-03-11,171354.0,63610.0,107744.0,6.008107912184731,1793310.0,232927.0,141310.0,91617.0,5.567317403389114,1645622.0,59339.0,53254.0,6085.0,1.3654151669912846,445652.0,,,,,,,,2691931.25,,9508231.25,,2025,11
2025-03-11,,,,,,,,,,,,,,,,71.44999694824219,1876200.0,23.280000686645508,7130400.0,,,,2657568.75,18.269230769230766,9690425.0,50.96153846153846,2025,11
2025-03-12,,,,,,,,,,,,,,,,72.80000305175781,2389100.0,21.649999618530273,5596800.0,,,,2641776.470588235,43.75,9449623.529411765,27.884615384615387,2025,11
2025-03-13,,,,,,,,,,,,,,,,71.62000274658203,3119100.0,21.43000030517578,6906000.0,,,,2688494.117647059,62.980769230769226,9338805.88235294,46.63461538461539,2025,11
2025-03-14,,,,,,,,,,,,,,,,72.27999877929688,2054600.0,21.790000915527344,3893500.0,,,,2717929.411764706,29.807692307692307,8072882.352941177,6.25,2025,11
2025-03-17,,,,,,,,,,,,,,,,72.70999908447266,2873700.0,21.219999313354492,4523300.0,,,,2791264.705882353,56.45933014354066,7846764.705882353,14.832535885167463,2025,12
2025-03-18,175659.0,83396.0,92263.0,5.217356391647525,1768386.0,201692.0,136579.0,65113.0,4.120494385918949,1580223.0,65260.0,36156.0,29104.0,6.581577733353837,442204.0,,,,,,,,2793900.0,,7566775.0,,2025,12
2025-03-18,,,,,,,,,,,,,,,,72.20999908447266,2739000.0,21.40999984741211,4571000.0,,,,2781912.5,52.40384615384615,7485506.25,16.346153846153847,2025,12
2025-03-19,,,,,,,,,,,,,,,,72.41999816894531,1747400.0,22.350000381469727,5751900.0,,,,2721058.8235294116,13.942307692307693,7383529.411764706,34.61538461538461,2025,12
2025-03-20,,,,,,,,,,,,,,,,73.7300033569336,2523100.0,21.170000076293945,6852300.0,,,,2729088.2352941176,48.55769230769231,7470405.882352941,47.59615384615385,2025,12
2025-03-21,,,,,,,,,,,,,,,,73.79000091552734,1528800.0,20.84000015258789,5283700.0,,,,2629052.9411764704,7.6923076923076925,7458170.588235294,23.076923076923077,2025,12
2025-03-24,,,,,,,,,,,,,,,,74.87999725341797,2755300.0,20.65999984741211,5504900.0,,,,2635723.529411765,53.110047846889955,7384717.647058823,28.22966507177033,2025,13
2025-03-25,181704.0,88461.0,93243.0,5.226690015235614,1783978.0,193766.0,153011.0,40755.0,2.5374958517811037,1606111.0,69768.0,35972.0,33796.0,7.6089526095267255,444161.0,,,,,,,,2653481.25,,7442837.5,,2025,13
2025-03-25,,,,,,,,,,,,,,,,74.81999969482422,1922900.0,20.329999923706055,5849800.0,,,,2523893.75,22.596153846153847,7157306.25,37.5,2025,13
2025-03-26,,,,,,,,,,,,,,,,75.41999816894531,2469600.0,20.139999389648438,5044000.0,,,,2551331.25,46.63461538461539,6678856.25,23.076923076923077,2025,13
2025-03-27,,,,,,,,,,,,,,,,75.4800033569336,1590800.0,20.40999984741211,6161900.0,,,,2494829.411764706,9.615384615384617,6648447.05882353,41.34615384615385,2025,13
2025-03-28,,,,,,,,,,,,,,,,74.7699966430664,2430300.0,21.329999923706055,6055100.0,,,,2413611.7647058824,44.49760765550239,6524764.705882353,40.19138755980861,2025,13
2025-03-31,,,,,,,,,,,,,,,,77.33000183105469,3147400.0,21.610000610351562,6853300.0,,,,2420005.882352941,65.55023923444976,6316458.823529412,49.760765550239235,2025,14
2025-04-01,,,,,,,,,,,,,,,,77.08000183105469,2753900.0,20.700000762939453,5514300.0,,,,2335194.117647059,52.15311004784689,5907317.647058823,28.708133971291865,2025,14
2025-04-01,188212.0,86795.0,101417.0,5.522394073841744,1836468.0,192336.0,166828.0,25508.0,1.559017185982536,1636159.0,74670.0,31103.0,43567.0,10.379916325966587,419724.0,,,,,,,,2370075.0,,5718262.5,,2025,14
2025-04-02,,,,,,,,,,,,,,,,77.73999786376953,2808400.0,21.049999237060547,3661000.0,,,,2395858.8235294116,54.807692307692314,5597247.05882353,2.8846153846153846,2025,14
2025-04-03,,,,,,,,,,,,,,,,72.25,6279800.0,21.56999969482422,4852000.0,,,,2654894.117647059,97.1291866028708,5463223.529411765,21.5311004784689,2025,14
2025-04-04,,,,,,,,,,,,,,,,67.91999816894531,9319900.0,20.040000915527344,6319300.0,,,,3062588.2352941176,99.52153110047847,5505723.529411765,44.49760765550239,2025,14
2025-04-07,,,,,,,,,,,,,,,,65.9800033569336,7869100.0,19.06999969482422,8673300.0,,,,3342000.0,98.08612440191388,5609682.352941177,73.20574162679426,2025,15
2025-04-08,,,,,,,,,,,,,,,,63.34000015258789,8411300.0,18.280000686645508,7163200.0,,,,3715923.529411765,98.56459330143541,5802017.647058823,57.41626794258373,2025,15
2025-04-08,155667.0,107128.0,48539.0,2.4372534891252773,1991545.0,175875.0,155696.0,20179.0,1.2684764829903834,1590806.0,57312.0,30594.0,26718.0,6.328430327577631,422190.0,,,,,,,,3768562.5,,5881937.5,,2025,15
2025-04-09,,,,,,,,,,,,,,,,67.58000183105469,15313000.0,19.6200008392334,13737400.0,,,,4447647.05882353,100.0,6344023.529411765,93.75,2025,15
2025-04-10,,,,,,,,,,,,,,,,65.31999969482422,6596700.0,18.469999313354492,9175400.0,,,,4674570.588235294,95.69377990430623,6614870.588235294,77.51196172248804,2025,15
2025-04-11,,,,,,,,,,,,,,,,66.45999908447266,4386200.0,18.6299991607666,8203300.0,,,,4829794.117647059,86.1244019138756,6759070.588235294,67.94258373205741,2025,15
2025-04-14,,,,,,,,,,,,,,,,66.66000366210938,3146200.0,17.510000228881836,5991400.0,,,,4866447.05882353,62.67942583732058,6708429.411764706,40.19138755980861,2025,16
2025-04-15,,,,,,,,,,,,,,,,66.4800033569336,1779200.0,17.360000610351562,4816400.0,,,,4881176.470588235,15.311004784688995,6680941.176470588,21.5311004784689,2025,16
2025-04-15,179562.0,99649.0,79913.0,4.166004159070637,1918217.0,152551.0,146914.0,5637.0,0.3742011631635233,1506409.0,52114.0,36615.0,15499.0,3.7054392185083094,418277.0,,,,,,,,5014043.75,,6754443.75,,2025,16
2025-04-16,,,,,,,,,,,,,,,,67.75,5452100.0,17.030000686645508,4598500.0,,,,5039811.764705882,93.26923076923077,6627623.529411765,16.826923076923077,2025,16
2025-04-17,,,,,,,,,,,,,,,,69.4800033569336,4776800.0,17.030000686645508,5057900.0,,,,5207688.235294118,88.99521531100478,6581041.176470588,23.923444976076556,2025,16
2025-04-21,,,,,,,,,,,,,,,,68.62000274658203,2343000.0,16.020000457763672,6147600.0,,,,5200241.176470588,36.36363636363637,6645958.823529412,42.58373205741627,2025,17
2025-04-22,195213.0,63478.0,131735.0,7.080551179536462,1860519.0,142024.0,167647.0,-25623.0,-1.7554460756808752,1459629.0,54116.0,37109.0,17007.0,4.159716277363336,408850.0,,,,,,,,5425831.25,,6676212.5,,2025,17
2025-04-22,,,,,,,,,,,,,,,,69.37000274658203,4499000.0,15.779999732971191,8225500.0,,,,5555125.0,85.09615384615384,6811862.5,67.78846153846155,2025,17
2025-04-23,,,,,,,,,,,,,,,,68.05000305175781,8908500.0,15.729999542236328,8165700.0,,,,5915193.75,98.07692307692307,6893887.5,66.82692307692307,2025,17
2025-04-24,,,,,,,,,,,,,,,,68.45999908447266,4336600.0,15.5,6700700.0,,,,6014112.5,82.77511961722487,6968037.5,48.803827751196174,2025,17
2025-04-25,,,,,,,,,,,,,,,,69.02999877929688,3272100.0,15.699999809265137,5924200.0,,,,5852817.647058823,64.35406698564593,6906635.294117647,37.32057416267943,2025,17
2025-04-28,,,,,,,,,,,,,,,,67.76000213623047,3232700.0,16.6200008392334,10958400.0,,,,5877776.470588235,62.20095693779905,7335894.117647059,87.08133971291866,2025,18
2025-04-29,200874.0,60843.0,140031.0,7.3835918072929525,1896516.0,139505.0,184217.0,-44712.0,-3.0388212266202697,1471360.0,55052.0,32497.0,22555.0,5.8566769492828135,385116.0,,,,,,,,5852650.0,,7491137.5,,2025,18
2025-04-29,,,,,,,,,,,,,,,,65.8499984741211,4650000.0,16.8799991607666,7810900.0,,,,5560781.25,86.53846153846155,7584362.5,62.5,2025,18
2025-04-30,,,,,,,,,,,,,,,,63.560001373291016,10236300.0,16.739999771118164,8942000.0,,,,5708731.25,99.03846153846155,7601156.25,75.48076923076923,2025,18
2025-05-01,,,,,,,,,,,,,,,,64.5199966430664,10673900.0,17.31999969482422,12380800.0,,,,5850143.75,99.04306220095694,7927256.25,90.43062200956938,2025,18
2025-05-02,,,,,,,,,,,,,,,,64.01000213623047,7095900.0,18.31999969482422,6073600.0,,,,5923423.529411765,94.73684210526315,7818217.647058823,37.79904306220095,2025,18
2025-05-05,,,,,,,,,,,,,,,,62.369998931884766,4867100.0,17.979999542236328,6812600.0,,,,5308958.823529412,87.08133971291866,7410876.470588235,47.368421052631575,2025,19
2025-05-06,208513.0,79938.0,128575.0,6.486263700229938,1982266.0,134014.0,179191.0,-45177.0,-2.9901473463493025,1510862.0,55288.0,26647.0,28641.0,7.208565409658234,397319.0,,,,,,,,5228475.0,,7300593.75,,2025,19
2025-05-06,,,,,,,,,,,,,,,,64.5999984741211,5745700.0,17.3700008392334,10142700.0,,,,5313443.75,91.34615384615384,7421806.25,83.17307692307693,2025,19
2025-05-07,,,,,,,,,,,,,,,,63.5099983215332,4008500.0,18.170000076293945,5301000.0,,,,5367337.5,74.03846153846155,7378656.25,20.192307692307693,2025,19
2025-05-08,,,,,,,,,,,,,,,,65.5999984741211,4643900.0,18.06999969482422,6664100.0,,,,5546381.25,83.73205741626795,7494137.5,45.45454545454545,2025,19
2025-05-09,,,,,,,,,,,,,,,,66.61000061035156,4361300.0,18.979999542236328,5945900.0,,,,5476670.588235294,80.38277511961722,7403064.705882353,33.97129186602871,2025,19
2025-05-12,,,,,,,,,,,,,,,,67.5999984741211,4861900.0,18.350000381469727,4895200.0,,,,5441952.94117647,86.1244019138756,7420517.647058823,16.267942583732058,2025,20
2025-05-13,,,,,,,,,,,,,,,,69.58999633789062,4728000.0,18.190000534057617,5938700.0,,,,5439082.352941177,84.688995215311,7472329.411764706,33.49282296650718,2025,20
2025-05-13,191026.0,72930.0,118096.0,6.062114913051134,1948099.0,134937.0,173460.0,-38523.0,-2.5168709341685664,1530591.0,63401.0,25034.0,38367.0,9.685530145635111,396127.0,,,,,,,,5632587.5,,7555125.0,,2025,20
2025-05-14,,,,,,,,,,,,,,,,68.7300033569336,2802500.0,17.399999618530273,5132700.0,,,,5466111.764705882,43.54066985645933,7412629.411764706,18.181818181818183,2025,20
2025-05-15,,,,,,,,,,,,,,,,67.58999633789062,5263400.0,16.799999237060547,6212200.0,,,,5511076.470588235,90.43062200956938,7294200.0,38.75598086124402,2025,20
2025-05-16,,,,,,,,,,,,,,,,68.0999984741211,3769400.0,16.709999084472656,4364100.0,,,,5208776.470588235,66.98564593301435,7070576.470588235,8.61244019138756,2025,20
2025-05-19,,,,,,,,,,,,,,,,68.51000213623047,5136900.0,15.649999618530273,8609600.0,,,,5255852.94117647,89.95215311004785,7182864.705882353,69.85645933014354,2025,21
2025-05-20,,,,,,,,,,,,,,,,68.66000366210938,2786100.0,16.989999771118164,7823000.0,,,,5227264.705882353,41.14832535885167,7294558.823529412,61.72248803827751,2025,21
2025-05-20,187115.0,75236.0,111879.0,5.972380961023833,1873273.0,140877.0,197379.0,-56502.0,-3.7721212056474336,1497884.0,66811.0,26318.0,40493.0,10.133231232764272,399606.0,,,,,,,,5351925.0,,7065568.75,,2025,21
2025-05-21,,,,,,,,,,,,,,,,67.58999633789062,5467400.0,16.920000076293945,6372500.0,,,,5358717.647058823,90.86538461538461,7024800.0,40.86538461538461,2025,21
2025-05-22,,,,,,,,,,,,,,,,67.13999938964844,3512500.0,16.649999618530273,5650100.0,,,,5291805.882352941,61.24401913875598,6897694.117647059,26.31578947368421,2025,21
2025-05-23,,,,,,,,,,,,,,,,67.98999786376953,4285000.0,16.829999923706055,6403900.0,,,,4941729.411764706,76.07655502392345,6748394.117647059,41.14832535885167,2025,21
2025-05-27,,,,,,,,,,,,,,,,67.27999877929688,3938200.0,17.06999969482422,6089700.0,,,,4545511.764705882,67.94258373205741,6378329.411764706,36.36363636363637,2025,22
2025-05-27,181394.0,77447.0,103947.0,5.347871182296929,1943708.0,135176.0,198462.0,-63286.0,-4.304736665968324,1470148.0,62265.0,32121.0,30144.0,7.596219026331241,396829.0,,,,,,,,4386112.5,,6397375.0,,2025,22
2025-05-28,,,,,,,,,,,,,,,,67.88999938964844,5201800.0,16.149999618530273,8838600.0,,,,4407031.25,89.42307692307693,6524000.0,74.03846153846155,2025,22
2025-05-29,,,,,,,,,,,,,,,,67.19000244140625,4856200.0,15.989999771118164,8699000.0,,,,4433452.94117647,83.65384615384616,6651941.176470588,72.59615384615384,2025,22
2025-05-30,,,,,,,,,,,,,,,,67.1500015258789,8793200.0,15.710000038146973,6572800.0,,,,4612717.647058823,96.65071770334929,6441947.05882353,44.97607655502392,2025,22
2025-06-02,,,,,,,,,,,,,,,,69.55000305175781,7125100.0,16.8700008392334,7573800.0,,,,4796047.05882353,94.25837320574163,6575641.176470588,59.33014354066985,2025,23
2025-06-03,,,,,,,,,,,,,,,,69.88999938964844,3996900.0,16.959999084472656,6070900.0,,,,4757988.235294118,68.42105263157895,6540747.05882353,35.406698564593306,2025,23
2025-06-03,207243.0,62612.0,144631.0,7.194451809245625,2010313.0,162507.0,214925.0,-52418.0,-3.4849126511410833,1504141.0,60932.0,32276.0,28656.0,7.428395154537889,385763.0,,,,,,,,4782781.25,,6577925.0,,2025,23
2025-06-04,,,,,,,,,,,,,,,,69.33999633789062,6455200.0,16.90999984741211,3854900.0,,,,4882362.5,91.82692307692307,6512906.25,2.403846153846154,2025,23
2025-06-05,,,,,,,,,,,,,,,,69.93000030517578,2613700.0,16.700000762939453,6843200.0,,,,4750218.75,33.97129186602871,6569437.5,48.32535885167464,2025,23
2025-06-06,,,,,,,,,,,,,,,,71.37999725341797,3488000.0,17.18000030517578,5596600.0,,,,4675970.588235294,58.85167464114832,6512211.764705882,24.401913875598087,2025,23
2025-06-09,,,,,,,,,,,,,,,,72.05000305175781,2893900.0,16.559999465942383,7169100.0,,,,4681347.05882353,44.01913875598086,6632000.0,55.50239234449761,2025,24
2025-06-10,,,,,,,,,,,,,,,,71.5999984741211,5541900.0,16.059999465942383,5250300.0,,,,4697729.411764706,89.47368421052632,6575417.647058823,17.22488038277512,2025,24
2025-06-10,213624.0,52047.0,161577.0,8.009916657247725,2017212.0,167273.0,251473.0,-84200.0,-5.466229801079873,1540367.0,54598.0,35022.0,19576.0,4.969789286620969,393900.0,,,,,,,,4755750.0,,6713625.0,,2025,24
2025-06-11,,,,,,,,,,,,,,,,74.81999969482422,8888000.0,15.949999809265137,7700500.0,,,,4990193.75,96.63461538461539,6656806.25,61.057692307692314,2025,24
2025-06-12,,,,,,,,,,,,,,,,75.05000305175781,11696900.0,16.06999969482422,6750300.0,,,,5547118.75,99.04306220095694,6589762.5,46.411483253588514,2025,24
2025-06-13,,,,,,,,,,,,,,,,80.22000122070312,33971200.0,16.360000610351562,5568700.0,,,,7219123.529411765,100.0,6529700.0,22.966507177033492,2025,24
2025-06-16,,,,,,,,,,,,,,,,78.58999633789062,40622400.0,16.979999542236328,5656000.0,,,,9287064.705882354,100.0,6487552.94117647,25.837320574162682,2025,25
2025-06-17,212225.0,41620.0,170605.0,8.800132462355519,1938664.0,169595.0,232383.0,-62788.0,-4.1042388286826075,1529833.0,53083.0,33123.0,19960.0,5.5176074150451555,361751.0,,,,,,,,9647975.0,,6539893.75,,2025,25
2025-06-17,,,,,,,,,,,,,,,,82.30000305175781,26239300.0,17.579999923706055,5443000.0,,,,11020118.75,99.03846153846155,6479837.5,20.192307692307693,2025,25
2025-06-18,,,,,,,,,,,,,,,,82.2699966430664,36772300.0,18.079999923706055,6006700.0,,,,13072250.0,99.51923076923077,6474650.0,33.65384615384615,2025,25
2025-06-20,,,,,,,,,,,,,,,,83.12000274658203,14229000.0,17.65999984741211,6748700.0,,,,13140294.11764706,97.60765550239235,6490770.588235294,45.933014354066984,2025,25
2025-06-23,,,,,,,,,,,,,,,,76.41000366210938,50659400.0,16.84000015258789,7132700.0,,,,15814270.588235294,100.0,6390423.529411765,53.588516746411486,2025,26
2025-06-24,208829.0,47342.0,161487.0,8.230742335109415,1961998.0,173954.0,234922.0,-60968.0,-4.086880395335026,1491798.0,54937.0,32077.0,22860.0,6.471245983779422,353255.0,,,,,,,,16499150.0,,6246137.5,,2025,26
2025-06-24,,,,,,,,,,,,,,,,73.0,16119600.0,16.25,5854100.0,,,,16957050.0,97.59615384615384,6201218.75,29.807692307692307,2025,26
2025-06-25,,,,,,,,,,,,,,,,73.30999755859375,12401000.0,15.850000381469727,7409400.0,,,,17286793.75,95.67307692307693,6190943.75,57.692307692307686,2025,26
2025-06-26,,,,,,,,,,,,,,,,73.58999633789062,9514900.0,15.65999984741211,10473200.0,,,,17631668.75,93.75,6466087.5,85.57692307692307,2025,26
2025-06-27,,,,,,,,,,,,,,,,73.27999877929688,11610800.0,16.540000915527344,6858600.0,,,,17277500.0,94.73684210526315,6489176.470588235,48.32535885167464,2025,26
2025-06-30,,,,,,,,,,,,,,,,73.11000061035156,5917500.0,15.279999732971191,10495700.0,,,,17245870.588235293,84.688995215311,6879811.764705882,85.64593301435407,2025,27
2025-07-01,,,,,,,,,,,,,,,,73.93000030517578,4425200.0,15.109999656677246,7679900.0,,,,17352429.411764707,71.77033492822966,6929029.411764706,61.24401913875598,2025,27
2025-07-01,219361.0,44728.0,174633.0,8.777997828534662,1989440.0,181382.0,233202.0,-51820.0,-3.455597374226125,1499596.0,51963.0,35957.0,16006.0,4.701327921000303,340457.0,,,,,,,,18218956.25,,7012306.25,,2025,27
2025-07-02,,,,,,,,,,,,,,,,75.58999633789062,6491400.0,15.420000076293945,4987000.0,,,,18443800.0,86.0576923076923,6875925.0,12.5,2025,27
2025-07-03,,,,,,,,,,,,,,,,75.19000244140625,4394800.0,15.25,5903200.0,,,,18372106.25,70.81339712918661,6916731.25,31.100478468899524,2025,27
2025-07-07,,,,,,,,,,,,,,,,76.4800033569336,6155000.0,15.109999656677246,5914200.0,,,,17653452.94117647,84.688995215311,6857758.823529412,31.57894736842105,2025,28
2025-07-08,196448.0,50751.0,145697.0,7.316953131866062,1991225.0,185337.0,232420.0,-47083.0,-3.0983220246520697,1519629.0,52944.0,34262.0,18682.0,5.4118410456365185,345206.0,,,,,,,,18201293.75,,6805087.5,,2025,28
2025-07-08,,,,,,,,,,,,,,,,76.95999908447266,4287200.0,14.829999923706055,5132000.0,,,,17738187.5,68.26923076923077,6703943.75,13.461538461538462,2025,28
2025-07-09,,,,,,,,,,,,,,,,76.93000030517578,3839700.0,14.199999809265137,10515100.0,,,,15854968.75,59.13461538461539,7013093.75,85.57692307692307,2025,28
2025-07-10,,,,,,,,,,,,,,,,75.38999938964844,6704000.0,14.75,6976600.0,,,,13735068.75,87.01923076923077,7095631.25,50.96153846153846,2025,28
2025-07-11,,,,,,,,,,,,,,,,77.29000091552734,4487200.0,14.920000076293945,4630900.0,,,,13191076.470588235,71.15384615384616,6950647.05882353,8.653846153846153,2025,28
2025-07-14,,,,,,,,,,,,,,,,75.62000274658203,7289700.0,15.289999961853027,4755800.0,,,,12076394.11764706,88.51674641148325,6910223.529411765,10.526315789473683,2025,29
2025-07-15,,,,,,,,,,,,,,,,75.26000213623047,5941400.0,15.539999961853027,5882200.0,,,,10262811.764705881,82.77511961722487,6902900.0,30.62200956937799,2025,29
2025-07-15,163283.0,71514.0,91769.0,4.435215521345281,2069099.0,211321.0,230708.0,-19387.0,-1.2499774337390102,1550988.0,58320.0,27564.0,30756.0,8.714648804413427,352923.0,,,,,,,,10014925.0,,6912537.5,,2025,29
2025-07-16,,,,,,,,,,,,,,,,75.19000244140625,6178100.0,15.800000190734863,4815500.0,,,,7234843.75,83.65384615384616,6767712.5,10.576923076923077,2025,29
2025-07-17,,,,,,,,,,,,,,,,76.16000366210938,4350000.0,15.699999809265137,9792500.0,,,,7065147.05882353,66.82692307692307,6945641.176470588,80.28846153846155,2025,29
2025-07-18,,,,,,,,,,,,,,,,75.93000030517578,7583500.0,15.850000381469727,5907600.0,,,,6563023.529411765,88.9423076923077,6948788.235294118,30.288461538461537,2025,29
2025-07-21,,,,,,,,,,,,,,,,75.58999633789062,2884800.0,14.680000305175781,9926200.0,,,,6003247.05882353,39.23444976076555,7096835.294117647,80.38277511961722,2025,30
2025-07-22,174213.0,75976.0,98237.0,4.879392282536567,2013304.0,201134.0,231219.0,-30085.0,-1.971668528998306,1525865.0,53560.0,35967.0,17593.0,4.7840215366626335,367745.0,,,,,,,,5783768.75,,6885812.5,,2025,30
2025-07-22,,,,,,,,,,,,,,,,75.3499984741211,3946300.0,14.470000267028809,14426000.0,,,,5304737.5,59.13461538461539,7358775.0,95.67307692307693,2025,30
2025-07-23,,,,,,,,,,,,,,,,75.27999877929688,4811500.0,13.710000038146973,16970800.0,,,,5235612.5,73.5576923076923,7763468.75,99.03846153846155,2025,30
2025-07-24,,,,,,,,,,,,,,,,76.08999633789062,5938400.0,13.859999656677246,19512100.0,,,,5330187.5,81.25,8502981.25,99.03846153846155,2025,30
2025-07-25,,,,,,,,,,,,,,,,74.8499984741211,3287400.0,13.829999923706055,11393900.0,,,,5210023.529411765,48.07692307692308,8673035.294117646,85.57692307692307,2025,30
2025-07-28,,,,,,,,,,,,,,,,77.16999816894531,3796800.0,13.670000076293945,13369500.0,,,,5051517.647058823,54.54545454545454,9166123.529411765,91.38755980861244,2025,31
2025-07-29,,,,,,,,,,,,,,,,79.80000305175781,7928200.0,13.90999984741211,6434300.0,,,,5259364.705882353,89.47368421052632,9197364.705882354,39.23444976076555,2025,31
2025-07-29,177357.0,79970.0,97387.0,4.8000540201382735,2028873.0,220232.0,233241.0,-13009.0,-0.8387805604593854,1550942.0,54565.0,30923.0,23642.0,6.882758460069403,343496.0,,,,,,,,5203387.5,,9402562.5,,2025,31
2025-07-30,,,,,,,,,,,,,,,,81.04000091552734,4957400.0,13.350000381469727,9391300.0,,,,5188917.647058823,75.0,9401900.0,75.48076923076923,2025,31
2025-07-31,,,,,,,,,,,,,,,,79.58999633789062,3817100.0,13.59000015258789,9965300.0,,,,5161264.705882353,54.807692307692314,9686211.764705881,78.36538461538461,2025,31
2025-08-01,,,,,,,,,,,,,,,,77.45999908447266,7087100.0,13.619999885559082,4111500.0,,,,5352288.235294118,86.53846153846155,9309529.411764706,2.403846153846154,2025,31
2025-08-04,,,,,,,,,,,,,,,,76.11000061035156,5326700.0,12.960000038146973,11741000.0,,,,5271270.588235294,77.51196172248804,9589788.235294119,85.64593301435407,2025,32
2025-08-05,164194.0,82857.0,81337.0,3.9941092817605766,2036424.0,218647.0,246316.0,-27669.0,-1.7212152579707836,1607527.0,50511.0,31153.0,19358.0,5.827896712738702,332161.0,,,,,,,,5320275.0,,9899718.75,,2025,32
2025-08-05,,,,,,,,,,,,,,,,75.0199966430664,5894000.0,13.1899995803833,6377600.0,,,,5233043.75,80.28846153846155,10001081.25,38.46153846153847,2025,32
2025-08-06,,,,,,,,,,,,,,,,73.79000091552734,8908700.0,13.539999961853027,5812400.0,,,,5418500.0,92.3076923076923,9996718.75,24.03846153846154,2025,32
2025-08-07,,,,,,,,,,,,,,,,73.41999816894531,3578400.0,13.529999732971191,6555300.0,,,,5310258.823529412,50.480769230769226,9794282.352941176,40.86538461538461,2025,32
2025-08-08,,,,,,,,,,,,,,,,73.30000305175781,5793400.0,13.199999809265137,5272600.0,,,,5287629.411764706,79.42583732057416,9821170.588235294,13.875598086124402,2025,32
2025-08-11,,,,,,,,,,,,,,,,73.80000305175781,3307600.0,13.069999694824219,5634600.0,,,,5226311.764705882,47.84688995215311,9576588.235294119,20.574162679425836,2025,33
2025-08-12,144004.0,95139.0,48865.0,2.429935170234699,2010959.0,221131.0,271864.0,-50733.0,-3.1353613610112165,1618091.0,47017.0,30519.0,16498.0,4.991135878213622,330546.0,,,,,,,,5078987.5,,9805900.0,,2025,33
2025-08-12,,,,,,,,,,,,,,,,72.94999694824219,2929300.0,12.279999732971191,15996000.0,,,,5081768.75,37.980769230769226,10185262.5,96.15384615384616,2025,33
2025-08-13,,,,,,,,,,,,,,,,72.45999908447266,5653500.0,12.399999618530273,10040600.0,,,,5115400.0,79.32692307692307,10176752.94117647,77.40384615384616,2025,33
2025-08-14,,,,,,,,,,,,,,,,73.73999786376953,4551100.0,12.510000228881836,9931100.0,,,,5150976.470588235,68.75,9912347.05882353,76.4423076923077,2025,33
2025-08-15,,,,,,,,,,,,,,,,72.80000305175781,8046900.0,12.829999923706055,6292600.0,,,,5341294.117647059,89.95215311004785,9284217.647058824,34.92822966507177,2025,33
2025-08-18,,,,,,,,,,,,,,,,73.16999816894531,5247900.0,12.720000267028809,6028500.0,,,,5300676.470588235,76.07655502392345,8491064.705882354,29.665071770334926,2025,34
2025-08-19,,,,,,,,,,,,,,,,72.30000305175781,3423300.0,12.15999984741211,12848700.0,,,,5308670.588235294,48.32535885167464,8576641.176470589,88.99521531100478,2025,34
2025-08-19,143330.0,115885.0,27445.0,1.427329949069622,1922821.0,217563.0,254250.0,-36687.0,-2.2875474662825717,1603770.0,48932.0,22960.0,25972.0,7.770208615681031,334251.0,,,,,,,,5403162.5,,8277087.5,,2025,34
2025-08-20,,,,,,,,,,,,,,,,73.5199966430664,3858800.0,12.130000114440918,7808300.0,,,,5148825.0,56.25,8362962.5,57.21153846153846,2025,34
2025-08-21,,,,,,,,,,,,,,,,74.12999725341797,3185700.0,12.399999618530273,7945600.0,,,,5033347.05882353,42.30769230769231,8338411.764705882,59.13461538461539,2025,34
2025-08-22,,,,,,,,,,,,,,,,74.63999938964844,4873300.0,11.90999984741211,11972100.0,,,,5028400.0,72.11538461538461,8490223.529411765,86.0576923076923,2025,34
2025-08-25,,,,,,,,,,,,,,,,75.75,3175800.0,11.949999809265137,9579400.0,,,,4990676.470588235,42.10526315789473,8467523.529411765,73.20574162679426,2025,35
2025-08-26,,,,,,,,,,,,,,,,74.05000305175781,3174400.0,11.970000267028809,8306100.0,,,,4760517.647058823,41.62679425837321,8714264.705882354,61.24401913875598,2025,35
2025-08-26,145935.0,121314.0,24621.0,1.2873362007033529,1912554.0,213926.0,257958.0,-44032.0,-2.719025024021183,1619404.0,57839.0,20374.0,37465.0,11.440602918094262,327474.0,,,,,,,,4725131.25,,8525093.75,,2025,35
2025-08-27,,,,,,,,,,,,,,,,74.68000030517578,3322100.0,12.1899995803833,8508900.0,,,,4642600.0,48.07692307692308,8524141.176470589,63.46153846153846,2025,35
2025-08-28,,,,,,,,,,,,,,,,75.23999786376953,3522000.0,12.569999694824219,11814000.0,,,,4503070.588235294,50.480769230769226,8843929.411764706,85.09615384615384,2025,35
2025-08-29,,,,,,,,,,,,,,,,74.83999633789062,3510200.0,12.829999923706055,10891300.0,,,,4185511.7647058824,50.0,9142688.235294119,81.25,2025,35
2025-09-02,,,,,,,,,,,,,,,,76.76000213623047,5380800.0,12.779999732971191,12009900.0,,,,4291535.294117647,77.51196172248804,9463547.05882353,86.1244019138756,2025,36
2025-09-02,143970.0,116647.0,27323.0,1.3744924821202287,1987861.0,216191.0,252953.0,-36762.0,-2.247520739220466,1635669.0,63559.0,18241.0,45318.0,14.164309490693713,319945.0,,,,,,,,4197668.75,,9725481.25,,2025,36
2025-09-03,,,,,,,,,,,,,,,,74.83000183105469,6270900.0,13.0600004196167,9138500.0,,,,4382875.0,84.13461538461539,9944475.0,68.26923076923077,2025,36
2025-09-04,,,,,,,,,,,,,,,,74.18000030517578,4503100.0,13.100000381469727,8296000.0,,,,4389947.05882353,66.82692307692307,9847505.88235294,59.61538461538461,2025,36
2025-09-05,,,,,,,,,,,,,,,,72.62999725341797,5101500.0,12.9399995803833,8096400.0,,,,4517723.529411765,74.51923076923077,9382823.529411765,57.692307692307686,2025,36
2025-09-08,,,,,,,,,,,,,,,,73.04000091552734,3943300.0,13.15999984741211,8776000.0,,,,4417123.529411765,57.41626794258373,9308435.294117646,65.55023923444976,2025,37
2025-09-09,,,,,,,,,,,,,,,,73.38999938964844,4228800.0,13.260000228881836,8336300.0,,,,4398164.705882353,61.24401913875598,9214623.529411765,61.24401913875598,2025,37
2025-09-09,130574.0,120572.0,10002.0,0.511058369078976,1957115.0,225888.0,250640.0,-24752.0,-1.5175109681121604,1631092.0,62948.0,17475.0,45473.0,13.416911805926421,338923.0,,,,,,,,4170118.75,,9397250.0,,2025,37
2025-09-10,,,,,,,,,,,,,,,,74.70999908447266,6039000.0,12.880000114440918,5923300.0,,,,4219562.5,82.21153846153845,9390675.0,26.442307692307693,2025,37
2025-09-11,,,,,,,,,,,,,,,,73.0,3876000.0,12.420000076293945,8531900.0,,,,4247856.25,55.28846153846154,9120875.0,62.980769230769226,2025,37
2025-09-12,,,,,,,,,,,,,,,,73.30999755859375,4990100.0,12.510000228881836,5782200.0,,,,4291517.647058823,72.59615384615384,8924482.352941176,22.115384615384613,2025,37
2025-09-15,,,,,,,,,,,,,,,,74.2300033569336,3985500.0,12.90999984741211,7179400.0,,,,4298970.588235294,57.41626794258373,8887488.235294119,49.760765550239235,2025,38
2025-09-16,138586.0,101787.0,36799.0,1.8749936309626927,1962620.0,231128.0,254219.0,-23091.0,-1.4091219762247662,1638680.0,69351.0,21068.0,48283.0,13.03272825426817,370475.0,,,,,,,,4368550.0,,8946356.25,,2025,38
2025-09-16,,,,,,,,,,,,,,,,75.66999816894531,5063900.0,13.220000267028809,7302500.0,,,,4380462.5,73.5576923076923,8654506.25,50.480769230769226,2025,38
2025-09-17,,,,,,,,,,,,,,,,74.97000122070312,4020200.0,13.100000381469727,6572900.0,,,,4433237.5,58.17307692307693,8466600.0,39.42307692307692,2025,38
2025-09-18,,,,,,,,,,,,,,,,74.69000244140625,4176200.0,12.670000076293945,9211000.0,,,,4495850.0,58.17307692307693,8523156.25,71.15384615384616,2025,38
2025-09-19,,,,,,,,,,,,,,,,73.5199966430664,5958100.0,12.569999694824219,7616800.0,,,,4581864.705882353,81.73076923076923,8469841.176470589,53.84615384615385,2025,38
2025-09-22,,,,,,,,,,,,,,,,73.44999694824219,2787100.0,12.149999618530273,8917200.0,,,,4550394.117647059,30.14354066985646,8493858.823529411,67.94258373205741,2025,39
2025-09-23,,,,,,,,,,,,,,,,75.05000305175781,5617600.0,12.359999656677246,5679500.0,,,,4673664.705882353,77.99043062200957,8133005.882352941,21.052631578947366,2025,39
2025-09-23,124884.0,98401.0,26483.0,1.367436192679262,1936690.0,219364.0,282540.0,-63176.0,-3.883507081794247,1626777.0,72241.0,23546.0,48695.0,13.628755989431731,357296.0,,,,,,,,4746381.25,,7960612.5,,2025,39
2025-09-24,,,,,,,,,,,,,,,,76.38999938964844,3939900.0,12.359999656677246,6307100.0,,,,4656325.0,53.36538461538461,7604187.5,34.61538461538461,2025,39
2025-09-25,,,,,,,,,,,,,,,,76.98999786376953,5736700.0,12.59000015258789,13007000.0,,,,4719876.470588235,78.36538461538461,7922000.0,90.86538461538461,2025,39
2025-09-26,,,,,,,,,,,,,,,,77.0199966430664,5918400.0,12.470000267028809,8745700.0,,,,4699141.176470588,80.28846153846155,7898894.117647059,67.3076923076923,2025,39
2025-09-29,,,,,,,,,,,,,,,,74.58999633789062,6341200.0,12.819999694824219,10866800.0,,,,4807264.705882353,84.688995215311,8050117.647058823,82.77511961722487,2025,40
2025-09-30,,,,,,,,,,,,,,,,73.75,7709100.0,13.069999694824219,8161700.0,,,,4960652.94117647,88.99521531100478,8053958.823529412,60.28708133971292,2025,40
2025-09-30,118270.0,104217.0,14053.0,0.7004233541571344,2006358.0,223124.0,254290.0,-31166.0,-1.8785041884507494,1659086.0,74068.0,20503.0,53565.0,15.344488273562447,349083.0,,,,,,,,5024237.5,,8008831.25,,2025,40
2025-10-01,,,,,,,,,,,,,,,,73.13999938964844,6348600.0,13.619999885559082,12776300.0,,,,5156725.0,84.13461538461539,8286331.25,89.90384615384616,2025,40
2025-10-02,,,,,,,,,,,,,,,,71.54000091552734,6317200.0,13.449999809265137,12824100.0,,,,5224988.235294118,83.17307692307693,8553258.823529411,89.90384615384616,2025,40
2025-10-03,,,,,,,,,,,,,,,,71.70999908447266,6657000.0,13.050000190734863,12367000.0,,,,5261341.176470588,85.57692307692307,8932300.0,87.5,2025,40
2025-10-06,,,,,,,,,,,,,,,,72.87000274658203,5435400.0,13.300000190734863,11112100.0,,,,5353070.588235294,72.72727272727273,9084076.470588235,82.77511961722487,2025,41
2025-10-07,118017.0,135498.0,-17481.0,-0.8585640796945494,2036074.0,212895.0,246295.0,-33400.0,-2.0361868195310553,1640321.0,64203.0,23027.0,41176.0,11.750169078472386,350429.0,,,,,,,,5375756.25,,9290443.75,,2025,41
2025-10-07,,,,,,,,,,,,,,,,73.19999694824219,4845800.0,13.779999732971191,13272100.0,,,,5429525.0,63.46153846153846,9671237.5,91.34615384615384,2025,41
2025-10-08,,,,,,,,,,,,,,,,73.52999877929688,4321100.0,13.100000381469727,12162800.0,,,,5364323.529411765,55.28846153846154,9817800.0,86.0576923076923,2025,41
2025-10-09,,,,,,,,,,,,,,,,72.51000213623047,4670900.0,12.739999771118164,12023300.0,,,,5341205.882352941,61.057692307692314,10095494.11764706,85.09615384615384,2025,41
2025-10-10,,,,,,,,,,,,,,,,69.38999938964844,8290900.0,12.329999923706055,14857800.0,,,,5592423.529411765,90.38461538461539,10582841.176470589,94.71153846153845,2025,41
2025-10-13,,,,,,,,,,,,,,,,70.27999877929688,4026900.0,12.180000305175781,15572900.0,,,,5583641.176470588,51.196172248803826,10957070.588235294,95.69377990430623,2025,42
2025-10-14,,,,,,,,,,,,,,,,69.0,5106900.0,11.949999809265137,12624900.0,,,,5533570.588235294,68.89952153110048,11251664.705882354,87.08133971291866,2025,42
2025-10-14,130907.0,149673.0,-18766.0,-0.9080659443818078,2066590.0,198390.0,273729.0,-75339.0,-4.500083324921199,1674169.0,58126.0,23964.0,34162.0,9.249572205254836,369336.0,,,,,,,,5705225.0,,11397568.75,,2025,42
2025-10-15,,,,,,,,,,,,,,,,68.98999786376953,4069300.0,11.880000114440918,13214000.0,,,,5608456.25,50.480769230769226,11868475.0,89.90384615384616,2025,42
2025-10-16,,,,,,,,,,,,,,,,67.80999755859375,7635800.0,11.579999923706055,17492300.0,,,,5727711.764705882,87.98076923076923,12199288.235294119,98.5576923076923,2025,42
2025-10-17,,,,,,,,,,,,,,,,67.9800033569336,5517900.0,11.869999885559082,12810000.0,,,,5820535.294117647,72.72727272727273,12581811.764705881,87.5598086124402,2025,42
2025-10-20,,,,,,,,,,,,,,,,67.83000183105469,6113000.0,12.930000305175781,20825600.0,,,,5842670.588235294,78.94736842105263,13041729.411764706,99.04306220095694,2025,43
2025-10-21,,,,,,,,,,,,,,,,68.2699966430664,10824400.0,13.149999618530273,22141600.0,,,,6131258.823529412,94.73684210526315,13829723.529411765,99.04306220095694,2025,43
2025-10-21,128075.0,166229.0,-38154.0,-1.9099451405126726,1997649.0,218379.0,264296.0,-45917.0,-2.7298269728331177,1682048.0,57299.0,21196.0,36103.0,10.21402401935128,353465.0,,,,,,,,6118137.5,,14014906.25,,2025,43
2025-10-22,,,,,,,,,,,,,,,,70.62999725341797,14092800.0,13.0600004196167,13743000.0,,,,6517118.75,96.15384615384616,14363737.5,90.38461538461539,2025,43
2025-10-23,,,,,,,,,,,,,,,,73.29000091552734,9561300.0,12.930000305175781,13259000.0,,,,6696188.235294118,92.78846153846155,14298752.94117647,87.98076923076923,2025,43
2025-10-24,,,,,,,,,,,,,,,,73.18000030517578,6467300.0,12.970000267028809,11876000.0,,,,6703170.588235294,81.73076923076923,14245794.11764706,79.32692307692307,2025,43
2025-10-27,,,,,,,,,,,,,,,,73.12000274658203,4563100.0,12.890000343322754,11835000.0,,,,6599988.235294118,55.50239234449761,14187611.764705881,78.94736842105263,2025,44
2025-10-28,139241.0,147841.0,-8600.0,-0.45462787386931147,1891657.0,209408.0,251112.0,-41704.0,-2.559322096307197,1629494.0,68667.0,18412.0,50255.0,14.459997985872333,347545.0,,,,,,,,6596425.0,,14301400.0,,2025,44
2025-10-28,,,,,,,,,,,,,,,,71.38999938964844,4540300.0,12.34000015258789,12228200.0,,,,6540481.25,54.32692307692307,14371156.25,81.73076923076923,2025,44
2025-10-29,,,,,,,,,,,,,,,,71.80000305175781,4418000.0,12.210000038146973,11310400.0,,,,6415629.411764706,51.92307692307693,14191111.764705881,76.92307692307693,2025,44
2025-10-30,,,,,,,,,,,,,,,,71.70999908447266,2787200.0,12.819999694824219,14142500.0,,,,6294535.294117647,21.052631578947366,14242311.764705881,91.86602870813397,2025,44
2025-10-31,,,,,,,,,,,,,,,,72.55999755859375,7030300.0,13.25,16695300.0,,,,6453900.0,83.73205741626795,14508929.411764706,97.1291866028708,2025,44
2025-11-03,,,,,,,,,,,,,,,,72.73999786376953,4473600.0,13.760000228881836,15043600.0,,,,6442294.117647059,52.15311004784689,14686594.11764706,93.77990430622009,2025,45
2025-11-04,,,,,,,,,,,,,,,,71.93000030517578,3196200.0,13.930000305175781,16230700.0,,,,6142605.882352941,28.22966507177033,14767352.94117647,95.21531100478468,2025,45
2025-11-04,139453.0,131716.0,7737.0,0.40206264319941465,1924327.0,188579.0,232565.0,-43986.0,-2.790589674323352,1576226.0,81283.0,19125.0,62158.0,17.125586162433805,362954.0,,,,,,,,6274837.5,,14717006.25,,2025,45
2025-11-05,,,,,,,,,,,,,,,,71.02999877929688,3309200.0,13.630000114440918,12499400.0,,,,6162481.25,31.25,14709162.5,84.61538461538461,2025,45
2025-11-06,,,,,,,,,,,,,,,,70.87999725341797,4127300.0,14.170000076293945,19299500.0,,,,6042764.705882353,44.97607655502392,14979182.352941176,98.08612440191388,2025,45
2025-11-07,,,,,,,,,,,,,,,,71.26000213623047,3627000.0,13.949999809265137,13785700.0,,,,6016747.05882353,35.406698564593306,15012811.764705881,90.9090909090909,2025,45
2025-11-10,,,,,,,,,,,,,,,,71.68000030517578,2525500.0,14.100000381469727,11114700.0,,,,5716141.176470588,15.789473684210526,14637658.823529411,76.55502392344498,2025,46
2025-11-10,132353.0,143999.0,-11646.0,-0.6086413907502813,1913442.0,166846.0,219666.0,-52820.0,-3.440733015533457,1535138.0,90917.0,13917.0,77000.0,20.951525788063073,367515.0,,,,,,,,5728531.25,,14751887.5,,2025,46
2025-11-11,,,,,,,,,,,,,,,,72.72000122070312,3677200.0,14.5600004196167,14448900.0,,,,5576293.75,36.53846153846153,14353343.75,93.26923076923077,2025,46
2025-11-12,,,,,,,,,,,,,,,,69.79000091552734,5070800.0,14.649999618530273,10600500.0,,,,5216693.75,64.11483253588517,13632025.0,74.64114832535886,2025,46
2025-11-13,,,,,,,,,,,,,,,,69.8499984741211,4174700.0,14.8100004196167,13225600.0,,,,5155400.0,46.411483253588514,13608117.647058824,88.99521531100478,2025,46
2025-11-14,,,,,,,,,,,,,,,,71.37999725341797,4159900.0,14.5600004196167,12716500.0,,,,4571111.764705882,45.933014354066984,13547735.294117646,86.1244019138756,2025,46
2025-11-17,,,,,,,,,,,,,,,,71.30000305175781,3647400.0,14.119999885559082,10568100.0,,,,4223235.294117647,35.406698564593306,13389447.05882353,74.16267942583733,2025,47
2025-11-18,,,,,,,,,,,,,,,,72.5,5343000.0,14.220000267028809,11539700.0,,,,4157100.0,67.46411483253588,13369664.705882354,77.99043062200957,2025,47
2025-11-18,133720.0,146391.0,-12671.0,-0.6783107060244976,1868023.0,168290.0,227944.0,-59654.0,-3.9592618280408445,1506695.0,109178.0,9783.0,99395.0,24.420955904935298,407007.0,,,,,,,,4131725.0,,13465581.25,,2025,47
2025-11-19,,,,,,,,,,,,,,,,70.87999725341797,4790200.0,14.699999809265137,8212000.0,,,,4170458.8235294116,58.3732057416268,13156547.05882353,55.980861244019145,2025,47
2025-11-20,,,,,,,,,,,,,,,,70.1500015258789,5542200.0,14.420000076293945,9230300.0,,,,4229394.117647059,70.33492822966507,12980200.0,66.50717703349282,2025,47
2025-11-21,,,,,,,,,,,,,,,,69.30000305175781,7120500.0,14.649999618530273,11438100.0,,,,4388364.705882353,84.688995215311,12987711.764705881,77.51196172248804,2025,47
2025-11-24,,,,,,,,,,,,,,,,70.41999816894531,4551300.0,14.40999984741211,7753700.0,,,,4492135.294117647,54.066985645933016,12611900.0,50.717703349282296,2025,48
2025-11-25,,,,,,,,,,,,,,,,69.25,5888800.0,13.829999923706055,10551100.0,,,,4424988.235294118,72.38095238095238,12250476.470588235,72.85714285714285,2025,48
2025-11-25,130042.0,167052.0,-37010.0,-1.9576800459983401,1890503.0,152810.0,218156.0,-65346.0,-4.375061093919264,1493602.0,97374.0,7721.0,89653.0,23.186760324422742,386656.0,,,,,,,,4421950.0,,12075906.25,,2025,48
2025-11-26,,,,,,,,,,,,,,,,70.04000091552734,3201800.0,14.25,10074700.0,,,,4422300.0,25.358851674641148,11691156.25,69.377990430622,2025,48
2025-11-28,,,,,,,,,,,,,,,,71.06999969482422,3363800.0,14.729999542236328,6018500.0,,,,4360035.294117647,28.708133971291865,11357470.588235294,27.751196172248804,2025,48
2025-12-01,,,,,,,,,,,,,,,,71.05999755859375,4462800.0,15.210000038146973,12186500.0,,,,4427894.117647059,50.23923444976076,11339064.705882354,81.81818181818183,2025,49
2025-12-02,130467.0,165235.0,-34768.0,-1.815877121191309,1914667.0,162521.0,202494.0,-39973.0,-2.62237372286142,1524306.0,102883.0,7592.0,95291.0,24.717011475171713,385528.0,,,,,,,,4446681.25,,10841537.5,,2025,49
2025-12-02,,,,,,,,,,,,,,,,70.19999694824219,6339600.0,14.960000038146973,10157400.0,,,,4616218.75,78.94736842105263,10614768.75,69.377990430622,2025,49
2025-12-03,,,,,,,,,,,,,,,,70.66000366210938,3173600.0,15.470000267028809,11076800.0,,,,4656725.0,22.966507177033492,10612400.0,74.64114832535886,2025,49
2025-12-04,,,,,,,,,,,,,,,,71.38999938964844,3957500.0,15.65999984741211,12809700.0,,,,4615594.117647059,38.75598086124402,10741652.94117647,86.60287081339713,2025,49
2025-12-05,,,,,,,,,,,,,,,,71.91999816894531,4323600.0,16.3700008392334,24469400.0,,,,4653617.647058823,46.411483253588514,11331094.11764706,99.52153110047847,2025,49
2025-12-08,,,,,,,,,,,,,,,,70.48999786376953,3073400.0,15.069999694824219,18518300.0,,,,4536123.529411765,20.095693779904305,11796847.05882353,97.1291866028708,2025,50
2025-12-09,,,,,,,,,,,,,,,,69.86000061035156,3111300.0,14.100000381469727,18381500.0,,,,4473570.588235294,20.095693779904305,12100135.294117646,96.65071770334929,2025,50
2025-12-09,136194.0,129316.0,6878.0,0.36820798665500337,1867966.0,155952.0,187043.0,-31091.0,-2.0048840474011826,1550763.0,93764.0,9266.0,84498.0,20.923788558254937,403837.0,,,,,,,,4493175.0,,12061612.5,,2025,50
2025-12-10,,,,,,,,,,,,,,,,70.54000091552734,8096000.0,14.260000228881836,15030700.0,,,,4771212.5,88.51674641148325,12340525.0,92.82296650717703,2025,50
2025-12-11,,,,,,,,,,,,,,,,69.25,8487500.0,13.079999923706055,26227900.0,,,,4967743.75,89.47368421052632,13258537.5,100.0,2025,50
2025-12-12,,,,,,,,,,,,,,,,68.80999755859375,5306000.0,12.729999542236328,18834700.0,,,,4987641.176470588,64.11483253588517,13586547.05882353,96.65071770334929,2025,50
2025-12-15,,,,,,,,,,,,,,,,67.88999938964844,6298800.0,12.460000038146973,16102700.0,,,,5076382.352941177,77.03349282296651,14050705.88235294,93.30143540669856,2025,51
2025-12-16,,,,,,,,,,,,,,,,66.16999816894531,6816100.0,12.100000381469727,18039800.0,,,,5151317.647058823,81.9047619047619,14568911.764705881,95.23809523809523,2025,51
2025-12-16,144673.0,144599.0,74.0,0.0038613302387032608,1916438.0,158330.0,224658.0,-66328.0,-4.2123098671872565,1574623.0,82666.0,19727.0,62939.0,14.88422800142838,422857.0,,,,,,,,5028243.75,,14764587.5,,2025,51
2025-12-17,,,,,,,,,,,,,,,,67.9800033569336,7398000.0,12.640000343322754,12317500.0,,,,5206162.5,84.688995215311,15049825.0,78.4688995215311,2025,51
2025-12-18,,,,,,,,,,,,,,,,67.19000244140625,4713800.0,12.029999732971191,15884200.0,,,,5132725.0,53.110047846889955,15383143.75,92.34449760765551,2025,51
2025-12-19,,,,,,,,,,,,,,,,68.02999877929688,4003300.0,12.1899995803833,12523800.0,,,,5066288.235294118,36.84210526315789,15214947.05882353,80.38277511961722,2025,51
2025-12-22,,,,,,,,,,,,,,,,69.7300033569336,4491500.0,11.850000381469727,24677600.0,,,,5142152.94117647,48.32535885167464,16073941.176470589,99.52153110047847,2025,52
2025-12-23,,,,,,,,,,,,,,,,70.30000305175781,3517300.0,12.899999618530273,24265300.0,,,,5151182.352941177,26.666666666666668,17147282.352941178,98.57142857142858,2025,52
2025-12-23,146806.0,135446.0,11360.0,0.6095915146578318,1863543.0,171235.0,277642.0,-106407.0,-6.831256592467237,1557649.0,76317.0,23666.0,52651.0,12.560235502924701,419188.0,,,,,,,,5194206.25,,17457331.25,,2025,52
2025-12-24,,,,,,,,,,,,,,,,70.19999694824219,1596400.0,12.390000343322754,10352500.0,,,,4982570.588235294,1.4354066985645932,17039400.0,63.1578947368421,2025,52
2025-12-26,,,,,,,,,,,,,,,,68.4800033569336,4224500.0,12.8100004196167,18068000.0,,,,4858152.94117647,40.66985645933015,17504729.411764707,94.73684210526315,2025,52
2025-12-29,,,,,,,,,,,,,,,,69.61000061035156,2758000.0,13.050000190734863,20827700.0,,,,4833705.882352941,10.047846889952153,18078311.76470588,97.60765550239235,2025,1
2025-12-30,146234.0,130491.0,15743.0,0.8293397574722496,1898257.0,171053.0,255018.0,-83965.0,-5.47365195878708,1533985.0,78239.0,25608.0,52631.0,12.825630303296146,410358.0,,,,,,,,4888468.75,,18407600.0,,2025,1
2025-12-30,,,,,,,,,,,,,,,,69.73999786376953,2324200.0,13.119999885559082,28028600.0,,,,4763506.25,4.807692307692308,18630050.0,100.0,2025,1
2025-12-31,,,,,,,,,,,,,,,,69.16000366210938,2218700.0,12.260000228881836,19900800.0,,,,4710087.5,4.784688995215311,18716456.25,96.17224880382776,2025,1
2026-01-02,,,,,,,,,,,,,,,,68.95999908447266,5012300.0,12.0600004196167,16673900.0,,,,4828900.0,58.3732057416268,18609731.25,90.9090909090909,2026,1
2026-01-05,,,,,,,,,,,,,,,,70.22000122070312,4987100.0,11.630000114440918,27807100.0,,,,4838205.882352941,57.41626794258373,19150752.94117647,99.52153110047847,2026,2
2026-01-06,148771.0,124243.0,24528.0,1.2457850380851236,1968879.0,195019.0,296403.0,-101384.0,-6.351708371732567,1596169.0,77345.0,28280.0,49065.0,11.657772561169745,420878.0,,,,,,,,4634593.75,,19408256.25,,2026,2
2026-01-06,,,,,,,,,,,,,,,,68.51000213623047,5432900.0,11.279999732971191,27092900.0,,,,4443681.25,63.942307692307686,19462318.75,99.03846153846155,2026,2
2026-01-07,,,,,,,,,,,,,,,,67.79000091552734,5317500.0,11.779999732971191,15261900.0,,,,4444400.0,62.20095693779905,19239018.75,87.08133971291866,2026,2
2026-01-08,,,,,,,,,,,,,,,,70.54000091552734,6558600.0,11.270000457763672,25829900.0,,,,4460637.5,79.42583732057416,19846968.75,98.08612440191388,2026,2
2026-01-09,,,,,,,,,,,,,,,,70.77999877929688,5925100.0,10.399999618530273,41104700.0,,,,4404950.0,70.81339712918661,21288525.0,100.0,2026,2
2026-01-12,,,,,,,,,,,,,,,,71.6500015258789,5703400.0,11.180000305175781,27909800.0,,,,4481329.411764706,66.98564593301435,21678011.76470588,99.04306220095694,2026,3
2026-01-13,174209.0,126639.0,47570.0,2.3563631464209487,2018789.0,204133.0,309267.0,-105134.0,-6.429348956103766,1635220.0,81942.0,24562.0,57380.0,12.744965205667489,450217.0,,,,,,,,4299037.5,,22263043.75,,2026,3
2026-01-13,,,,,,,,,,,,,,,,73.4800033569336,10694200.0,11.319999694824219,16766700.0,,,,4672812.5,93.75,22318200.0,88.9423076923077,2026,3
2026-01-14,,,,,,,,,,,,,,,,72.61000061035156,17618100.0,10.239999771118164,36804800.0,,,,5523737.5,97.60765550239235,23835762.5,99.52153110047847,2026,3
2026-01-15,,,,,,,,,,,,,,,,71.12999725341797,4748400.0,10.300000190734863,23765300.0,,,,5539793.75,49.282296650717704,23778743.75,94.73684210526315,2026,3
2026-01-16,,,,,,,,,,,,,,,,71.6500015258789,4492100.0,10.329999923706055,14915800.0,,,,5600718.75,43.54066985645933,23194400.0,82.77511961722487,2026,3
2026-01-20,169655.0,122155.0,47500.0,2.418091601382436,1964359.0,193342.0,270443.0,-77101.0,-4.776939638481436,1614025.0,84622.0,23628.0,60994.0,13.372416786884095,456118.0,,,,,,,,5600718.75,,23194400.0,,2026,4
2026-01-20,,,,,,,,,,,,,,,,71.86000061035156,7577200.0,12.369999885559082,50395600.0,,,,5974518.75,83.65384615384616,25697093.75,100.0,2026,4
2026-01-21,,,,,,,,,,,,,,,,73.33999633789062,4291300.0,13.640000343322754,54623300.0,,,,5978693.75,36.05769230769231,27981800.0,100.0,2026,4
2026-01-22,,,,,,,,,,,,,,,,71.81999969482422,4973400.0,13.430000305175781,51397600.0,,,,6117156.25,53.110047846889955,29892418.75,99.52153110047847,2026,4
2026-01-23,,,,,,,,,,,,,,,,73.94999694824219,5427600.0,13.970000267028809,26751600.0,,,,6076594.117647059,60.76555023923444,29707664.70588235,95.69377990430623,2026,4
2026-01-26,,,,,,,,,,,,,,,,73.4800033569336,4486300.0,14.829999923706055,46425300.0,,,,6203776.470588235,40.66985645933015,30789823.529411763,98.56459330143541,2026,5
2026-01-27,,,,,,,,,,,,,,,,75.66000366210938,6164600.0,14.699999809265137,31400300.0,,,,6435888.235294118,72.24880382775119,31466264.70588235,97.1291866028708,2026,5
2026-01-27,176380.0,117333.0,59047.0,2.9006474102362443,2035649.0,174417.0,196351.0,-21934.0,-1.3490017792751652,1625943.0,91426.0,26219.0,65207.0,14.042791458936781,464345.0,,,,,,,,6524862.5,,32390787.5,,2026,5
2026-01-28,,,,,,,,,,,,,,,,76.62000274658203,6508700.0,14.529999732971191,32750400.0,,,,6619962.5,77.40384615384616,32699743.75,97.11538461538461,2026,5
2026-01-29,,,,,,,,,,,,,,,,79.13999938964844,13188800.0,15.0600004196167,28675400.0,,,,7006364.705882353,95.1923076923077,32463017.647058822,96.15384615384616,2026,5
2026-01-30,,,,,,,,,,,,,,,,79.5199966430664,11586200.0,16.899999618530273,35010600.0,,,,7368323.529411765,93.30143540669856,32928764.70588235,97.1291866028708,2026,5
2026-02-02,,,,,,,,,,,,,,,,75.33000183105469,8544400.0,12.699999809265137,43704000.0,,,,7558141.176470588,87.5598086124402,34601829.4117647,98.08612440191388,2026,6
2026-02-03,,,,,,,,,,,,,,,,77.47000122070312,10887400.0,12.979999542236328,13787300.0,,,,7812776.470588235,92.82296650717703,33893441.176470585,75.5980861244019,2026,6
2026-02-03,189550.0,112790.0,76760.0,3.670419650038206,2091314.0,170283.0,170330.0,-47.0,-0.0028381933872509563,1655983.0,92829.0,25098.0,67731.0,14.436498886319313,469165.0,,,,,,,,7930756.25,,33442737.5,,2026,6
2026-02-04,,,,,,,,,,,,,,,,77.87999725341797,17514900.0,13.460000038146973,13198600.0,,,,8668975.0,97.11538461538461,32523287.5,71.15384615384616,2026,6
2026-02-05,,,,,,,,,,,,,,,,76.69000244140625,5989500.0,13.520000457763672,17260000.0,,,,8511358.823529411,69.23076923076923,31625447.05882353,83.65384615384616,2026,6
2026-02-06,,,,,,,,,,,,,,,,76.98999786376953,6661500.0,13.270000457763672,13699600.0,,,,8274141.176470588,77.99043062200957,31445029.411764707,73.20574162679426,2026,6
2026-02-09,,,,,,,,,,,,,,,,78.0199966430664,3201100.0,12.170000076293945,11649900.0,,,,7426082.352941177,11.483253588516746,29965329.411764707,59.33014354066985,2026,7
2026-02-10,,,,,,,,,,,,,,,,78.02999877929688,6542000.0,12.130000114440918,9268000.0,,,,7531588.235294118,77.03349282296651,29112547.05882353,45.933014354066984,2026,7
2026-02-10,191747.0,112601.0,79146.0,3.8224847841478877,2070538.0,163583.0,171771.0,-8188.0,-0.5043710515163163,1623408.0,94517.0,14776.0,79741.0,17.220595349158632,463056.0,,,,,,,,7721556.25,,29999843.75,,2026,7
2026-02-11,,,,,,,,,,,,,,,,78.88999938964844,10313100.0,12.319999694824219,10364100.0,,,,7874000.0,90.86538461538461,28844800.0,50.96153846153846,2026,7
2026-02-12,,,,,,,,,,,,,,,,76.37999725341797,7442600.0,12.430000305175781,12603000.0,,,,7866082.352941177,82.21153846153845,26621705.88235294,66.34615384615384,2026,7
2026-02-13,,,,,,,,,,,,,,,,76.22000122070312,6172200.0,12.4399995803833,8884700.0,,,,7976723.529411765,70.33492822966507,23931200.0,42.10526315789473,2026,7
2026-02-17,183954.0,120169.0,63785.0,3.055579108528747,2087493.0,163115.0,189880.0,-26765.0,-1.658758667192214,1613556.0,91519.0,13735.0,77784.0,16.739549617794918,464672.0,,,,,,,,8164431.25,,22214550.0,,2026,8
2026-02-17,,,,,,,,,,,,,,,,75.7300033569336,9329600.0,11.899999618530273,9544900.0,,,,8408306.25,88.9423076923077,21139131.25,45.19230769230769,2026,8
2026-02-18,,,,,,,,,,,,,,,,79.4000015258789,10251400.0,11.869999885559082,9852700.0,,,,8768625.0,90.38461538461539,18853343.75,46.15384615384615,2026,8
2026-02-19,,,,,,,,,,,,,,,,81.19000244140625,11768000.0,11.800000190734863,9977200.0,,,,9118837.5,94.25837320574163,17514400.0,47.84688995215311,2026,8
2026-02-20,,,,,,,,,,,,,,,,80.8499984741211,9427300.0,12.010000228881836,10274000.0,,,,9136982.352941176,88.03827751196172,17088494.11764706,49.760765550239235,2026,8
2026-02-23,,,,,,,,,,,,,,,,80.9000015258789,5941200.0,11.739999771118164,9403200.0,,,,9103600.0,65.07177033492823,15715129.411764706,43.54066985645933,2026,9
2026-02-24,,,,,,,,,,,,,,,,80.76000213623047,10649500.0,11.460000038146973,7831800.0,,,,8954229.411764706,90.43062200956938,14489035.294117646,32.535885167464116,2026,9
2026-02-24,193433.0,125733.0,67700.0,3.2196622921427402,2102705.0,154403.0,230278.0,-75875.0,-4.684998311239489,1619531.0,97365.0,8545.0,88820.0,19.007021170508946,467301.0,,,,,,,,8789731.25,,13206437.5,,2026,9
2026-02-25,,,,,,,,,,,,,,,,79.7300033569336,6547300.0,11.600000381469727,7762100.0,,,,8664912.5,74.03846153846155,10960068.75,30.76923076923077,2026,9
2026-02-26,,,,,,,,,,,,,,,,79.7699966430664,18725900.0,11.380000114440918,10337400.0,,,,9154818.75,97.60765550239235,10744450.0,50.23923444976076,2026,9
2026-02-27,,,,,,,,,,,,,,,,81.94999694824219,12164700.0,11.520000457763672,7457000.0,,,,9331870.588235294,93.77990430622009,10551070.588235294,28.22966507177033,2026,9
2026-03-02,,,,,,,,,,,,,,,,87.19000244140625,41780500.0,12.0,17168300.0,,,,10759258.823529411,99.52153110047847,10784582.352941176,83.25358851674642,2026,10
2026-03-03,,,,,,,,,,,,,,,,90.19999694824219,50397900.0,12.279999732971191,20735500.0,,,,13371517.647058824,99.52153110047847,10989023.529411765,88.03827751196172,2026,10
2026-03-03,187335.0,118950.0,68385.0,3.2987897443021894,2073033.0,167244.0,243496.0,-76252.0,-4.747082099643153,1606292.0,91889.0,6604.0,85285.0,20.61069624688852,413790.0,,,,,,,,13790893.75,,10819612.5,,2026,10
2026-03-04,,,,,,,,,,,,,,,,91.55999755859375,28457300.0,11.779999732971191,12522600.0,,,,15369406.25,97.11538461538461,10874156.25,64.42307692307693,2026,10
2026-03-05,,,,,,,,,,,,,,,,96.30999755859375,47311300.0,12.050000190734863,12980600.0,,,,17917487.5,99.04306220095694,11106193.75,68.89952153110048,2026,10
2026-03-06,,,,,,,,,,,,,,,,108.7699966430664,68722000.0,12.75,26319100.0,,,,20905988.23529412,100.0,12001070.588235294,92.34449760765551,2026,10
2026-03-09,,,,,,,,,,,,,,,,104.33000183105469,143771900.0,12.3100004196167,29248900.0,,,,28756505.88235294,100.0,13111941.176470589,95.21531100478468,2026,11
2026-03-10,189998.0,97876.0,92122.0,4.490862229753413,2051321.0,164388.0,227370.0,-62982.0,-4.02353225271682,1565341.0,81677.0,5579.0,76098.0,19.44857620413108,391278.0,,,,,,,,30088625.0,,13143750.0,,2026,11
2026-03-10,,,,,,,,,,,,,,,,105.86000061035156,135401400.0,12.270000457763672,14643100.0,,,,38165450.0,99.51923076923077,13503650.0,74.51923076923077,2026,11
2026-03-11,,,,,,,,,,,,,,,,108.05000305175781,80928900.0,12.880000114440918,10224600.0,,,,40680947.058823526,99.03846153846155,13310764.705882354,46.15384615384615,2026,11
2026-03-12,,,,,,,,,,,,,,,,118.38999938964844,93641500.0,13.039999961853027,14057900.0,,,,45640470.5882353,99.03846153846155,13576235.294117646,72.59615384615384,2026,11
2026-03-13,,,,,,,,,,,,,,,,119.88999938964844,59716000.0,12.640000343322754,11989600.0,,,,48550152.941176474,97.60765550239235,13701935.294117646,57.89473684210527,2026,11
2026-03-16,,,,,,,,,,,,,,,,115.02999877929688,66869700.0,12.210000038146973,10991300.0,,,,51791429.4117647,97.60765550239235,13761588.235294119,51.196172248803826,2026,12
2026-03-17,,,,,,,,,,,,,,,,118.83999633789062,40127600.0,12.199999809265137,6352000.0,,,,53597329.4117647,94.25837320574163,13530882.352941176,15.789473684210526,2026,12
2026-03-17,189353.0,92982.0,96371.0,4.62971325572547,2081576.0,172794.0,217422.0,-44628.0,-2.860235686804577,1560291.0,83262.0,4739.0,78523.0,20.63250993880377,380579.0,,,,,,,,56575837.5,,13788862.5,,2026,12
2026-03-18,,,,,,,,,,,,,,,,121.66999816894531,70647800.0,12.670000076293945,14101500.0,,,,60325731.25,98.07692307692307,14180718.75,72.59615384615384,2026,12
2026-03-19,,,,,,,,,,,,,,,,117.36000061035156,96157300.0,12.5600004196167,21405800.0,,,,62433470.5882353,99.03846153846155,14605723.529411765,87.98076923076923,2026,12
2026-03-20,,,,,,,,,,,,,,,,121.43000030517578,49738900.0,12.390000343322754,10287300.0,,,,64974152.941176474,94.73684210526315,14754264.705882354,44.49760765550239,2026,12
2026-03-23,,,,,,,,,,,,,,,,110.55999755859375,91139700.0,11.729999542236328,14397200.0,,,,69233788.23529412,98.08612440191388,14993076.470588235,72.72727272727273,2026,13
2026-03-24,181139.0,86803.0,94336.0,4.711934927187679,2002065.0,161226.0,215381.0,-54155.0,-3.600606893910583,1504052.0,76447.0,5195.0,71252.0,20.065333708814418,355100.0,,,,,,,,72800606.25,,15464081.25,,2026,13
2026-03-24,,,,,,,,,,,,,,,,114.54000091552734,48623800.0,11.729999542236328,6737300.0,,,,73228312.5,93.75,14812143.75,17.78846153846154,2026,13
2026-03-25,,,,,,,,,,,,,,,,113.38999938964844,41976300.0,11.859999656677246,5642800.0,,,,72701962.5,92.78846153846155,13868850.0,6.730769230769231,2026,13
2026-03-26,,,,,,,,,,,,,,,,117.26000213623047,42398600.0,11.84000015258789,8439200.0,,,,70919411.76470588,92.82296650717703,13549458.823529411,30.62200956937799,2026,13
2026-03-27,,,,,,,,,,,,,,,,124.19999694824219,32843700.0,12.279999732971191,8514400.0,,,,71177435.29411764,89.47368421052632,13313682.352941176,31.57894736842105,2026,13
2026-03-30,,,,,,,,,,,,,,,,129.8300018310547,40484900.0,11.680000305175781,9031100.0,,,,70775882.35294117,90.9090909090909,13081358.823529411,34.44976076555024,2026,14
2026-03-31,177780.0,104433.0,73347.0,3.6114270520982585,2030970.0,149348.0,216964.0,-67616.0,-4.4645521846038445,1514508.0,68734.0,5251.0,63483.0,19.324055302905776,328518.0,,,,,,,,70904250.0,,12254000.0,,2026,14
2026-03-31,,,,,,,,,,,,,,,,127.25,58856900.0,11.729999542236328,8115000.0,,,,65597062.5,95.1923076923077,10933131.25,27.403846153846157,2026,14
2026-04-01,,,,,,,,,,,,,,,,124.08999633789062,45287000.0,11.420000076293945,7065600.0,,,,64402352.941176474,92.3076923076923,10705629.411764706,19.71153846153846,2026,14
2026-04-02,,,,,,,,,,,,,,,,137.9199981689453,63983600.0,11.350000381469727,7923600.0,,,,60201305.88235294,95.69377990430623,10310364.705882354,26.31578947368421,2026,14
2026-04-06,,,,,,,,,,,,,,,,138.94000244140625,28315500.0,11.369999885559082,4703400.0,,,,57106400.0,86.60287081339713,9985588.235294119,1.4354066985645932,2026,15
2026-04-07,186768.0,108068.0,78700.0,3.8619000253697884,2037857.0,157461.0,243494.0,-86033.0,-5.518958369016392,1558863.0,63811.0,4634.0,59177.0,18.464135389722834,320497.0,,,,,,,,54822956.25,,9731068.75,,2026,15
2026-04-07,,,,,,,,,,,,,,,,138.0800018310547,50936400.0,11.550000190734863,8146100.0,,,,54274231.25,94.23076923076923,9490850.0,27.403846153846157,2026,15
2026-04-08,,,,,,,,,,,,,,,,124.58000183105469,52449300.0,11.079999923706055,10611700.0,,,,53372956.25,94.23076923076923,9467125.0,48.07692307692308,2026,15
2026-04-09,,,,,,,,,,,,,,,,126.95999908447266,44214800.0,10.880000114440918,11520300.0,,,,53628406.25,90.38461538461539,9790143.75,52.40384615384615,2026,15
2026-04-10,,,,,,,,,,,,,,,,124.81999969482422,16178900.0,10.770000457763672,6948100.0,,,,51425494.11764706,82.77511961722487,9622964.705882354,17.703349282296653,2026,15
2026-04-13,,,,,,,,,,,,,,,,128.47000122070312,22427800.0,10.680000305175781,7345100.0,,,,48589023.52941176,84.21052631578947,9225529.411764706,20.574162679425836,2026,16
2026-04-14,200130.0,101762.0,98368.0,4.696508747705887,2094492.0,167780.0,281875.0,-114095.0,-7.197332895965279,1585240.0,63457.0,7006.0,56451.0,16.732419414598,337375.0,,,,,,,,45616006.25,,8464262.5,,2026,16
2026-04-14,,,,,,,,,,,,,,,,123.8499984741211,14735600.0,10.5600004196167,8284300.0,,,,43428300.0,81.73076923076923,8339075.0,27.403846153846157,2026,16
2026-04-15,,,,,,,,,,,,,,,,122.58999633789062,13952800.0,10.579999923706055,4993500.0,,,,38604118.75,80.76923076923077,7751343.75,3.3653846153846154,2026,16
2026-04-16,,,,,,,,,,,,,,,,125.83999633789062,13470200.0,10.779999732971191,4530200.0,,,,37125652.941176474,80.38277511961722,7561864.705882353,0.9569377990430622,2026,16
2026-04-17,,,,,,,,,,,,,,,,116.04000091552734,38315300.0,10.84000015258789,7532000.0,,,,36519270.5882353,87.5598086124402,7608611.764705882,21.052631578947366,2026,16
2026-04-20,,,,,,,,,,,,,,,,121.31999969482422,15244900.0,10.850000381469727,7186200.0,,,,34946835.294117644,82.77511961722487,7699400.0,18.660287081339714,2026,17
2026-04-21,200831.0,100944.0,99887.0,5.03273213160166,1984747.0,175219.0,275793.0,-100574.0,-6.378915468936608,1576663.0,65515.0,7388.0,58127.0,17.612160987034866,330039.0,,,,,,,,34481100.0,,7653162.5,,2026,17
2026-04-21,,,,,,,,,,,,,,,,128.25,23309500.0,10.949999809265137,4804800.0,,,,33885212.5,86.0576923076923,7421312.5,2.8846153846153846,2026,17
2026-04-22,,,,,,,,,,,,,,,,129.39999389648438,11894500.0,10.949999809265137,5400300.0,,,,32098312.5,78.94736842105263,7194387.5,5.741626794258373,2026,17
2026-04-23,,,,,,,,,,,,,,,,134.72000122070312,19181600.0,10.520000457763672,9074100.0,,,,31338505.88235294,85.16746411483254,7304958.823529412,33.49282296650718,2026,17
2026-04-24,,,,,,,,,,,,,,,,132.39999389648438,14228400.0,10.3100004196167,11511200.0,,,,28713300.0,81.81818181818183,7504735.294117647,52.15311004784689,2026,17
2026-04-27,,,,,,,,,,,,,,,,134.72000122070312,7019600.0,10.489999771118164,13640200.0,,,,26462276.470588237,64.5933014354067,7891476.470588235,68.89952153110048,2026,18
2026-04-28,193329.0,112998.0,80331.0,3.98262204281724,2017038.0,180286.0,277531.0,-97245.0,-6.160205245153934,1578600.0,68803.0,7003.0,61800.0,19.729658976994834,313234.0,,,,,,,,24117193.75,,7889468.75,,2026,18
2026-04-28,,,,,,,,,,,,,,,,139.60000610351562,11944900.0,10.329999923706055,18279100.0,,,,23094031.25,78.84615384615384,8737950.0,83.17307692307693,2026,18
2026-04-29,,,,,,,,,,,,,,,,150.6300048828125,14903300.0,10.149999618530273,8683500.0,,,,22612223.529411763,82.21153846153845,8734747.05882353,29.807692307692307,2026,18
2026-04-30,,,,,,,,,,,,,,,,147.08999633789062,10614100.0,10.600000381469727,19091200.0,,,,20240323.529411763,74.64114832535886,9378576.470588235,84.688995215311,2026,18
2026-05-01,,,,,,,,,,,,,,,,142.8000030517578,12798600.0,10.710000038146973,7259600.0,,,,17907929.411764707,78.94736842105263,9181394.11764706,17.703349282296653,2026,18
2026-05-04,,,,,,,,,,,,,,,,147.61000061035156,15170600.0,10.949999809265137,12744500.0,,,,16199447.05882353,82.29665071770334,9253405.88235294,61.24401913875598,2026,19
2026-05-05,,,,,,,,,,,,,,,,144.1699981689453,8551000.0,10.640000343322754,11185800.0,,,,15750747.05882353,70.33492822966507,9502682.352941176,48.32535885167464,2026,19
2026-05-05,185755.0,114964.0,70791.0,3.4234488668539487,2067827.0,180450.0,287939.0,-107489.0,-6.599936020119891,1628637.0,72002.0,6299.0,65703.0,21.0508947022732,312115.0,,,,,,,,15333431.25,,9637531.25,,2026,19
2026-05-06,,,,,,,,,,,,,,,,133.9499969482422,12535300.0,10.449999809265137,11427200.0,,,,15168835.294117646,77.99043062200957,9742805.88235294,49.282296650717704,2026,19
2026-05-07,,,,,,,,,,,,,,,,134.97000122070312,15902200.0,10.680000305175781,16306100.0,,,,15237458.823529411,82.77511961722487,10214676.470588235,77.99043062200957,2026,19
2026-05-08,,,,,,,,,,,,,,,,133.58999633789062,7739600.0,10.569999694824219,8642300.0,,,,14871976.470588235,66.02870813397129,10429311.764705881,27.751196172248804,2026,19
2026-05-11,,,,,,,,,,,,,,,,138.66000366210938,6252800.0,11.220000267028809,10225600.0,,,,14447423.529411765,53.588516746411486,10764335.294117646,39.71291866028708,2026,20
2026-05-12,187332.0,114531.0,72801.0,3.49680848560012,2081927.0,181980.0,302045.0,-120065.0,-7.3737363191443235,1628279.0,68169.0,5234.0,62935.0,19.204655378127413,327707.0,,,,,,,,12955681.25,,10966356.25,,2026,20
2026-05-12,,,,,,,,,,,,,,,,144.3000030517578,6109900.0,10.90999984741211,7577200.0,,,,12384743.75,51.442307692307686,10990793.75,16.826923076923077,2026,20
2026-05-13,,,,,,,,,,,,,,,,142.0399932861328,4719900.0,10.979999542236328,6926200.0,,,,11933870.588235294,32.535885167464116,10751700.0,12.440191387559809,2026,20
2026-05-14,,,,,,,,,,,,,,,,143.0,4656000.0,11.15999984741211,10858000.0,,,,10836605.88235294,31.57894736842105,11107770.588235294,44.01913875598086,2026,20
2026-05-15,,,,,,,,,,,,,,,,148.22999572753906,5588300.0,11.329999923706055,8907800.0,,,,10465652.94117647,44.97607655502392,11314094.11764706,29.1866028708134,2026,20
2026-05-18,,,,,,,,,,,,,,,,149.2899932861328,10817300.0,11.539999961853027,8580900.0,,,,9973635.294117646,73.68421052631578,11285082.352941176,26.31578947368421,2026,21
2026-05-19,,,,,,,,,,,,,,,,152.9600067138672,5514800.0,11.899999618530273,7342900.0,,,,9461070.588235294,43.54066985645933,11039888.235294119,14.832535885167463,2026,21
2026-05-19,207565.0,109346.0,98219.0,4.903717017399336,2002950.0,188978.0,285281.0,-96303.0,-6.021086275164449,1599429.0,67933.0,6259.0,61674.0,19.282404657241297,319846.0,,,,,,,,9613662.5,,10877368.75,,2026,21
2026-05-20,,,,,,,,,,,,,,,,144.27000427246094,11573800.0,11.489999771118164,8999400.0,,,,9728964.705882354,74.64114832535886,10766900.0,30.62200956937799,2026,21
2026-05-21,,,,,,,,,,,,,,,,142.5399932861328,10203800.0,11.329999923706055,6415700.0,,,,9626547.05882353,70.33492822966507,10069052.94117647,9.569377990430622,2026,21
2026-05-22,,,,,,,,,,,,,,,,140.9199981689453,7541300.0,10.9399995803833,9301800.0,,,,9193488.235294119,62.67942583732058,10105423.529411765,34.44976076555024,2026,21
2026-05-26,,,,,,,,,,,,,,,,137.0,7574200.0,10.90999984741211,6268700.0,,,,9014670.588235294,62.67942583732058,9351158.823529411,7.655502392344498,2026,22
2026-05-26,200581.0,120657.0,79924.0,3.988631571592902,2003795.0,180797.0,315223.0,-134426.0,-8.19629750219806,1640082.0,71673.0,4611.0,67062.0,22.28454649675179,300935.0,,,,,,,,8778175.0,,9481881.25,,2026,22
2026-05-27,,,,,,,,,,,,,,,,131.02999877929688,8423300.0,11.180000305175781,9207800.0,,,,8356468.75,66.34615384615384,9260837.5,33.17307692307692,2026,22
2026-05-28,,,,,,,,,,,,,,,,130.77999877929688,7533300.0,11.890000343322754,12138300.0,,,,8292862.5,61.72248803827751,9320368.75,56.9377990430622,2026,22
2026-05-29,,,,,,,,,,,,,,,,129.08999633789062,8226600.0,11.930000305175781,12742200.0,,,,8288964.705882353,65.55023923444976,9521652.94117647,62.20095693779905,2026,22
2026-06-01,,,,,,,,,,,,,,,,135.5,11053300.0,11.539999961853027,8716900.0,,,,8201788.235294118,74.16267942583733,9362223.529411765,28.708133971291865,2026,23
2026-06-02,218787.0,128022.0,90765.0,4.481823837881077,2025180.0,189645.0,304499.0,-114854.0,-6.902271209847578,1664003.0,72765.0,4992.0,67773.0,22.404890046678922,302492.0,,,,,,,,7720512.5,,8928231.25,,2026,23
2026-06-02,,,,,,,,,,,,,,,,137.27000427246094,3831200.0,11.470000267028809,5926300.0,,,,7476237.5,14.423076923076922,8758481.25,6.25,2026,23
2026-06-03,,,,,,,,,,,,,,,,140.86000061035156,4766200.0,11.710000038146973,5708100.0,,,,7383325.0,31.57894736842105,8476137.5,4.784688995215311,2026,23
2026-06-04,,,,,,,,,,,,,,,,136.74000549316406,4192000.0,12.119999885559082,8947700.0,,,,7195600.0,21.5311004784689,8503876.470588235,31.57894736842105,2026,23
2026-06-05,,,,,,,,,,,,,,,,133.02000427246094,4653800.0,11.670000076293945,6443700.0,,,,7109947.05882353,29.665071770334926,8437200.0,10.047846889952153,2026,23
2026-06-08,,,,,,,,,,,,,,,,135.14999389648438,4564300.0,11.369999885559082,4186100.0,,,,7100794.117647059,29.1866028708134,8276017.647058823,0.4784688995215311,2026,24
2026-06-09,,,,,,,,,,,,,,,,131.3000030517578,9321500.0,11.390000343322754,4161200.0,,,,7375235.294117647,67.94258373205741,7882088.235294118,0.4784688995215311,2026,24
2026-06-09,213483.0,118758.0,94725.0,4.720589444517812,2006635.0,190936.0,313553.0,-122617.0,-7.486963742718625,1637740.0,70760.0,6635.0,64125.0,20.388145783588378,314521.0,,,,,,,,7486918.75,,7817981.25,,2026,24
2026-06-10,,,,,,,,,,,,,,,,134.3000030517578,7519500.0,11.539999961853027,6187700.0,,,,7280806.25,60.28708133971292,7668406.25,7.655502392344498,2026,24
2026-06-11,,,,,,,,,,,,,,,,128.8300018310547,12187300.0,11.15999984741211,6887100.0,,,,7697837.5,77.03349282296651,7639918.75,11.961722488038278,2026,24
2026-06-12,,,,,,,,,,,,,,,,125.43000030517578,8521300.0,11.350000381469727,5348500.0,,,,7746276.470588235,66.02870813397129,7505129.411764706,3.349282296650718,2026,24
2026-06-15,,,,,,,,,,,,,,,,121.20999908447266,5839100.0,11.430000305175781,4717800.0,,,,7408941.176470588,44.01913875598086,7253270.588235294,2.3923444976076556,2026,25
2026-06-16,220173.0,123945.0,96228.0,4.7929256680126455,2007709.0,199050.0,283959.0,-84909.0,-5.1630662809067065,1644546.0,76364.0,8944.0,67420.0,21.715533595946777,310469.0,,,,,,,,7234262.5,,7305618.75,,2026,25
2026-06-16,,,,,,,,,,,,,,,,115.47000122070312,7728800.0,11.760000228881836,5390700.0,,,,7245981.25,62.5,7061175.0,4.326923076923077,2026,25
2026-06-17,,,,,,,,,,,,,,,,114.2300033569336,5504000.0,11.569999694824219,5383000.0,,,,7116593.75,39.90384615384615,7005818.75,4.326923076923077,2026,25
2026-06-18,,,,,,,,,,,,,,,,114.87000274658203,5560100.0,11.739999771118164,6806800.0,,,,7025035.294117647,41.62679425837321,6994111.764705882,12.918660287081341,2026,25
2026-06-22,,,,,,,,,,,,,,,,112.69000244140625,4524400.0,11.770000457763672,3662800.0,,,,6795688.235294118,25.358851674641148,6667935.294117647,0.4784688995215311,2026,26
2026-06-23,209683.0,126811.0,82872.0,4.334588469864955,1911877.0,202818.0,285540.0,-82722.0,-5.128268711807814,1613059.0,82306.0,11211.0,71095.0,22.487031882591094,316160.0,,,,,,,,6749587.5,,6326037.5,,2026,26
2026-06-23,,,,,,,,,,,,,,,,111.26000213623047,3153900.0,11.5,5614800.0,,,,6432543.75,4.807692307692308,5880575.0,6.25,2026,26
2026-06-24,,,,,,,,,,,,,,,,106.29000091552734,5035500.0,11.729999542236328,4699900.0,,,,6056431.25,33.65384615384615,5629512.5,2.403846153846154,2026,26
2026-06-25,,,,,,,,,,,,,,,,109.30999755859375,6186900.0,11.75,6264600.0,,,,6064105.882352941,49.03846153846153,5666870.588235294,11.057692307692307,2026,26
2026-06-26,,,,,,,,,,,,,,,,105.4800033569336,9624500.0,11.869999885559082,9248700.0,,,,6404888.235294118,68.89952153110048,5862305.882352941,37.79904306220095,2026,26
2026-06-29,,,,,,,,,,,,,,,,107.08000183105469,3173300.0,11.430000305175781,5436900.0,,,,6311188.235294118,5.263157894736842,5846352.94117647,6.698564593301436,2026,27
2026-06-30,203601.0,122319.0,81282.0,4.245725780292231,1914443.0,221288.0,286096.0,-64808.0,-3.9649196866387078,1634535.0,82710.0,10786.0,71924.0,23.793439965595383,302285.0,,,,,,,,6443637.5,,5652518.75,,2026,27
2026-06-30,,,,,,,,,,,,,,,,106.44000244140625,3736500.0,11.720000267028809,6091400.0,,,,6386306.25,10.576923076923077,5630500.0,11.057692307692307,2026,27
2026-07-01,,,,,,,,,,,,,,,,103.2699966430664,3111300.0,11.520000457763672,3684900.0,,,,6295493.75,4.567307692307692,5599175.0,0.9615384615384616,2026,27
2026-07-02,,,,,,,,,,,,,,,,103.9800033569336,2203900.0,11.579999923706055,5114700.0,,,,5850643.75,0.9569377990430622,5658768.75,5.263157894736842,2026,27
2026-07-06,,,,,,,,,,,,,,,,104.3499984741211,1635900.0,11.710000038146973,3871000.0,,,,5602717.647058823,0.9569377990430622,5553605.882352941,1.4354066985645932,2026,28
2026-07-07,,,,,,,,,,,,,,,,108.91999816894531,7307100.0,11.760000228881836,5501800.0,,,,5590223.529411765,57.41626794258373,5513258.823529412,8.61244019138756,2026,28
2026-07-07,193113.0,129072.0,64041.0,3.360389891492165,1905761.0,238317.0,298612.0,-60295.0,-3.610965549250648,1669775.0,86313.0,15064.0,71249.0,22.534244625704897,316181.0,,,,,,,,5177906.25,,5427393.75,,2026,28
2026-07-08,,,,,,,,,,,,,,,,112.20999908447266,14148900.0,11.600000381469727,5952400.0,,,,5529631.25,79.8076923076923,5465137.5,12.5,2026,28
2026-07-09,,,,,,,,,,,,,,,,109.01000213623047,5521900.0,10.829999923706055,10983300.0,,,,5509806.25,38.94230769230769,5856731.25,49.03846153846153,2026,28
2026-07-10,,,,,,,,,,,,,,,,108.69999694824219,4488400.0,10.600000381469727,8356400.0,,,,5449723.529411765,22.966507177033492,6003770.588235294,29.665071770334926,2026,28
2026-07-13,,,,,,,,,,,,,,,,117.79000091552734,13024300.0,10.369999885559082,11573600.0,,,,5761223.529411765,77.51196172248804,6367470.588235294,54.54545454545454,2026,29
2026-07-14,,,,,,,,,,,,,,,,120.16999816894531,10211300.0,10.520000457763672,5657700.0,,,,6038123.529411765,68.42105263157895,6383629.411764706,10.047846889952153,2026,29
2026-07-14,181161.0,119187.0,61974.0,3.3044058744993325,1875496.0,227169.0,332878.0,-105709.0,-6.355240312239981,1663336.0,82375.0,13650.0,68725.0,21.16882076808398,324652.0,,,,,,,,6068000.0,,6357181.25,,2026,29
2026-07-15,,,,,,,,,,,,,,,,121.37999725341797,6332500.0,10.550000190734863,5971500.0,,,,6181006.25,48.55769230769231,6501475.0,12.5,2026,29
2026-07-16,,,,,,,,,,,,,,,,119.30000305175781,3993100.0,10.420000076293945,11982800.0,,,,6052305.882352941,13.875598086124402,6823905.882352941,55.980861244019145,2026,29
2026-07-17,,,,,,,,,,,,,,,,123.95999908447266,5888000.0,10.510000228881836,7107400.0,,,,6213135.294117647,41.62679425837321,6911705.882352941,20.574162679425836,2026,29
2026-07-20,,,,,,,,,,,,,,,,125.51000213623047,6549087.0,10.289999961853027,7149587.0,,,,6302169.823529412,52.15311004784689,7055805.117647059,20.574162679425836,2026,30
