date,wti,rbob,ho,brent,gasoline_crack,ho_crack,crack_321,brent_wti_spread,crack_321_ma20,gasoline_crack_ma20,ho_crack_ma20,brent_wti_spread_ma20,year,month
2023-08-08,82.91999816894531,2.845099925994873,3.085599899291992,,36.574198722839355,46.67519760131836,39.94119834899902,,39.94119834899902,36.574198722839355,46.67519760131836,,2023,8
2023-08-09,84.4000015258789,2.9284000396728516,3.2070000171661377,,38.59280014038086,50.29399919509888,42.493199825286865,,41.217199087142944,37.58349943161011,48.48459839820862,,2023,8
2023-08-10,82.81999969482422,2.9047000408172607,3.1533000469207764,,39.17740201950073,49.61860227584839,42.65780210494995,,41.69740009307861,38.11480029424032,48.86259969075521,,2023,8
2023-08-11,83.19000244140625,2.964900016784668,3.121500015258789,,41.335798263549805,47.91299819946289,43.5281982421875,,42.155099630355835,38.92004978656769,48.62519931793213,,2023,8
2023-08-14,82.51000213623047,2.9061999320983887,3.0882999897003174,,39.550395011901855,47.19859743118286,42.09979581832886,,42.14403886795044,39.04611883163452,48.339878940582274,,2023,8
2023-08-15,80.98999786376953,2.847599983215332,3.0280001163482666,,38.609201431274414,46.186007022857666,41.1348032951355,,41.97583293914795,38.97329926490784,47.980900287628174,,2023,8
2023-08-16,79.37999725341797,2.8671000003814697,3.020900011062622,,41.03820276260376,47.49780321121216,43.19140291213989,,42.149485792432515,39.2682854788644,47.911886419568745,,2023,8
2023-08-17,80.38999938964844,2.821700096130371,3.0938000679016113,,38.12140464782715,49.54960346221924,41.93080425262451,,42.12215059995651,39.12492537498474,48.116601049900055,,2023,8
2023-08-18,81.25,2.823199987411499,3.1596999168395996,,37.32439947128296,51.457396507263184,42.03539848327637,,42.11251147588094,38.9248669412401,48.48780054516263,,2023,8
2023-08-21,80.72000122070312,2.772599935531616,3.1161999702453613,,35.729196071624756,50.16039752960205,40.53959655761719,,41.955219984054565,38.60529985427856,48.65506024360657,,2023,8
2023-08-22,80.3499984741211,2.789099931716919,3.1387999057769775,,36.7921986579895,51.47959756851196,41.68799829483032,,41.930927103216,38.440472472797744,48.91183636405251,,2023,8
2023-08-23,78.88999938964844,2.7688000202178955,3.1291000843048096,,37.399601459503174,52.532204151153564,42.44380235671997,,41.97366670767466,38.35373322168986,49.213533679644264,,2023,8
2023-08-24,79.05000305175781,2.7799999713897705,3.156399965286255,,37.70999574661255,53.51879549026489,42.97959566116333,,42.05104585794302,38.30421495437622,49.54470766507662,,2023,8
2023-08-25,79.83000183105469,2.8763999938964844,3.307499885559082,,40.978797912597656,59.08499336242676,47.01419639587402,,42.405556610652376,38.49525659424918,50.22615664345877,,2023,8
2023-08-28,80.0999984741211,2.7957000732421875,3.203700065612793,,37.31940460205078,54.45540428161621,43.03140449523926,,42.44727980295817,38.41686646143595,50.5081064860026,,2023,8
2023-08-29,81.16000366210938,2.7904999256134033,3.2095000743865967,,36.040993213653564,53.638999462127686,41.90699529647827,,42.41351202130318,38.268374383449554,50.70378729701042,,2023,8
2023-08-30,81.62999725341797,2.8092000484466553,3.0961999893188477,,36.35640478134155,48.41040229797363,40.374403953552246,,42.29356448790606,38.155905583325556,50.568882297067084,,2023,8
2023-08-31,83.62999725341797,2.766400098800659,3.1426000595092773,,32.55880689620972,48.35920524597168,37.82560634613037,,42.04534459114075,37.844955656263565,50.44612246089511,,2023,8
2023-09-01,85.55000305175781,2.591200113296509,3.1050000190734863,,23.280401706695557,44.85999774932861,30.473600387573242,,41.43630542253193,37.07840018523367,50.15211589712845,,2023,9
2023-09-05,86.69000244140625,2.5810000896453857,3.219599962234497,,21.71200132369995,48.53319597244263,30.65239953994751,,40.89711012840271,36.310080242156985,50.07116990089416,,2023,9
2023-09-06,87.54000091552734,2.6013998985290527,3.192699909210205,,21.71879482269287,46.55339527130127,29.996994972229004,,40.39989995956421,35.56731004714966,50.06507978439331,,2023,9
2023-09-07,86.87000274658203,2.622999906539917,3.2123000621795654,,23.295993328094482,48.04659986495972,31.54619550704956,,39.85254974365235,34.80246970653534,49.95270981788635,,2023,9
2023-09-08,87.51000213623047,2.653700113296509,3.299099922180176,,23.9454026222229,51.052194595336914,32.98099994659424,,39.36870963573456,34.040869736671446,50.024389433860776,,2023,9
2023-09-11,87.29000091552734,2.7186999320983887,3.3622000217437744,,26.89539623260498,53.92239999771118,35.90439748764038,,38.987519598007204,33.31884963512421,50.32485952377319,,2023,9
2023-09-12,88.83999633789062,2.7279000282287598,3.3282999992370605,,25.731804847717285,50.94860363006592,34.137404441833496,,38.589400029182436,32.62792012691498,50.51235983371735,,2023,9
2023-09-13,88.5199966430664,2.7383999824523926,3.4354000091552734,,26.492802619934082,55.76680374145508,36.250802993774414,,38.34520001411438,32.02210018634796,50.991399669647215,,2023,9
2023-09-14,90.16000366210938,2.7427000999450684,3.4814999103546143,,25.033400535583496,56.062992572784424,35.37659788131714,,37.954459762573244,31.221860074996947,51.41965913772583,,2023,9
2023-09-15,90.7699966430664,2.7081000804901123,3.3833999633789062,,22.97020673751831,51.332801818847656,32.424405097961426,,37.47913980484009,30.464300179481505,51.508819055557254,,2023,9
2023-09-18,91.4800033569336,2.6979000568389893,3.288300037384033,,21.831799030303955,46.6285982131958,30.09739875793457,,36.882239818573,29.689670157432555,51.26737914085388,,2023,9
2023-09-19,91.19999694824219,2.658099889755249,3.3738999366760254,,20.44019842147827,50.50380039215088,30.46139907836914,,36.3783299446106,28.92522027492523,51.28454928398132,,2023,9
2023-09-20,90.27999877929688,2.6191999912261963,3.3268001079559326,,19.72640085220337,49.445605754852295,29.632802486419678,,35.77557015419006,28.071930384635927,51.18284969329834,,2023,9
2023-09-21,89.62999725341797,2.6198999881744385,3.368000030517578,,20.405802249908447,51.82600402832031,30.879202842712402,,35.19734017848968,27.22224042415619,51.14753968715668,,2023,9
2023-09-22,90.02999877929688,2.561800003051758,3.3062000274658203,,17.565601348876953,48.83040237426758,27.987201690673828,,34.44772047996521,26.21502070426941,50.91312003135681,,2023,9
2023-09-25,89.68000030517578,2.5439000129699707,3.262200117111206,,17.16380023956299,47.33240461349487,27.220001697540283,,33.458010745048526,25.024270820617676,50.32549059391022,,2023,9
2023-09-26,90.38999938964844,2.5622000694274902,3.22379994392395,,17.222403526306152,45.00959825515747,26.484801769256592,,32.63068060874939,24.019420766830443,49.85320029258728,,2023,9
2023-09-27,93.68000030517578,2.598599910736084,3.31469988822937,,15.461195945739746,45.537395000457764,25.486595630645752,,31.809660625457763,22.990430903434753,49.44812006950379,,2023,9
2023-09-28,91.70999908447266,2.5053000450134277,3.318000078201294,,13.512602806091309,47.64600419998169,24.890403270721436,,31.035460591316223,21.84824080467224,49.40990016460419,,2023,9
2023-09-29,90.79000091552734,2.4398999214172363,3.3622000217437744,,11.685795783996582,50.42239999771118,24.597997188568115,,30.37408013343811,20.804590249061583,49.51305990219116,,2023,9
2023-10-02,88.81999969482422,2.4121999740600586,3.2225000858306885,,12.492399215698242,46.5250039100647,23.83660078048706,,30.0422301530838,20.26519012451172,49.59631021022797,,2023,10
2023-10-03,89.2300033569336,2.360100030899048,3.1953999996185303,,9.894197940826416,44.97679662704468,21.58839750289917,,29.589030051231383,19.674299955368042,49.41849024295807,,2023,10
2023-10-04,84.22000122070312,2.197999954223633,3.0178000926971436,,8.095996856689453,42.527602672576904,19.573198795318604,,29.067840242385863,18.993160057067872,49.21720061302185,,2023,10
2023-10-05,82.30999755859375,2.188999891281128,2.8687000274658203,,9.627997875213623,38.1754035949707,19.143799781799316,,28.447720456123353,18.309760284423827,48.7236407995224,,2023,10
2023-10-06,82.79000091552734,2.192199945449829,2.9007999897003174,,9.282396793365479,39.043598651885986,19.202797412872314,,27.758810329437257,17.576609992980956,48.123211002349855,,2023,10
2023-10-09,86.37999725341797,2.238100051879883,2.966599941253662,,7.620204925537109,38.21720027923584,17.81920337677002,,26.854550623893736,16.612850427627563,47.33795101642609,,2023,10
2023-10-10,85.97000122070312,2.2583999633789062,3.0201001167297363,,8.882797241210938,40.8742036819458,19.54659938812256,,26.12501037120819,15.770400047302246,46.83423101902008,,2023,10
2023-10-11,83.48999786376953,2.210099935531616,2.998500108718872,,9.33419942855835,42.447006702423096,20.37180185317993,,25.331060314178465,14.91246988773346,46.16824116706848,,2023,10
2023-10-12,82.91000366210938,2.1649999618530273,3.0448999404907227,,8.019994735717773,44.97579383850098,20.338594436645508,,24.579160141944886,14.061799597740173,45.61388123035431,,2023,10
2023-10-13,87.69000244140625,2.2653000354766846,3.211699962615967,,7.452599048614502,47.201395988464355,20.702198028564453,,23.993049788475037,13.285919213294983,45.407310938835145,,2023,10
2023-10-16,86.66000366210938,2.2730000019073486,3.149199962615967,,8.805996417999268,45.60639476776123,21.072795867919922,,23.541819643974303,12.634629082679748,45.35620076656342,,2023,10
2023-10-17,86.66000366210938,2.2844998836517334,3.1767001152038574,,9.288991451263428,46.76140117645264,21.779794692993164,,23.107739424705507,12.077068734169007,45.169080805778506,,2023,10
2023-10-18,88.31999969482422,2.3534998893737793,3.1393001079559326,,10.526995658874512,43.53060483932495,21.528198719024658,,22.702509236335754,11.617098474502564,44.87333076000213,,2023,10
2023-10-19,89.37000274658203,2.3617000579833984,3.1730000972747803,,9.821399688720703,43.89600133895874,21.17960023880005,,22.217529106140137,11.087878346443176,44.476830625534056,,2023,10
2023-10-20,88.75,2.3736000061035156,3.156599998474121,,10.941200256347656,43.827199935913086,21.903200149536133,,21.91332902908325,10.756658291816711,44.22667050361633,,2023,10
2023-10-23,85.48999786376953,2.3285000324249268,3.0954999923706055,,12.307003498077393,44.5210018157959,23.045002937316895,,21.704579091072084,10.513818454742431,44.08610036373138,,2023,10
2023-10-24,83.73999786376953,2.2676000595092773,3.0448999404907227,,11.499204635620117,44.14579963684082,22.38140296936035,,21.49940915107727,10.22765851020813,44.04291043281555,,2023,10
2023-10-25,85.38999938964844,2.2841999530792236,3.0304999351501465,,10.546398639678955,41.890997886657715,20.994598388671875,,21.274809288978577,9.98191864490509,43.86059057712555,,2023,10
2023-10-26,83.20999908447266,2.2560999393463135,3.0439000129699707,,11.54619836807251,44.63380146026611,22.57539939880371,,21.15905909538269,9.88359842300415,43.70998044013977,,2023,10
2023-10-27,85.54000091552734,2.3125,3.0518999099731445,,11.584999084472656,42.63979530334473,21.93659782409668,,21.025989127159118,9.878558588027953,43.32085020542145,,2023,10
2023-10-30,82.30999755859375,2.2200000286102295,2.9663000106811523,,10.930003643035889,42.27460289001465,21.37820339202881,,20.903069257736206,9.800438809394837,43.108330154418944,,2023,10
2023-10-31,81.0199966430664,2.2227001190185547,2.990999937057495,,12.33340835571289,44.60200071334839,23.089605808258057,,20.97812967300415,9.92239933013916,43.08959035873413,,2023,10
2023-11-01,80.44000244140625,2.185499906539917,2.9614999294281006,,11.350993633270264,43.942994594573975,22.214993953704834,,21.11021943092346,10.0851491689682,43.160359954833986,,2023,11
2023-11-02,82.45999908447266,2.246000051498413,3.0255000591278076,,11.872003078460693,44.611003398895264,22.785003185272217,,21.292279601097107,10.197349429130554,43.48213994503021,,2023,11
2023-11-03,80.51000213623047,2.2009999752044678,2.923799991607666,,11.931996822357178,42.289597511291504,22.051197052001953,,21.43469958305359,10.329829430580139,43.64443988800049,,2023,11
2023-11-06,80.81999969482422,2.2358999252319336,2.952399969100952,,13.087797164916992,43.18079900741577,23.118797779083252,,21.69967930316925,10.603209042549134,43.892619824409486,,2023,11
2023-11-07,77.37000274658203,2.1677000522613525,2.838399887084961,,13.673399448394775,41.84279251098633,23.063197135925293,,21.875509190559388,10.842739152908326,43.94104926586151,,2023,11
2023-11-08,75.33000183105469,2.128499984741211,2.7492001056671143,,14.066997528076172,40.13640260696411,22.75679922103882,,21.994759058952333,11.079379057884216,43.82551906108856,,2023,11
2023-11-09,75.73999786376953,2.160799980163574,2.719099998474121,,15.013601303100586,38.462202072143555,22.829801559448242,,22.11931941509247,11.429059386253357,43.49983947277069,,2023,11
2023-11-10,77.16999816894531,2.189500093460083,2.7430999279022217,,14.789005756378174,38.040198802948,22.539403438568115,,22.21117968559265,11.79587972164154,43.041779613494874,,2023,11
2023-11-13,78.26000213623047,2.2358999252319336,2.8392999172210693,,15.647794723510742,40.99059438705444,24.095394611358643,,22.362309622764588,12.137969636917115,42.810989594459535,,2023,11
2023-11-14,78.26000213623047,2.2228000164031982,2.837100028991699,,15.097598552703857,40.8981990814209,23.69779872894287,,22.458209824562072,12.428399991989135,42.51782948970795,,2023,11
2023-11-15,76.66000366210938,2.2018001079559326,2.8687000274658203,,15.815600872039795,43.82539749145508,25.152199745178223,,22.639409875869752,12.6928302526474,42.532569122314456,,2023,11
2023-11-16,72.9000015258789,2.101099967956543,2.750200033187866,,15.346197128295898,42.608399868011475,24.433598041534424,,22.80210976600647,12.96907012462616,42.46818904876709,,2023,11
2023-11-17,75.88999938964844,2.184499979019165,2.7725000381469727,,15.858999729156494,40.555002212524414,24.0910005569458,,22.911499786376954,13.214960098266602,42.304579162597655,,2023,11
2023-11-20,77.5999984741211,2.2260000705718994,2.8494999408721924,,15.892004489898682,42.078999042510986,24.621002674102783,,22.990299773216247,13.394210147857667,42.18247902393341,,2023,11
2023-11-21,77.7699966430664,2.233799934387207,2.9249000549316406,,16.04960060119629,45.0758056640625,25.72500228881836,,23.15747973918915,13.621729946136474,42.228979325294496,,2023,11
2023-11-22,77.0999984741211,2.2323999404907227,2.8891000747680664,,16.660799026489258,44.242204666137695,25.85460090637207,,23.400479865074157,13.92744996547699,42.34653966426849,,2023,11
2023-11-23,,2.214400053024292,2.8712000846862793,,,,,,23.4439051527726,14.052778996919331,42.226157464479144,,2023,11
2023-11-24,75.54000091552734,2.16510009765625,2.835700035095215,,15.394203186035156,43.55940055847168,24.782602310180664,,23.593694862566498,14.253263423317357,42.274557741064775,,2023,11
2023-11-27,74.86000061035156,2.1798999309539795,2.837899923324585,,16.695796489715576,44.331796169281006,25.907796382904053,,23.832094493665192,14.556726204721551,42.38283107155248,,2023,11
2023-11-28,76.41000366210938,2.2300000190734863,2.9070000648498535,,17.24999713897705,45.68399906158447,26.72799777984619,,24.023588807959307,14.815494035419665,42.439778353038584,,2023,11
2023-11-29,77.86000061035156,2.283600091934204,2.8884999752044678,,18.05120325088501,43.456998348236084,26.5198016166687,,24.250157632325823,15.168136646873073,42.41419960323133,,2023,11
2023-11-30,75.95999908447266,2.1998000144958496,2.8304998874664307,,16.431601524353027,42.92099618911743,25.261399745941162,,24.380494293413665,15.408115512446352,42.325251855348284,,2023,11
2023-12-01,74.06999969482422,2.1210999488830566,2.6614999771118164,,15.01619815826416,37.71299934387207,22.581798553466797,,24.408420688227604,15.57044189854672,42.084378267589365,,2023,12
2023-12-04,73.04000091552734,2.134200096130371,2.6596999168395996,,16.596403121948242,38.66739559173584,23.95340061187744,,24.452347153111507,15.755105369969419,41.84683071939569,,2023,12
2023-12-05,72.31999969482422,2.110300064086914,2.6410999298095703,,16.312602996826172,38.606197357177734,23.74380111694336,,24.488168415270355,15.89401081988686,41.676483606037344,,2023,12
2023-12-06,69.37999725341797,2.0302000045776367,2.576200008392334,,15.888402938842773,38.82040309906006,23.532402992248535,,24.528989666386654,15.989874262558786,41.60722047404239,,2023,12
2023-12-07,69.33999633789062,2.001199960708618,2.5492000579833984,,14.710402011871338,37.72640609741211,22.38240337371826,,24.505442393453496,15.973916405125669,41.56849437010916,,2023,12
2023-12-08,71.2300033569336,2.049799919128418,2.5810000896453857,,14.861593246459961,37.17200040817261,22.29839563369751,,24.492757772144518,15.9777367993405,41.522799717752555,,2023,12
2023-12-11,71.31999969482422,2.043100118637085,2.6087000370025635,,14.49020528793335,38.24540185928345,22.40860414505005,,24.40397932654933,15.916811039573268,41.378315900501455,,2023,12
2023-12-12,68.61000061035156,1.979699969291687,2.5074000358581543,,14.537398099899292,36.70080089569092,21.925199031829834,,24.310684605648643,15.887326805215134,41.15740020651566,,2023,12
2023-12-13,69.47000122070312,2.024899959564209,2.548099994659424,,15.575797080993652,37.550198554992676,22.90059757232666,,24.19217922813014,15.87470555305481,40.8271265782808,,2023,12
2023-12-14,71.58000183105469,2.118799924850464,2.5913000106811523,,17.409595012664795,37.25459861755371,24.024596214294434,,24.17065281617014,15.983305441705804,40.545347565098815,,2023,12
2023-12-15,71.43000030517578,2.13700008392334,2.620800018310547,,18.324003219604492,38.64360046386719,25.09720230102539,,24.223610802700644,16.113042467518856,40.44474747306422,,2023,12
2023-12-18,72.47000122070312,2.1589999198913574,2.672800064086914,,18.207995414733887,39.787601470947266,25.40119743347168,,24.264673684772692,16.234936726720708,40.32414760087666,,2023,12
2023-12-19,73.44000244140625,2.2007999420166016,2.7167999744415283,,18.993595123291016,40.66559648513794,26.21759557723999,,24.290599647321198,16.38988380683096,40.09203132830168,,2023,12
2023-12-20,74.22000122070312,2.200700044631958,2.7084999084472656,,18.20940065383911,39.53699493408203,25.318598747253418,,24.262389007367585,16.471389155638846,39.844388710825065,,2023,12
2023-12-21,73.88999938964844,2.1584999561309814,2.6967999935150146,,16.766998767852783,39.37560033798218,24.303199291229248,,24.26442952156067,16.486169636249542,39.820949292182924,,2023,12
2023-12-22,73.55999755859375,2.1301000118255615,2.6612000465393066,,15.904202938079834,38.21040439605713,23.339603424072266,,24.19227957725525,16.511669623851777,39.55349948406219,,2023,12
2023-12-26,75.56999969482422,2.1582999229431152,2.668800115585327,,15.078597068786621,36.51960515975952,22.225599765777588,,24.008169746398927,16.43080965280533,39.16288993358612,,2023,12
2023-12-27,74.11000061035156,2.1549999713897705,2.6238999366760254,,16.3999981880188,36.093796730041504,22.964597702026367,,23.819999742507935,16.388309705257416,38.68337981700897,,2023,12
2023-12-28,71.7699966430664,2.085200071334839,2.556299924850464,,15.808406352996826,35.594600200653076,22.403804302215576,,23.61419987678528,16.276169860363005,38.290259909629825,,2023,12
2023-12-29,71.6500015258789,2.10260009765625,2.553100109100342,,16.659202575683594,35.58020305633545,22.96620273590088,,23.499440026283263,16.287549912929535,37.923220252990724,,2023,12
2024-01-02,70.37999725341797,2.094899892807007,2.5257999897003174,,17.60579824447632,35.70360231399536,23.638399600982666,,23.552270078659056,16.417029917240143,37.82275040149689,,2024,1
2024-01-03,72.69999694824219,2.158099889755249,2.6043999195098877,,17.94019842147827,36.684799671173096,24.188398838043213,,23.564019989967345,16.484219682216644,37.72362060546875,,2024,1
2024-01-04,72.19000244140625,2.110100030899048,2.588399887084961,,16.43419885635376,36.52279281616211,23.130396842956543,,23.533349776268004,16.490299475193023,37.619450378417966,,2024,1
2024-01-05,73.80999755859375,2.1054999828338623,2.6085000038146973,,14.621001720428467,35.747002601623535,21.663002014160156,,23.439879727363586,16.42692941427231,37.465780353546144,,2024,1
2024-01-08,70.7699966430664,2.0278000831604004,2.576900005340576,,14.39760684967041,37.45980358123779,22.08500576019287,,23.425009846687317,16.41128965616226,37.45245022773743,,2024,1
2024-01-09,72.23999786376953,2.0768001079559326,2.650399923324585,,14.985606670379639,39.07679891586304,23.01600408554077,,23.46089026927948,16.417490327358244,37.54769015312195,,2024,1
2024-01-10,71.37000274658203,2.0673000812530518,2.600600004196167,,15.456600666046143,37.85519742965698,22.922799587249756,,23.486600041389465,16.465810096263887,37.52817993164062,,2024,1
2024-01-11,72.0199966430664,2.114300012588501,2.673799991607666,,16.780603885650635,40.279603004455566,24.613603591918945,,23.62102026939392,16.577970385551453,37.70712003707886,,2024,1
2024-01-12,72.68000030517578,2.120300054550171,2.669300079345703,,16.372601985931396,39.43060302734375,24.058602333068848,,23.67892050743103,16.61781063079834,37.801140260696414,,2024,1
2024-01-16,72.4000015258789,2.1219000816345215,2.660599946975708,,16.719801902770996,39.34519624710083,24.261600017547607,,23.69077069759369,16.58332097530365,37.90567014217377,,2024,1
2024-01-17,72.55999755859375,2.1354000568389893,2.653599977493286,,17.1268048286438,38.89120149612427,24.381603717803955,,23.65499076843262,16.523461055755615,37.91805019378662,,2024,1
2024-01-18,74.08000183105469,2.183500051498413,2.6935999393463135,,17.627000331878662,39.05119562149048,24.768398761749268,,23.623350834846498,16.494411301612853,37.88122990131378,,2024,1
2024-01-19,73.41000366210938,2.1628000736236572,2.662100076675415,,17.42759943008423,38.39819955825806,24.417799472808838,,23.53336102962494,16.416111516952515,37.76786005496979,,2024,1
2024-01-22,75.19000244140625,2.237799882888794,2.69350004196167,,18.797592639923096,37.93699932098389,25.17739486694336,,23.526300835609437,16.445521116256714,37.68786027431488,,2024,1
2024-01-23,74.37000274658203,2.210099935531616,2.6912999153137207,,18.45419454574585,38.66459369659424,25.190994262695312,,23.57069058418274,16.529880905151366,37.65230994224548,,2024,1
2024-01-24,75.08999633789062,2.2095000743865967,2.68179988861084,,17.709006786346436,37.54559898376465,24.32120418548584,,23.61977062225342,16.6201210975647,37.61906967163086,,2024,1
2024-01-25,77.36000061035156,2.264400005340576,2.7953999042510986,,17.744799613952637,40.04679536819458,25.17879819869995,,23.767430543899536,16.753431224822997,37.795429182052615,,2024,1
2024-01-26,78.01000213623047,2.294100046157837,2.843400001525879,,18.34219980239868,41.412797927856445,26.03239917755127,,23.92082061767578,16.85054130554199,38.06137924194336,,2024,1
2024-01-29,76.77999877929688,2.2284998893737793,2.833899974822998,,16.816996574401855,42.24380016326904,25.292597770690918,,24.06526029109955,16.900970816612244,38.39383924007416,,2024,1
2024-01-30,77.81999969482422,2.260699987411499,2.80679988861084,,17.12939977645874,40.065595626831055,24.77479839324951,,24.15569007396698,16.924480676651,38.61810886859894,,2024,1
2024-01-31,75.8499984741211,2.183300018310547,2.808199882507324,,15.848602294921875,42.09439659118652,24.597200393676758,,24.203630113601683,16.836620879173278,38.93764858245849,,2024,1
2024-02-01,73.81999969482422,2.1947999000549316,2.712899923324585,,18.36159610748291,40.12179708480835,25.614996433258057,,24.274959993362426,16.85769076347351,39.10949845314026,,2024,2
2024-02-02,72.27999877929688,2.1475000381469727,2.6600000858306885,,17.915002822875977,39.44000482559204,25.090003490447998,,24.372940325736998,16.931730961799623,39.255359053611755,,2024,2
2024-02-05,72.77999877929688,2.209199905395508,2.7248001098632812,,20.006397247314453,41.66160583496094,27.22480010986328,,24.651030230522156,17.20100073814392,39.55108921527862,,2024,2
2024-02-06,73.30999755859375,2.2172999382019043,2.7427000999450684,,19.81659984588623,41.88340663909912,27.172202110290527,,24.905390048027037,17.471950387954713,39.77226936817169,,2024,2
2024-02-07,73.86000061035156,2.263000011444092,2.815200090408325,,21.185999870300293,44.378403186798096,28.91680097579956,,25.20042989253998,17.781970047950743,40.037349581718445,,2024,2
2024-02-08,76.22000122070312,2.3420000076293945,2.8907999992370605,,22.143999099731445,45.19359874725342,29.82719898223877,,25.54564986228943,18.11633996963501,40.40426964759827,,2024,2
2024-02-09,76.83999633789062,2.3394999504089355,2.964200019836426,,21.419001579284668,47.65640449523926,30.16480255126953,,25.82320981025696,18.348259854316712,40.77310972213745,,2024,2
2024-02-12,76.91999816894531,2.367300033569336,2.919600009918213,,22.506603240966797,45.70320224761963,30.238802909851074,,26.13221983909607,18.65495991706848,41.086739683151244,,2024,2
2024-02-13,77.87000274658203,2.3945999145507812,2.895900011062622,,22.70319366455078,43.757797718048096,29.721395015716553,,26.405209589004517,18.95412950515747,41.307369756698606,,2024,2
2024-02-14,76.63999938964844,2.3169000148773193,2.8101000785827637,,20.669801235198975,41.38420391082764,27.574602127075195,,26.56485950946808,19.13127932548523,41.432019877433774,,2024,2
2024-02-15,78.02999877929688,2.3183000087738037,2.823699951171875,,19.33860158920288,40.565399169921875,26.41420078277588,,26.64714961051941,19.21685938835144,41.507730054855344,,2024,2
2024-02-16,79.19000244140625,2.3359999656677246,2.8066000938415527,,18.921996116638184,38.687201499938965,25.510397911071777,,26.701779532432557,19.29157922267914,41.522180151939395,,2024,2
2024-02-20,78.18000030517578,2.277400016784668,2.7314999103546143,,17.470800399780273,36.54299592971802,23.82819890975952,,26.634319734573364,19.225239610672,41.4524799823761,,2024,2
2024-02-21,77.91000366210938,2.2860000133514404,2.705199956893921,,18.101996898651123,35.7083945274353,23.97079610824585,,26.573309826850892,19.20762972831726,41.30467002391815,,2024,2
2024-02-22,78.61000061035156,2.334700107574463,2.752000093460083,,19.44740390777588,36.974003314971924,25.28960371017456,,26.621729803085326,19.294549584388733,41.27609024047852,,2024,2
2024-02-23,76.48999786376953,2.276700019836426,2.68969988822937,,19.13140296936035,36.477397441864014,24.913401126861572,,26.608459949493408,19.363879752159118,41.09762034416199,,2024,2
2024-02-26,77.58000183105469,2.3055999279022217,2.762700080871582,,19.255195140838623,38.45340156555176,25.654597282409668,,26.58956985473633,19.409529519081115,40.94965052604675,,2024,2
2024-02-27,78.87000274658203,2.344399929046631,2.746000051498413,,19.594794273376465,36.46199941635132,25.217195987701416,,26.585799765586852,19.548419404029847,40.66056048870087,,2024,2
2024-02-28,78.54000091552734,2.2709999084472656,2.6582999229431152,,16.841995239257812,33.108595848083496,22.264195442199707,,26.460269618034364,19.5340491771698,40.31271049976349,,2024,2
2024-02-29,78.26000213623047,2.30430006980896,2.683799982070923,,18.52060079574585,34.45959711074829,23.83359956741333,,26.42208957672119,19.667649102210998,39.93097052574158,,2024,2
2024-03-01,79.97000122070312,2.6143999099731445,2.704200029373169,,29.834794998168945,33.60640001296997,31.091996669769287,,26.695939588546754,20.2413090467453,39.60520067214966,,2024,3
2024-03-04,78.73999786376953,2.585700035095215,2.647200107574463,,29.859403610229492,32.44240665435791,30.720404624938965,,26.977459645271303,20.838529086112977,39.25532076358795,,2024,3
2024-03-05,78.1500015258789,2.5327999591827393,2.6064999103546143,,28.227596759796143,31.322994709014893,29.259396076202393,,27.079189443588255,21.249589061737062,38.73839020729065,,2024,3
2024-03-06,79.12999725341797,2.5539000034332275,2.663300037384033,,28.133802890777588,32.728604316711426,29.665403366088867,,27.203849506378173,21.665449213981628,38.28065009117127,,2024,3
2024-03-07,78.93000030517578,2.554800033569336,2.694700002670288,,28.371601104736328,34.24739980697632,30.330200672149658,,27.27451949119568,22.02472927570343,37.77409992218018,,2024,3
2024-03-08,78.01000213623047,2.5271999835968018,2.640899896621704,,28.132397174835205,32.9077935218811,29.724195957183838,,27.269369339942934,22.32414917945862,37.15980966091156,,2024,3
2024-03-11,77.93000030517578,2.5804998874664307,2.6517999172210693,,30.450994968414307,33.44559621810913,31.449195384979248,,27.333588981628417,22.7757488489151,36.44926924705506,,2024,3
2024-03-12,77.55999755859375,2.586400032043457,2.616499900817871,,31.068803787231445,32.332998275756836,31.490201950073242,,27.396158933639526,23.20385887622833,35.78075904846192,,2024,3
2024-03-13,79.72000122070312,2.6614999771118164,2.6851000785827637,,32.062997817993164,33.05420207977295,32.393399238586426,,27.52975914478302,23.67184908390045,35.245579266548155,,2024,3
2024-03-14,81.26000213623047,2.7032999992370605,2.7088000774383545,,32.278597831726074,32.50960111618042,32.35559892654419,,27.76880898475647,24.252288913726808,34.801849126815796,,2024,3
2024-03-15,81.04000091552734,2.7207999229431152,2.7269999980926514,,33.233595848083496,33.493999004364014,33.320396900177,,28.114118790626527,24.94703862667084,34.448279118537904,,2024,3
2024-03-18,82.72000122070312,2.7572999000549316,2.7881999015808105,,33.086594581604004,34.38439464569092,33.51919460296631,,28.51455862522125,25.65526854991913,34.2331387758255,,2024,3
2024-03-19,83.47000122070312,2.762200117111206,2.760699987411499,,32.54240369796753,32.479398250579834,32.52140188217163,,28.949218773841856,26.40884871482849,34.02995889186859,,2024,3
2024-03-20,81.68000030517578,2.7332000732421875,2.69569993019104,,33.114402770996094,31.5393967628479,32.58940076828003,,29.380149006843567,27.15946900844574,33.82150900363922,,2024,3
2024-03-21,81.06999969482422,2.727099895477295,2.668800115585327,,33.46819591522217,31.01960515975952,32.65199899673462,,29.74826877117157,27.860508608818055,33.5237890958786,,2024,3
2024-03-22,80.62999725341797,2.739799976348877,2.65339994430542,,34.44160175323486,30.812800407409668,33.232001304626465,,30.164198780059813,28.62601854801178,33.24055924415588,,2024,3
2024-03-25,81.94999694824219,2.7483999729156494,2.6786000728607178,,33.48280191421509,30.55120611190796,32.505603313446045,,30.506749081611634,29.337398886680603,32.84544947147369,,2024,3
2024-03-26,81.62000274658203,2.7005999088287354,2.621799945831299,,31.805193424224854,28.49559497833252,30.701993942260742,,30.7809889793396,29.94791884422302,32.447129249572754,,2024,3
2024-03-27,81.3499984741211,2.6847000122070312,2.598599910736084,,31.40740203857422,27.791197776794434,30.202000617980957,,31.17787923812866,30.676189184188843,32.181259346008304,,2024,3
2024-03-28,83.16999816894531,2.7611000537872314,2.615600109100342,,32.79620409011841,26.685206413269043,30.759204864501953,,31.524159502983093,31.38996934890747,31.79253981113434,,2024,3
2024-04-01,83.70999908447266,2.7100000381469727,2.6270999908447266,,30.110002517700195,26.62820053100586,28.94940185546875,,31.417029762268065,31.403729724884034,31.443629837036134,,2024,4
2024-04-02,85.1500015258789,2.7588999271392822,2.711899995803833,,30.723795413970947,28.74979829788208,30.065796375274658,,31.38429934978485,31.446949315071105,31.25899941921234,,2024,4
2024-04-03,85.43000030517578,2.7609000205993652,2.7323999404907227,,30.52780055999756,29.33079719543457,30.128799438476562,,31.42776951789856,31.561959505081177,31.159389543533326,,2024,4
2024-04-04,86.58999633789062,2.7941999435424805,2.741300106048584,,30.766401290893555,28.544608116149902,30.025803565979004,,31.445789527893066,31.693589425086977,30.950189733505248,,2024,4
2024-04-05,86.91000366210938,2.788599967956543,2.7730000019073486,,30.21119499206543,29.555996417999268,29.99279546737671,,31.42891926765442,31.78556911945343,30.715619564056396,,2024,4
2024-04-08,86.43000030517578,2.7486000061035156,2.7286999225616455,,29.011199951171875,28.17539644241333,28.732598781585693,,31.37933940887451,31.829509258270264,30.47899971008301,,2024,4
2024-04-09,85.2300033569336,2.7555999755859375,2.677000045776367,,30.50519561767578,27.203998565673828,29.404796600341797,,31.27711946964264,31.832219290733338,30.166919827461243,,2024,4
2024-04-10,86.20999908447266,2.781599998474121,2.7076001167297363,,30.61720085144043,27.50920581817627,29.581202507019043,,31.181669497489928,31.809639143943787,29.925730204582216,,2024,4
2024-04-11,85.0199966430664,2.7741000652313232,2.6598000526428223,,31.49220609664917,26.69160556793213,29.892005920410156,,31.056599831581117,31.781099557876587,29.607600378990174,,2024,4
2024-04-12,85.66000366210938,2.8029000759124756,2.6851000785827637,,32.0617995262146,27.1141996383667,30.412599563598633,,30.95944986343384,31.77025964260101,29.337830305099487,,2024,4
2024-04-15,85.41000366210938,2.783900022506714,2.6542000770568848,,31.513797283172607,26.066399574279785,29.697998046875,,30.778329920768737,31.68426971435547,28.966450333595276,,2024,4
2024-04-16,85.36000061035156,2.8222999572753906,2.6512999534606934,,33.176597595214844,25.99459743499756,30.782597541809082,,30.641500067710876,31.68876986503601,28.546960473060608,,2024,4
2024-04-17,82.69000244140625,2.7286999225616455,2.574700117111206,,31.91539430618286,25.447402477264404,29.75939702987671,,30.503399825096132,31.657419395446777,28.195360684394835,,2024,4
2024-04-18,82.7300033569336,2.71370005607605,2.533900022506714,,31.245398998260498,23.69379758834839,28.728198528289795,,30.310339713096617,31.563969206809997,27.80308072566986,,2024,4
2024-04-19,83.13999938964844,2.7102999687194824,2.541300058364868,,30.692599296569824,23.594603061676025,28.326600551605225,,30.094069790840148,31.42518937587738,27.431830620765687,,2024,4
2024-04-22,82.8499984741211,2.6854000091552734,2.5604000091552734,,29.93680191040039,24.68680191040039,28.18680191040039,,29.841809821128845,31.199949383735657,27.125530695915224,,2024,4
2024-04-23,83.36000061035156,2.7253000736236572,2.579200029373169,,31.10260248184204,24.966400623321533,29.057201862335205,,29.669389748573302,31.080939412117004,26.8462904214859,,2024,4
2024-04-24,82.80999755859375,2.734299898147583,2.5499000549316406,,32.030598163604736,24.285804748535156,29.449000358581543,,29.606740069389343,31.092209649085998,26.635800909996032,,2024,4
2024-04-25,83.56999969482422,2.75819993019104,2.5504000186920166,,32.27439737319946,23.54680109024048,29.365198612213135,,29.564899969100953,31.135559415817262,26.423581075668334,,2024,4
2024-04-26,83.8499984741211,2.7646000385284424,2.5481998920440674,,32.263203144073486,23.174396991729736,29.233601093292236,,29.488619780540468,31.108909368515015,26.24804060459137,,2024,4
2024-04-29,82.62999725341797,2.748699903488159,2.5313000679016113,,32.81539869308472,23.684605598449707,29.771800994873047,,29.52973973751068,31.24417917728424,26.10086085796356,,2024,4
2024-04-30,81.93000030517578,2.7107999324798584,2.513400077819824,,31.92359685897827,23.632802963256836,29.159998893737793,,29.484449863433838,31.304169249534606,25.8450110912323,,2024,4
2024-05-01,79.0,2.577399969100952,2.451900005340576,,29.25079870223999,23.9798002243042,27.493799209594727,,29.352699851989748,31.240319156646727,25.57746124267578,,2024,5
2024-05-02,78.94999694824219,2.5964999198913574,2.4430999755859375,,30.102999687194824,23.660202026367188,27.955400466918945,,29.249179697036745,31.207149076461793,25.333240938186645,,2024,5
2024-05-03,78.11000061035156,2.5550999641418457,2.4433999061584473,,29.204197883605957,24.512795448303223,27.64039707183838,,29.131559777259827,31.156799221038817,25.081080889701845,,2024,5
2024-05-06,78.4800033569336,2.588200092315674,2.461400032043457,,30.224400520324707,24.8987979888916,28.449199676513672,,29.117389822006224,31.21745924949646,24.91725096702576,,2024,5
2024-05-07,78.37999725341797,2.5434000492095947,2.46560001373291,,28.44280481338501,25.175203323364258,27.353604316711426,,29.01483020782471,31.11433970928192,24.81581120491028,,2024,5
2024-05-08,78.98999786376953,2.5318000316619873,2.476099967956543,,27.345603466033936,25.006200790405273,26.565802574157715,,28.86406021118164,30.950759840011596,24.69066095352173,,2024,5
2024-05-09,79.26000213623047,2.541800022125244,2.47760009765625,,27.495598793029785,24.79920196533203,26.596799850463867,,28.699299907684328,30.750929474830627,24.596040773391724,,2024,5
2024-05-10,78.26000213623047,2.4997000694274902,2.4344000816345215,,26.72740077972412,23.984801292419434,25.81320095062256,,28.46932997703552,30.484209537506104,24.43957085609436,,2024,5
2024-05-13,79.12000274658203,2.510499954223633,2.436800003051758,,26.320995330810547,23.225597381591797,25.289196014404297,,28.248889875411987,30.224569439888,24.297530746459962,,2024,5
2024-05-14,78.0199966430664,2.4595999717712402,2.4200000762939453,,25.283202171325684,23.620006561279297,24.728803634643555,,27.94620018005371,29.829899668693542,24.178801202774046,,2024,5
2024-05-15,78.62999725341797,2.496799945831299,2.423099994659424,,26.235600471496582,23.140202522277832,25.203801155090332,,27.718420386314392,29.54590997695923,24.06344120502472,,2024,5
2024-05-16,79.2300033569336,2.5378000736236572,2.443700075149536,,27.35759973526001,23.405399799346924,26.040199756622314,,27.584020447731017,29.351520013809203,24.049021315574645,,2024,5
2024-05-17,80.05999755859375,2.574199914932251,2.486299991607666,,28.05639886856079,24.364602088928223,26.8257999420166,,27.508980417251585,29.219709992408752,24.087521266937255,,2024,5
2024-05-20,79.80000305175781,2.539900064468384,2.4870998859405518,,26.875799655914307,24.65819215774536,26.136597156524658,,27.4064701795578,29.066659879684448,24.086090779304506,,2024,5
2024-05-21,79.26000213623047,2.509999990463257,2.4623000621795654,,26.15999746322632,24.15660047531128,25.49219846725464,,27.22822000980377,28.819529628753664,24.04560077190399,,2024,5
2024-05-22,77.56999969482422,2.4677999019622803,2.43179988861084,,26.077596187591553,24.565595626831055,25.573596000671387,,27.034449791908266,28.521879529953004,24.059590315818788,,2024,5
2024-05-23,76.87000274658203,2.469399929046631,2.411799907684326,,26.844794273376465,24.425593376159668,26.0383939743042,,26.86810956001282,28.25039937496185,24.103529930114746,,2024,5
2024-05-24,77.72000122070312,2.4842000007629395,2.413599967956543,,26.616398811340332,23.65119743347168,25.62799835205078,,26.687829422950745,27.968059158325197,24.127369952201843,,2024,5
2024-05-28,79.83000183105469,2.509000062942505,2.4649999141693115,,25.548000812530518,23.699994564056396,24.93199872970581,,26.44583930969238,27.604689264297484,24.128139400482176,,2024,5
2024-05-29,79.2300033569336,2.464400053024292,2.437000036239624,,24.27479887008667,23.123998165130615,23.89119863510132,,26.182399296760558,27.222249364852907,24.102699160575867,,2024,5
2024-05-30,77.91000366210938,2.404599905014038,2.3694000244140625,,23.083192348480225,21.60479736328125,22.590394020080566,,25.93722903728485,26.913869047164916,23.98394901752472,,2024,5
2024-05-31,76.98999786376953,2.4260001182556152,2.363600015640259,,24.90200710296631,22.281202793121338,24.02840566635132,,25.74087929725647,26.653819417953493,23.914999055862427,,2024,5
2024-06-03,74.22000122070312,2.335599899291992,2.2962000370025635,,23.875194549560547,22.22040033340454,23.323596477508545,,25.525039267539977,26.387369251251222,23.80037930011749,,2024,6
2024-06-04,73.25,2.3494999408721924,2.285900115966797,,25.42899751663208,22.75780487060547,24.538599967956543,,25.32950928211212,26.14759910106659,23.693329644203185,,2024,6
2024-06-05,74.06999969482422,2.353600025177002,2.301100015640259,,24.781201362609863,22.57620096206665,24.04620122909546,,25.164139127731325,25.96451892852783,23.563379526138306,,2024,6
2024-06-06,75.55000305175781,2.3975000381469727,2.357599973678589,,25.14499855041504,23.46919584274292,24.586397647857666,,25.06516888141632,25.854488682746886,23.48652927875519,,2024,6
2024-06-07,75.52999877929688,2.3826000690460205,2.3517000675201416,,24.539204120635986,23.241404056549072,24.10660409927368,,24.940659093856812,25.7066689491272,23.40863938331604,,2024,6
2024-06-10,77.73999786376953,2.410900115966797,2.4147000312805176,,23.517807006835938,23.677403450012207,23.571005821228027,,24.828549337387084,25.546189260482787,23.393269491195678,,2024,6
2024-06-11,77.9000015258789,2.408900022506714,2.421299934387207,,23.273799419403076,23.79459571838379,23.44739818572998,,24.73645944595337,25.393829464912415,23.42171940803528,,2024,6
2024-06-12,78.5,2.394399881362915,2.4407999515533447,,22.06479501724243,24.01359796524048,22.714395999908447,,24.635739064216615,25.23290910720825,23.441398978233337,,2024,6
2024-06-13,78.62000274658203,2.415600061416626,2.486799955368042,,22.83519983291626,25.825595378875732,23.831998348236084,,24.5671489238739,25.062889075279237,23.575668621063233,,2024,6
2024-06-14,78.44999694824219,2.399600028991699,2.470599889755249,,22.33320426940918,25.31519842147827,23.327202320098877,,24.43149905204773,24.811669301986694,23.6711585521698,,2024,6
2024-06-17,80.33000183105469,2.446899890899658,2.4825000762939453,,22.439793586730957,23.935001373291016,22.938196182250977,,24.237118864059447,24.530839037895202,23.64967851638794,,2024,6
2024-06-18,81.56999969482422,2.4832000732421875,2.5208001136779785,,22.724403381347656,24.30360507965088,23.25080394744873,,24.092829203605653,24.32326922416687,23.631949162483217,,2024,6
2024-06-20,82.16999816894531,2.5007998943328857,2.5244998931884766,,22.86359739303589,23.858997344970703,23.19539737701416,,23.977989149093627,24.15844922065735,23.617069005966187,,2024,6
2024-06-21,80.7300033569336,2.513700008392334,2.491499900817871,,24.845396995544434,23.912992477416992,24.534595489501953,,23.926039123535155,24.096839261054992,23.584438848495484,,2024,6
2024-06-24,81.62999725341797,2.5114998817443848,2.521399974822998,,23.85299777984619,24.26880168914795,23.991599082946777,,23.823699378967284,23.947249436378478,23.576599264144896,,2024,6
2024-06-25,80.83000183105469,2.514699935913086,2.509399890899658,,24.787395477294922,24.564793586730957,24.713194847106934,,23.777959203720094,23.855799269676208,23.62227907180786,,2024,6
2024-06-26,80.9000015258789,2.544600009918213,2.5374999046325684,,25.973198890686035,25.674994468688965,25.87379741668701,,23.825049138069154,23.877059173583984,23.72102906703949,,2024,6
2024-06-27,81.73999786376953,2.545599937438965,2.547600030899048,,25.175199508666992,25.25920343399048,25.203200817108154,,23.890649247169495,23.922079205513,23.82778933048248,,2024,6
2024-06-28,81.54000091552734,2.529099941253662,2.516900062561035,,24.682196617126465,24.169801712036133,24.511398315429688,,23.98669946193695,24.002029418945312,23.956039547920227,,2024,6
2024-07-01,83.37999725341797,2.5782999992370605,2.6147000789642334,,24.908602714538574,26.437406063079834,25.418203830718994,,24.056189370155334,24.002359199523926,24.163849711418152,,2024,7
2024-07-02,82.80999755859375,2.5734000205993652,2.629699945449829,,25.27280330657959,27.637400150299072,26.061002254486084,,24.193059659004213,24.072239637374878,24.43469970226288,,2024,7
2024-07-03,83.87999725341797,2.601300001144409,2.6342999935150146,,25.374602794647217,26.760602474212646,25.836602687835693,,24.25795979499817,24.069519901275633,24.634839582443238,,2024,7
2024-07-05,83.16000366210938,2.5590999126434326,2.602400064468384,,24.322192668914795,26.140799045562744,24.92839479446411,,24.302069473266602,24.04656946659088,24.81306948661804,,2024,7
2024-07-08,82.33000183105469,2.537899971008301,2.5790998935699463,,24.261796951293945,25.992193698883057,24.838595867156982,,24.314679384231567,24.002409386634827,24.939219379425047,,2024,7
2024-07-09,81.41000366210938,2.527400016784668,2.5236001014709473,,24.74079704284668,24.58120059967041,24.68759822845459,,24.343729090690612,24.01248903274536,25.006209206581115,,2024,7
2024-07-10,82.0999984741211,2.5034000873565674,2.518399953842163,,23.042805194854736,23.672799587249756,23.252803325653076,,24.327818965911867,23.988738942146302,25.005979013442992,,2024,7
2024-07-11,82.62000274658203,2.5178000926971436,2.518199920654297,,23.127601146697998,23.144393920898438,23.133198738098145,,24.312108993530273,23.981429028511048,24.973468923568724,,2024,7
2024-07-12,82.20999908447266,2.5153000354766846,2.5095999240875244,,23.432602405548096,23.19319772720337,23.352800846099854,,24.344029235839844,24.04981939792633,24.93244891166687,,2024,7
2024-07-15,81.91000366210938,2.4916000366210938,2.5136001110076904,,22.737197875976562,23.661201000213623,23.045198917388916,,24.304689264297487,24.044919300079346,24.824229192733764,,2024,7
2024-07-16,80.76000213623047,2.4774999618530273,2.4688000679016113,,23.29499626159668,22.929600715637207,23.173197746276855,,24.296989035606384,24.09300889968872,24.704949307441712,,2024,7
2024-07-17,82.8499984741211,2.501300096511841,2.49399995803833,,22.20460557937622,21.89799976348877,22.10240364074707,,24.25519940853119,24.081249499320982,24.6030992269516,,2024,7
2024-07-18,82.81999969482422,2.516400098800659,2.486799955368042,,22.868804454803467,21.625598430633545,22.454402446746826,,24.215379333496095,24.088469552993775,24.46919889450073,,2024,7
2024-07-19,80.12999725341797,2.4504001140594482,2.419100046157837,,22.786807537078857,21.47220468521118,22.3486065864563,,24.1730397939682,24.084630060195924,24.349859261512755,,2024,7
2024-07-22,79.77999877929688,2.470599889755249,2.434799909591675,,23.985196590423584,22.481597423553467,23.483996868133545,,24.12050986289978,24.04162003993988,24.27828950881958,,2024,7
2024-07-23,76.95999908447266,2.414099931716919,2.409899950027466,,24.43219804763794,24.255798816680908,24.373398303985596,,24.13959982395172,24.07058005332947,24.27763936519623,,2024,7
2024-07-24,77.58999633789062,2.4514999389648438,2.452399969100952,,25.373001098632812,25.410802364349365,25.38560152053833,,24.17322015762329,24.09986033439636,24.319939804077148,,2024,7
2024-07-25,78.27999877929688,2.467600107192993,2.4711999893188477,,25.359205722808838,25.510400772094727,25.4096040725708,,24.15001049041748,24.069160676002504,24.311710119247437,,2024,7
2024-07-26,77.16000366210938,2.4605000019073486,2.4196999073028564,,26.180996417999268,24.467392444610596,25.609795093536377,,24.17034020423889,24.119450521469116,24.272119569778443,,2024,7
2024-07-29,75.80999755859375,2.415299892425537,2.375,,25.63259792327881,23.94000244140625,25.06839942932129,,24.198190259933472,24.166970586776735,24.260629606246948,,2024,7
2024-07-30,74.7300033569336,2.3870999813079834,2.3368000984191895,,25.52819585800171,23.415600776672363,24.823997497558594,,24.16847994327545,24.19795024394989,24.109539341926574,,2024,7
2024-07-31,77.91000366210938,2.4820001125335693,2.4154999256134033,,26.334001064300537,23.540993213653564,25.402998447418213,,24.13557975292206,24.251010131835937,23.9047189950943,,2024,7
2024-08-01,76.30999755859375,2.3980000019073486,2.406399965286255,,24.406002521514893,24.758800983428955,24.52360200881958,,24.069929718971252,24.20258011817932,23.804628920555114,,2024,8
2024-08-02,73.5199966430664,2.3176000118255615,2.31850004196167,,23.819203853607178,23.85700511932373,23.831804275512695,,24.01510019302368,24.17743067741394,23.690439224243164,,2024,8
2024-08-05,72.94000244140625,2.3336000442504883,2.2985999584198,,25.071199417114258,23.601195812225342,24.58119821548462,,24.002230310440062,24.217900800704957,23.57088932991028,,2024,8
2024-08-06,73.19999694824219,2.326200008392334,2.295799970626831,,24.50040340423584,23.223601818084717,24.0748028755188,,23.971590542793273,24.205881118774414,23.503009390830993,,2024,8
2024-08-07,75.2300033569336,2.357300043106079,2.355600118637085,,23.77659845352173,23.705201625823975,23.75279951095581,,23.996590352058412,24.242570781707762,23.504629492759705,,2024,8
2024-08-08,76.19000244140625,2.399199962615967,2.357800006866455,,24.576395988464355,22.837597846984863,23.99679660797119,,24.039770245552063,24.315010523796083,23.489289689064027,,2024,8
2024-08-09,76.83999633789062,2.3903000354766846,2.3396999835968018,,23.552605152130127,21.42740297317505,22.844204425811768,,24.014340424537657,24.321010661125182,23.40099995136261,,2024,8
2024-08-12,80.05999755859375,2.4428999423980713,2.4065001010894775,,22.541800022125244,21.013006687164307,22.03220224380493,,23.96369059085846,24.31124076843262,23.268590235710143,,2024,8
2024-08-13,78.3499984741211,2.3747000694274902,2.38919997215271,,21.387404441833496,21.996400356292725,21.590403079986572,,23.884550857543946,24.21586117744446,23.22193021774292,,2024,8
2024-08-14,76.9800033569336,2.3210999965667725,2.3682000637054443,,20.50619649887085,22.48439931869507,21.165597438812256,,23.837710547447205,24.13094072341919,23.251250195503236,,2024,8
2024-08-15,78.16000366210938,2.3580000400543213,2.3778998851776123,,20.87599802017212,21.711791515350342,21.154595851898193,,23.772720217704773,24.031300401687623,23.255559849739075,,2024,8
2024-08-16,76.6500015258789,2.3101999759674072,2.328700065612793,,20.378397464752197,21.1554012298584,20.637398719787598,,23.68715982437134,23.91087989807129,23.239719676971436,,2024,8
2024-08-19,74.37000274658203,2.2637999057769775,2.2634999752044678,,20.709593296051025,20.696996212005615,20.70539426803589,,23.548229694366455,23.747099733352663,23.150489616394044,,2024,8
2024-08-20,74.04000091552734,2.2562999725341797,2.263200044631958,,20.724597930908203,21.014400959014893,20.8211989402771,,23.37061972618103,23.561719727516174,22.98841972351074,,2024,8
2024-08-21,71.93000030517578,2.2049999237060547,2.2497000694274902,,20.679996490478516,22.55740261077881,21.305798530578613,,23.166629576683043,23.32706949710846,22.845749735832214,,2024,8
2024-08-22,73.01000213623047,2.2437000274658203,2.2634999752044678,,21.225399017333984,22.056996822357178,21.50259828567505,,22.971279287338255,23.120379161834716,22.673079538345338,,2024,8
2024-08-23,74.83000183105469,2.285099983215332,2.2997000217437744,,21.144197463989258,21.757399082183838,21.34859800338745,,22.75821943283081,22.868539214134216,22.537579870224,,2024,8
2024-08-26,77.41999816894531,2.279900074005127,2.3480000495910645,,18.33580493927002,21.196003913879395,19.289204597473145,,22.469259691238403,22.503699564933775,22.400379943847657,,2024,8
2024-08-27,75.52999877929688,2.2469000816345215,2.2862000465393066,,18.839804649353027,20.490403175354004,19.39000415802002,,22.197560024261474,22.169280004501342,22.254120063781738,,2024,8
2024-08-28,74.5199966430664,2.2147998809814453,2.229099988937378,,18.501598358154297,19.102202892303467,18.701799869537354,,21.86250009536743,21.777659869194032,22.032180547714233,,2024,8
2024-08-29,75.91000366210938,2.2476999759674072,2.2839999198913574,,18.49339532852173,20.017992973327637,19.00159454345703,,21.586399722099305,21.482029509544372,21.795140147209167,,2024,8
2024-08-30,73.55000305175781,2.211699962615967,2.251499891281128,,19.341395378112793,21.01299238204956,19.89859437942505,,21.38973922729492,21.258139085769653,21.65293951034546,,2024,8
2024-09-03,70.33999633789062,1.9776999950408936,2.2060000896453857,,12.723403453826904,22.312007427215576,15.919604778289795,,20.95665955543518,20.640749287605285,21.588480091094972,,2024,9
2024-09-04,69.19999694824219,1.9617999792099,2.1575000286102295,,13.195602178573608,21.41500425338745,15.935402870178223,,20.54968955516815,20.075509226322175,21.498050212860107,,2024,9
2024-09-05,69.1500015258789,1.9257999658584595,2.1689000129699707,,11.733597040176392,21.943799018859863,15.136997699737549,,20.11889946460724,19.473359155654908,21.4099800825119,,2024,9
2024-09-06,67.66999816894531,1.8960000276565552,2.115000009536743,,11.962002992630005,21.1600022315979,15.028002738952637,,19.67045977115631,18.84263950586319,21.326100301742553,,2024,9
2024-09-09,68.70999908447266,1.9204000234603882,2.139400005340576,,11.946801900863647,21.144801139831543,15.01280164718628,,19.278889632225038,18.262349343299867,21.31197021007538,,2024,9
2024-09-10,65.75,1.8700000047683716,2.058000087738037,,12.790000200271606,20.68600368499756,15.422001361846924,,18.948379588127136,17.774759352207184,21.295620059967042,,2024,9
2024-09-11,67.30999755859375,1.8971999883651733,2.0917000770568848,,12.37240195274353,20.54140567779541,15.09540319442749,,18.62362959384918,17.324009227752686,21.222870326042177,,2024,9
2024-09-12,68.97000122070312,1.9270000457763672,2.118799924850464,,11.964000701904297,20.019595623016357,14.64919900894165,,18.29780967235565,16.89689943790436,21.09963014125824,,2024,9
2024-09-13,68.6500015258789,1.9301999807357788,2.0843000411987305,,12.418397665023804,18.890600204467773,14.575798511505127,,17.968869805336,16.47401942014694,20.958570575714113,,2024,9
2024-09-16,70.08999633789062,1.9681999683380127,2.0968000888824463,,12.574402332305908,17.97560739517212,14.374804019927979,,17.65574007034302,16.08381966352463,20.799580883979797,,2024,9
2024-09-17,71.19000244140625,2.0018999576568604,2.136699914932251,,12.889795780181885,18.55139398574829,14.776995182037354,,17.35932011604309,15.69282978773117,20.692300772666933,,2024,9
2024-09-18,70.91000366210938,2.010699987411499,2.1475000381469727,,13.539395809173584,19.284997940063477,15.454596519470215,,17.090989995002747,15.33356968164444,20.60583062171936,,2024,9
2024-09-19,71.94999694824219,2.059999942779541,2.171999931335449,,14.570000648498535,19.27400016784668,16.13800048828125,,16.83260009288788,15.02806988954544,20.441660499572755,,2024,9
2024-09-20,71.91999816894531,2.036400079727173,2.1614999771118164,,13.608805179595947,18.863000869750977,15.360203742980957,,16.525480365753175,14.647240197658538,20.281960701942445,,2024,9
2024-09-23,70.37000274658203,1.9902000427246094,2.1451001167297363,,13.218399047851562,19.724202156066895,15.38700008392334,,16.22740046977997,14.250950276851654,20.180300855636595,,2024,9
2024-09-24,71.55999755859375,2.0297000408172607,2.180500030517578,,13.687404155731201,20.02100372314453,15.798604011535645,,16.052870440483094,14.018530237674714,20.121550846099854,,2024,9
2024-09-25,69.69000244140625,1.999899983406067,2.1602001190185547,,14.30579686164856,21.038402557373047,16.54999876022339,,15.910870170593261,13.79182984828949,20.148950815200806,,2024,9
2024-09-26,67.66999816894531,1.961300015449524,2.1361000537872314,,14.704602479934692,22.046204090118408,17.151803016662598,,15.833370327949524,13.60198005437851,20.296150875091552,,2024,9
2024-09-27,68.18000030517578,1.9529999494552612,2.132699966430664,,13.84599757194519,21.39339828491211,16.36179780960083,,15.701380491256714,13.369610166549682,20.364921140670777,,2024,9
2024-09-30,68.16999816894531,1.9621000289916992,2.1317999362945557,,14.238203048706055,21.365599155426025,16.614001750946045,,15.537150859832764,13.114450550079345,20.3825514793396,,2024,9
2024-10-01,69.83000183105469,1.966599941253662,2.1742000579833984,,12.767195701599121,21.486400604248047,15.67359733581543,,15.524850487709045,13.116640162467956,20.341271138191225,,2024,10
2024-10-02,70.0999984741211,1.9859000444412231,2.1821000576019287,,13.307803392410278,21.548203945159912,16.054603576660156,,15.530810523033143,13.12225022315979,20.347931122779848,,2024,10
2024-10-03,73.70999908447266,2.092600107192993,2.2946999073028564,,14.179205417633057,22.667397022247314,17.008602619171143,,15.624390769004822,13.244530642032624,20.38411102294922,,2024,10
2024-10-04,74.37999725341797,2.0957999229431152,2.312700033187866,,13.643599510192871,22.753404140472412,16.680201053619385,,15.707000684738158,13.328610467910767,20.463781118392944,,2024,10
2024-10-07,77.13999938964844,2.1538000106811523,2.396199941635132,,13.319601058959961,23.5003981590271,16.713200092315674,,15.79202060699463,13.397250425815582,20.581560969352722,,2024,10
2024-10-08,73.56999969482422,2.0680999755859375,2.2971999645233154,,13.290199279785156,22.91239881515503,16.497599124908447,,15.845800495147705,13.42226037979126,20.692880725860597,,2024,10
2024-10-09,73.23999786376953,2.0664000511169434,2.276900053024292,,13.54880428314209,22.389804363250732,16.49580430984497,,15.915820550918578,13.481080496311188,20.785300660133363,,2024,10
2024-10-10,75.8499984741211,2.150899887084961,2.3508999347686768,,14.487796783447266,22.88779878616333,17.287797451019287,,16.04775047302246,13.607270300388336,20.92871081829071,,2024,10
2024-10-11,75.55999755859375,2.151599884033203,2.343899965286255,,14.807197570800781,22.883800983428955,17.499398708343506,,16.19393048286438,13.726710295677185,21.12837085723877,,2024,10
2024-10-14,73.83000183105469,2.108599901199341,2.274199962615967,,14.731194019317627,21.686396598815918,17.04959487915039,,16.3276700258255,13.83454988002777,21.31391031742096,,2024,10
2024-10-15,70.58000183105469,2.0376999378204346,2.187700033187866,,15.003395557403564,21.303399562835693,17.103396892547607,,16.443990111351013,13.940229868888855,21.45151059627533,,2024,10
2024-10-16,70.38999938964844,2.040299892425537,2.1747000217437744,,15.302596092224121,20.947401523590088,17.184197902679443,,16.530470180511475,14.028389883041381,21.53463077545166,,2024,10
2024-10-17,70.66999816894531,2.046799898147583,2.194499969482422,,15.295597553253174,21.499000549316406,17.363398551940918,,16.591740083694457,14.064669728279114,21.645880794525148,,2024,10
2024-10-18,69.22000122070312,2.002000093460083,2.1521999835968018,,14.864002704620361,21.17239809036255,16.966801166534424,,16.672069954872132,14.127429604530334,21.761350655555724,,2024,10
2024-10-21,70.55999755859375,2.014699935913086,2.183300018310547,,14.05739974975586,21.13860321044922,16.417800903320312,,16.72360999584198,14.16937963962555,21.83207070827484,,2024,10
2024-10-22,72.08999633789062,2.071500062942505,2.236999988555908,,14.91300630569458,21.86400318145752,17.230005264282227,,16.79518005847931,14.230659747123719,21.92422068119049,,2024,10
2024-10-23,70.7699966430664,2.0413999557495117,2.22160005569458,,14.968801498413086,22.537205696105957,17.491602897644043,,16.84226026535034,14.263809978961945,21.999160838127136,,2024,10
2024-10-24,70.19000244140625,2.0276999473571777,2.2023000717163086,,14.973395347595215,22.30660057067871,17.417797088623047,,16.855559968948363,14.277249622344971,22.012180662155153,,2024,10
2024-10-25,71.77999877929688,2.0785000324249268,2.238100051879883,,15.517002582550049,22.220203399658203,17.751402854919434,,16.925040221214296,14.360799872875214,22.053520917892456,,2024,10
2024-10-28,67.37999725341797,1.9664000272750854,2.1285998821258545,,15.20880389213562,22.02119779586792,17.479601860046387,,16.968320226669313,14.409329915046692,22.08630084991455,,2024,10
2024-10-29,67.20999908447266,1.951799988746643,2.133699893951416,,14.765600442886353,22.405396461486816,17.312199115753174,,17.050250315666197,14.509250152111054,22.13225064277649,,2024,10
2024-10-30,68.61000061035156,1.9957000017166138,2.1875998973846436,,15.209399461746216,23.269195079803467,17.895998001098633,,17.142320036888123,14.60432995557785,22.21830019950867,,2024,10
2024-10-31,69.26000213623047,2.003499984741211,2.2195000648498535,,14.88699722290039,23.95900058746338,17.910998344421387,,17.187439823150633,14.639719545841217,22.28288037776947,,2024,10
2024-11-01,69.48999786376953,1.9665000438690186,2.2342000007629395,,13.103003978729248,24.346402168273926,16.85080337524414,,17.195969939231873,14.612689769268036,22.362530279159547,,2024,11
2024-11-04,71.47000122070312,2.019200086593628,2.28410005569458,,13.336402416229248,24.46220111846924,17.045001983642578,,17.21256003379822,14.6135298371315,22.410620427131654,,2024,11
2024-11-05,71.98999786376953,2.044600009918213,2.3041999340057373,,13.88320255279541,24.786399364471436,17.517601490020752,,17.263560152053834,14.643180000782014,22.504320454597472,,2024,11
2024-11-06,71.69000244140625,2.035399913787842,2.2699999809265137,,13.796793937683105,23.649996757507324,17.08119487762451,,17.29282968044281,14.655579483509063,22.567330074310302,,2024,11
2024-11-07,72.36000061035156,2.0536000728607178,2.286400079727173,,13.891202449798584,23.668802738189697,17.150402545928955,,17.285959935188295,14.62574976682663,22.606380271911622,,2024,11
2024-11-08,70.37999725341797,2.012500047683716,2.2388999462127686,,14.145004749298096,23.65380048751831,17.314603328704834,,17.27672016620636,14.592640125751496,22.644880247116088,,2024,11
2024-11-11,68.04000091552734,1.9570000171661377,2.1975998878479004,,14.15399980545044,24.259194374084473,17.522397994995117,,17.300360321998596,14.563780415058137,22.773520135879515,,2024,11
2024-11-12,68.12000274658203,1.9643000364303589,2.2107999324798584,,14.380598783493042,24.73359441757202,17.831597328186035,,17.33677034378052,14.53264057636261,22.94502987861633,,2024,11
2024-11-13,68.43000030517578,1.9651000499725342,2.2193000316619873,,14.104201793670654,24.780601024627686,17.663001537322998,,17.360710525512694,14.472720861434937,23.136689853668212,,2024,11
2024-11-14,68.69999694824219,1.9816999435424805,2.2123000621795654,,14.531400680541992,24.21660566329956,17.75980234146118,,17.38053071498871,14.434511017799377,23.272570109367372,,2024,11
2024-11-15,67.0199966430664,1.9493000507354736,2.1709001064300537,,14.850605487823486,24.15780782699585,17.953006267547607,,17.42984097003937,14.433841156959534,23.421840596199036,,2024,11
2024-11-18,69.16000366210938,2.0183000564575195,2.2513999938964844,,15.608598709106445,25.39879608154297,18.871997833251953,,17.55255081653595,14.511401104927064,23.634850239753725,,2024,11
2024-11-19,69.38999938964844,2.0376999378204346,2.2402000427246094,,16.193397998809814,24.698402404785156,19.02839946746826,,17.642470526695252,14.575420689582824,23.776570200920105,,2024,11
2024-11-20,68.87000274658203,2.045799970626831,2.226300001144409,,17.053596019744873,24.634597301483154,19.580596446990967,,17.7469202041626,14.679660415649414,23.881439781188966,,2024,11
2024-11-21,70.0999984741211,2.0594000816345215,2.274399995803833,,16.39480495452881,25.424801349639893,19.40480375289917,,17.846270537376405,14.750730895996094,24.037349820137024,,2024,11
2024-11-22,71.23999786376953,2.0613999366760254,2.274899959564209,,15.338799476623535,24.305800437927246,18.327799797058105,,17.875090384483336,14.741820740699769,24.141629672050477,,2024,11
2024-11-25,68.94000244140625,2.000499963760376,2.235300064086914,,15.080996036529541,24.94260025024414,18.368197441101074,,17.91952016353607,14.735430347919465,24.28769979476929,,2024,11
2024-11-26,68.7699966430664,1.9917999505996704,2.2404000759124756,,14.885601282119751,25.32680654525757,18.366003036499023,,17.972210359573364,14.741430389881135,24.433770298957825,,2024,11
2024-11-27,68.72000122070312,1.9733999967575073,2.2035999298095703,,14.162798643112183,23.831195831298828,17.385597705841064,,17.946690344810484,14.689100348949433,24.46187033653259,,2024,11
2024-11-29,68.0,1.9436999559402466,2.193000078201294,,13.635398149490356,24.106003284454346,17.12559986114502,,17.907420420646666,14.62652039527893,24.46922047138214,,2024,11
2024-12-02,68.0999984741211,1.917199969291687,2.1777000427246094,,12.42240023612976,23.3634033203125,16.069401264190674,,17.868350315093995,14.592490208148956,24.42007052898407,,2024,12
2024-12-03,69.94000244140625,1.962399959564209,2.2177000045776367,,12.480795860290527,23.203397750854492,16.054996490478516,,17.81885004043579,14.54970988035202,24.357130360603332,,2024,12
2024-12-04,68.54000091552734,1.9391000270843506,2.1673998832702637,,12.90220022201538,22.49079418182373,16.098398208618164,,17.74788987636566,14.500659763813019,24.242350101470947,,2024,12
2024-12-05,68.30000305175781,1.9325000047683716,2.1556999683380127,,12.864997148513794,22.23939561843872,15.98979663848877,,17.693319964408875,14.454069924354553,24.171820044517517,,2024,12
2024-12-06,67.19999694824219,1.9062000513076782,2.1326000690460205,,12.860405206680298,22.369205951690674,16.03000545501709,,17.637300109863283,14.40253006219864,24.106840205192565,,2024,12
2024-12-09,68.37000274658203,1.9524999856948853,2.183500051498413,,13.63499665260315,23.33699941635132,16.86899757385254,,17.615019822120665,14.377029657363892,24.091000151634216,,2024,12
2024-12-10,68.58999633789062,1.9567999839782715,2.1861000061035156,,13.595602989196777,23.22620391845703,16.805803298950195,,17.57919008731842,14.34910981655121,24.039350628852844,,2024,12
2024-12-11,70.29000091552734,1.98580002784729,2.223299980163574,,13.113600254058838,23.088598251342773,16.438599586486816,,17.50954020023346,14.285759890079499,23.95710082054138,,2024,12
2024-12-12,70.0199966430664,1.9884999990463257,2.236599922180176,,13.497003316879272,23.917200088500977,16.970402240753174,,17.47491023540497,14.25539996623993,23.913930773735046,,2024,12
2024-12-13,71.29000091552734,2.001800060272217,2.2699999809265137,,12.785601615905762,24.04999828338623,16.540400505065918,,17.413940143585204,14.168110013008118,23.90560040473938,,2024,12
2024-12-16,70.70999908447266,1.9757000207901,2.2639999389648438,,12.269401788711548,24.37799835205078,16.30560064315796,,17.331569862365722,14.039049828052521,23.916609930992127,,2024,12
2024-12-17,70.08000183105469,1.9438999891281128,2.2279000282287598,,11.56379771232605,23.491799354553223,15.539798259735107,,17.164959883689882,13.836809778213501,23.82126009464264,,2024,12
2024-12-18,70.58000183105469,1.9428000450134277,2.255000114440918,,11.017600059509277,24.130002975463867,15.38840103149414,,16.982959961891176,13.578019881248474,23.792840123176575,,2024,12
2024-12-19,69.91000366210938,1.9227999448776245,2.2376999855041504,,10.847594022750854,24.07339572906494,15.256194591522217,,16.766739869117735,13.267719781398773,23.764780044555664,,2024,12
2024-12-20,69.45999908447266,1.94159996509552,2.2316999435424805,,12.087199449539185,24.271398544311523,16.14859914779663,,16.60392963886261,13.052339506149291,23.707109904289247,,2024,12
2024-12-23,69.23999786376953,1.9383000135421753,2.226300001144409,,12.168602705001831,24.264602184295654,16.200602531433105,,16.49756977558136,12.893829667568207,23.705049991607666,,2024,12
2024-12-24,70.0999984741211,1.958899974822998,2.2214999198913574,,12.173800468444824,23.202998161315918,15.850199699401855,,16.3716698884964,12.748469889163971,23.618069887161255,,2024,12
2024-12-26,69.62000274658203,1.9457999467849731,2.2053000926971436,,12.10359501838684,23.002601146697998,15.736597061157227,,16.240199589729308,12.609369575977325,23.501859617233276,,2024,12
2024-12-27,70.5999984741211,1.9581999778747559,2.244800090789795,,11.644400596618652,23.681605339050293,15.6568021774292,,16.153759813308717,12.483449673652649,23.49438009262085,,2024,12
2024-12-30,70.98999786376953,1.9763000011444092,2.299499988555908,,12.014602184295654,25.589001655578613,16.53940200805664,,16.124449920654296,12.402409875392914,23.568530011177064,,2024,12
2024-12-31,71.72000122070312,2.001499891281128,2.3206000328063965,,12.342994213104248,25.745200157165527,16.810396194458008,,16.161499667167664,12.398439574241639,23.687619853019715,,2024,12
2025-01-02,73.12999725341797,2.0518999099731445,2.3540000915527344,,13.049798965454102,25.738006591796875,17.27920150756836,,16.222709918022154,12.426889729499816,23.814350295066834,,2025,1
2025-01-03,73.95999908447266,2.0536999702453613,2.3478000164031982,,12.29539966583252,24.64760160446167,16.412800312042236,,16.23843002319336,12.396549701690674,23.92219066619873,,2025,1
2025-01-06,73.55999755859375,2.0355000495910645,2.3552000522613525,,11.931004524230957,25.358404636383057,16.40680456161499,,16.259280419349672,12.349850070476531,24.078141117095946,,2025,1
2025-01-07,74.25,2.026599884033203,2.366300106048584,,10.867195129394531,25.134604454040527,15.622998237609863,,16.23893005847931,12.250189566612244,24.21641104221344,,2025,1
2025-01-08,73.31999969482422,2.010200023651123,2.3506999015808105,,11.10840129852295,25.409396171569824,15.875399589538574,,16.18925015926361,12.123859798908233,24.320030879974365,,2025,1
2025-01-09,73.91999816894531,2.0283000469207764,2.378200054168701,,11.268603801727295,25.964404106140137,16.167203903198242,,16.157320189476014,12.007509839534759,24.45694088935852,,2025,1
2025-01-10,76.56999969482422,2.074899911880493,2.501699924468994,,10.575796604156494,28.501397132873535,16.550996780395508,,16.162940049171446,11.880619657039642,24.72758083343506,,2025,1
2025-01-13,78.81999969482422,2.1003000736236572,2.5332999229431152,,9.392603397369385,27.57859706878662,15.454601287841797,,16.087150001525877,11.675399661064148,24.91065068244934,,2025,1
2025-01-14,77.5,2.104599952697754,2.5253000259399414,,10.893198013305664,28.56260108947754,16.78299903869629,,16.099279928207398,11.580779480934144,25.136280822753907,,2025,1
2025-01-15,80.04000091552734,2.158900022506714,2.6135001182556152,,10.633800029754639,29.727004051208496,16.998201370239258,,16.13390996456146,11.498999392986297,25.403731107711792,,2025,1
2025-01-16,78.68000030517578,2.123199939727783,2.6171998977661133,,10.494397163391113,31.242395401000977,17.410396575927734,,16.227439880371094,11.445529365539551,25.79126091003418,,2025,1
2025-01-17,77.87999725341797,2.1122000217437744,2.621000051498413,,10.832403659820557,32.20200490951538,17.955604076385498,,16.35580003261566,11.436269545555115,26.194861006736755,,2025,1
2025-01-21,75.88999938964844,2.0843000411987305,2.5580999851226807,,11.650602340698242,31.55019998550415,18.283801555633545,,16.50718038082123,11.476419961452484,26.568701219558715,,2025,1
2025-01-22,75.44000244140625,2.057800054550171,2.4842000007629395,,10.987599849700928,28.896397590637207,16.957199096679688,,16.547610378265382,11.421439981460571,26.799951171875,,2025,1
2025-01-23,74.62000274658203,2.0655999183654785,2.4714999198913574,,12.135193824768066,29.18299388885498,17.81779384613037,,16.628469944000244,11.419769537448882,27.045870757102968,,2025,1
2025-01-24,74.66000366210938,2.0490000247955322,2.516200065612793,,11.397997379302979,31.02039909362793,17.93879795074463,,16.732899856567382,11.380979382991791,27.436740803718568,,2025,1
2025-01-27,73.16999816894531,2.0281999111175537,2.4600000381469727,,12.014398097991943,30.15000343322754,18.05959987640381,,16.84904999732971,11.376519536972046,27.794110918045043,,2025,1
2025-01-28,73.7699966430664,2.0525999069213867,2.4500999450683594,,12.439199447631836,29.134201049804688,18.004199981689453,,16.966419887542724,11.416259479522704,28.066740703582763,,2025,1
2025-01-29,72.62000274658203,2.0357000827789307,2.4539999961853027,,12.879400730133057,30.447997093200684,18.735599517822266,,17.076229763031005,11.459499406814576,28.309690475463867,,2025,1
2025-01-30,72.7300033569336,2.037400007247925,2.475399971008301,,12.840796947479248,31.23679542541504,18.97279644012451,,17.18434977531433,11.484389543533325,28.584270238876343,,2025,1
2025-01-31,72.52999877929688,2.0364999771118164,2.484499931335449,,13.003000259399414,31.818998336791992,19.274999618530273,,17.284139680862427,11.482049608230591,28.8883198261261,,2025,1
2025-02-03,73.16000366210938,2.1177000999450684,2.463099956512451,,15.783400535583496,30.290194511413574,20.618998527526855,,17.49444959163666,11.65644965171814,29.170449471473695,,2025,2
2025-02-04,72.69999694824219,2.0989999771118164,2.429800033569336,,15.458002090454102,29.351604461669922,20.089202880859375,,17.678569507598876,11.832799530029297,29.370109462738036,,2025,2
2025-02-05,71.02999877929688,2.0506999492645264,2.384200096130371,,15.099399089813232,29.10640525817871,19.76840114593506,,17.885839653015136,12.044409728050232,29.568699502944945,,2025,2
2025-02-06,70.61000061035156,2.074700117111206,2.3980000019073486,,16.527404308319092,30.10599946975708,21.053602695465088,,18.144749808311463,12.31535987854004,29.80352966785431,,2025,2
2025-02-07,71.0,2.1050000190734863,2.430799961090088,,17.410000801086426,31.09359836578369,21.971199989318848,,18.434949612617494,12.622429728507996,30.059989380836488,,2025,2
2025-02-10,72.31999969482422,2.1041998863220215,2.450900077819824,,16.056395530700684,30.6178035736084,20.910198211669922,,18.652909684181214,12.896459674835205,30.16580970287323,,2025,2
2025-02-11,73.31999969482422,2.1473000049591064,2.5146000385284424,,16.866600513458252,32.29320192337036,22.008800983428955,,18.98061966896057,13.27015953063965,30.401539945602416,,2025,2
2025-02-12,71.37000274658203,2.089600086212158,2.4519999027252197,,16.393200874328613,31.613993167877197,21.466798305511475,,19.214809632301332,13.545159673690796,30.5541095495224,,2025,2
2025-02-13,71.29000091552734,2.1106998920440674,2.448699951171875,,17.359394550323486,31.555397033691406,22.091395378112793,,19.469469332695006,13.881439399719238,30.645529198646546,,2025,2
2025-02-14,70.73999786376953,2.089900016784668,2.4618000984191895,,17.035802841186523,32.655606269836426,22.242403984069824,,19.711069703102112,14.208509683609009,30.716189742088318,,2025,2
2025-02-18,71.8499984741211,2.086699962615967,2.4405999183654785,,15.791399955749512,30.655198097229004,20.745999336242676,,19.85058946609497,14.456459498405456,30.638849401473998,,2025,2
2025-02-19,72.25,2.0864999294281006,2.4565000534057617,,15.382997035980225,30.923002243041992,20.56299877166748,,19.964549326896666,14.643079233169555,30.607489514350892,,2025,2
2025-02-20,72.56999969482422,2.0864999294281006,2.5034000873565674,,15.062997341156006,32.57280397415161,20.89959955215454,,20.16166934967041,14.84684910774231,30.79130983352661,,2025,2
2025-02-21,70.4000015258789,2.026700019836426,2.432300090789795,,14.721399307250977,31.75660228729248,20.399800300598145,,20.2907696723938,14.976159381866456,30.919990253448486,,2025,2
2025-02-24,70.69999694824219,2.010999917984009,2.435800075531006,,13.761999607086182,31.60360622406006,19.70920181274414,,20.379289865493774,15.094359493255615,30.949150609970093,,2025,2
2025-02-25,68.93000030517578,1.9673000574111938,2.3903000354766846,,13.69660210609436,31.46260118484497,19.61860179901123,,20.457239961624147,15.178469693660736,31.014780497550966,,2025,2
2025-02-26,68.62000274658203,1.9488999843597412,2.3443000316619873,,13.2337965965271,29.840598583221436,18.769397258758545,,20.4954998254776,15.2181995511055,31.050100374221802,,2025,2
2025-02-27,70.3499984741211,1.9966000318527222,2.395900011062622,,13.507202863693237,30.277801990509033,19.097402572631836,,20.51358997821808,15.249589657783508,31.04159061908722,,2025,2
2025-02-28,69.76000213623047,1.9702999591827393,2.3548998832702637,,12.99259614944458,29.145792961120605,18.376995086669922,,20.48379991054535,15.257179617881775,30.9370404958725,,2025,2
2025-03-03,68.37000274658203,2.1877999305725098,2.2604000568389893,,23.51759433746338,26.566799640655518,24.533996105194092,,20.74674973487854,15.782909321784974,30.674430561065673,,2025,3
2025-03-04,68.26000213623047,2.194200038909912,2.2871999740600586,,23.89639949798584,27.802396774291992,25.19839859008789,,20.975719738006593,16.18855926990509,30.550040674209594,,2025,3
2025-03-05,66.30999755859375,2.13700008392334,2.240799903869629,,23.444005966186523,27.803598403930664,24.89720344543457,,21.21611976623535,16.58785946369171,30.472640371322633,,2025,3
2025-03-06,66.36000061035156,2.1012001037597656,2.22379994392395,,21.890403747558594,27.039597034454346,23.606801509857178,,21.40803978443146,16.92740969657898,30.369299960136413,,2025,3
2025-03-07,67.04000091552734,2.1087000370025635,2.2160000801086426,,21.525400638580322,26.032002449035645,23.02760124206543,,21.506739711761476,17.17730951309204,30.165600109100343,,2025,3
2025-03-10,66.02999877929688,2.0924999713897705,2.1798999309539795,,21.855000019073486,25.525798320770264,23.078599452972412,,21.562109684944154,17.399559473991395,29.887210106849672,,2025,3
2025-03-11,66.25,2.1050000190734863,2.1967999935150146,,22.160000801086426,26.015599727630615,23.445200443267822,,21.68885979652405,17.704739737510682,29.65709991455078,,2025,3
2025-03-12,67.68000030517578,2.150099992752075,2.2063000202178955,,22.624199390411377,24.98460054397583,23.41099977493286,,21.758969736099242,17.992619681358338,29.291669845581055,,2025,3
2025-03-13,66.55000305175781,2.1331000328063965,2.1621999740600586,,23.04019832611084,24.26239585876465,23.44759750366211,,21.858009696006775,18.324969553947447,28.924089980125427,,2025,3
2025-03-14,67.18000030517578,2.148699998855591,2.166599988937378,,23.065399646759033,23.817199230194092,23.315999507904053,,21.919239902496336,18.610269808769225,28.53718008995056,,2025,3
2025-03-17,67.58000183105469,2.1812000274658203,2.2037999629974365,,24.030399322509766,24.979596614837646,24.346798419952393,,22.024459624290465,18.959999632835387,28.153379607200623,,2025,3
2025-03-18,66.9000015258789,2.1684000492095947,2.194499969482422,,24.172800540924072,25.268997192382812,24.538199424743652,,22.214069628715514,19.379069662094118,27.884069561958313,,2025,3
2025-03-19,67.16000366210938,2.169600009918213,2.2318999767303467,,23.963196754455566,26.579795360565186,24.83539628982544,,22.427689504623412,19.808079648017884,27.666909217834473,,2025,3
2025-03-20,68.26000213623047,2.1910998821258545,2.254300117492676,,23.76619291305542,26.420602798461914,24.650996208190918,,22.615259337425233,20.243239426612853,27.35929915904999,,2025,3
2025-03-21,68.27999877929688,2.1953999996185303,2.2495999336242676,,23.926801204681396,26.203198432922363,24.68560028076172,,22.82954933643341,20.703509521484374,27.081628966331483,,2025,3
2025-03-24,69.11000061035156,2.2065999507904053,2.2571001052856445,,23.56719732284546,25.688203811645508,24.27419948577881,,23.057799220085144,21.193769407272338,26.785858845710756,,2025,3
2025-03-25,69.0,2.208699941635132,2.285900115966797,,23.765397548675537,27.00780487060547,24.846199989318848,,23.319179129600524,21.697209179401398,26.56311902999878,,2025,3
2025-03-26,69.6500015258789,2.232800006866455,2.2887001037597656,,24.127598762512207,26.47540283203125,24.910200119018555,,23.626219272613525,22.241899287700654,26.39485924243927,,2025,3
2025-03-27,69.91999816894531,2.2464001178741455,2.2846999168395996,,24.4288067817688,26.03739833831787,24.965003967285156,,23.919599342346192,22.78797948360443,26.18283905982971,,2025,3
2025-03-28,69.36000061035156,2.2346999645233154,2.2609000205993652,,24.497397899627686,25.597800254821777,24.864198684692383,,24.243959522247316,23.363219571113586,26.00543942451477,,2025,3
2025-03-31,71.4800033569336,2.283099889755249,2.313999891281128,,24.410192012786865,25.70799207687378,24.84279203414917,,24.259399318695067,23.40784945487976,25.962499046325682,,2025,3
2025-04-01,71.19999694824219,2.302500009536743,2.2888998985290527,,25.505003452301025,24.933798789978027,25.31460189819336,,24.265209484100343,23.48827965259552,25.819069147109985,,2025,4
2025-04-02,71.70999908447266,2.3310000896453857,2.322000026702881,,26.192004680633545,25.81400203704834,26.066003799438477,,24.32364950180054,23.625679588317873,25.71958932876587,,2025,4
2025-04-03,66.94999694824219,2.164299964904785,2.1888999938964844,,23.95060157775879,24.983802795410156,24.295001983642578,,24.358059525489807,23.72868947982788,25.61679961681366,,2025,4
2025-04-04,61.9900016784668,2.054500102996826,2.081899881362915,,24.299002647399902,25.449793338775635,24.682599544525146,,24.440809440612792,23.86736958026886,25.58768916130066,,2025,4
2025-04-07,60.70000076293945,2.0201001167297363,2.0699000358581543,,24.144204139709473,26.235800743103027,24.841403007507324,,24.52894961833954,23.981829786300658,25.623189282417297,,2025,4
2025-04-08,59.58000183105469,1.9914000034332275,2.056999921798706,,24.05879831314087,26.813994884490967,24.97719717025757,,24.605549454689026,24.07676966190338,25.663109040260316,,2025,4
2025-04-09,62.349998474121094,2.0383999347686768,2.113600015640259,,23.26279878616333,26.421202182769775,24.31559991836548,,24.650779461860658,24.10869963169098,25.73493912220001,,2025,4
2025-04-10,60.06999969482422,1.961300015449524,2.0464000701904297,,22.304600954055786,25.878803253173828,23.496001720428467,,24.653199672698975,24.071919763088225,25.81575949192047,,2025,4
2025-04-11,61.5,1.9990999698638916,2.0652999877929688,,22.462198734283447,25.242599487304688,23.388998985290527,,24.656849646568297,24.041759717464448,25.887029504776002,,2025,4
2025-04-14,61.529998779296875,2.022200107574463,2.0917000770568848,,23.402405738830566,26.321404457092285,24.375405311584473,,24.658279991149904,24.01036003828049,25.954119896888734,,2025,4
2025-04-15,61.33000183105469,2.024399995803833,2.078399896621704,,23.6947979927063,25.962793827056885,24.450796604156494,,24.653909850120545,23.9864599108696,25.988809728622435,,2025,4
2025-04-16,62.470001220703125,2.0434000492095947,2.1154000759124756,,23.352800846099854,26.37680196762085,24.360801219940186,,24.630180096626283,23.955940115451813,25.97866005897522,,2025,4
2025-04-17,64.68000030517578,2.09879994392395,2.1522998809814453,,23.469597339630127,25.716594696044922,24.21859645843506,,24.608560109138487,23.941110336780547,25.94345965385437,,2025,4
2025-04-21,63.08000183105469,2.0652999877929688,2.1089000701904297,,23.66259765625,25.49380111694336,24.272998809814453,,24.587930035591125,23.927900159358977,25.90798978805542,,2025,4
2025-04-22,64.30999755859375,2.099600076675415,2.1486001014709473,,23.87320566177368,25.931206703186035,24.559206008911133,,24.60218036174774,23.94320057630539,25.920139932632445,,2025,4
2025-04-23,62.27000045776367,2.083899974822998,2.1268999576568604,,25.253798484802246,27.059797763824463,25.85579824447632,,24.652660274505614,24.017620623111725,25.922739577293395,,2025,4
2025-04-24,62.790000915527344,2.1057000160217285,2.143699884414673,,25.649399757385254,27.245394229888916,26.181397914886475,,24.71622016429901,24.093710672855376,25.96123914718628,,2025,4
2025-04-25,63.02000045776367,2.1189000606536865,2.16729998588562,,25.973802089691162,28.006598949432373,26.651401042938232,,24.800540018081666,24.170960438251495,26.059699177742004,,2025,4
2025-04-28,62.04999923706055,2.105799913406372,2.17549991607666,,26.39359712600708,29.32099723815918,27.369397163391113,,24.925799942016603,24.265770399570464,26.245859026908875,,2025,4
2025-04-29,60.41999816894531,2.071199893951416,2.1203999519348145,,26.57039737701416,28.636799812316895,27.25919818878174,,25.04662024974823,24.37378066778183,26.39229941368103,,2025,4
2025-04-30,58.209999084472656,2.0369999408721924,2.0367000102996826,,27.343998432159424,27.331401348114014,27.339799404144287,,25.147880125045777,24.46573041677475,26.51217954158783,,2025,4
2025-05-01,59.2400016784668,2.0492000579833984,2.01200008392334,,26.826400756835938,25.264001846313477,26.305601119995117,,25.15985999107361,24.49745022058487,26.484679532051086,,2025,5
2025-05-02,58.290000915527344,2.01990008354187,1.9931999444961548,,26.5458025932312,25.424396753311157,26.172000646591187,,25.253709924221038,24.62721027135849,26.506709229946136,,2025,5
2025-05-05,57.130001068115234,2.0227999687194824,1.9744999408721924,,27.827597618103027,25.798996448516846,27.151397228240967,,25.37714980840683,24.803640019893646,26.524169385433197,,2025,5
2025-05-06,59.09000015258789,2.064500093460083,2.0088000297546387,,27.619003772735596,25.279601097106934,26.839202880859375,,25.477039802074433,24.97738000154495,26.476359403133394,,2025,5
2025-05-07,58.06999969482422,2.0278000831604004,1.9766000509262085,,27.097603797912598,24.947202444076538,26.38080334663391,,25.54722011089325,25.129320275783538,26.383019781112672,,2025,5
2025-05-08,59.90999984741211,2.085400104522705,2.0399999618530273,,27.676804542541504,25.76999855041504,27.041202545166016,,25.683500242233276,25.35002056360245,26.350459599494933,,2025,5
2025-05-09,61.02000045776367,2.1084001064300537,2.0664000511169434,,27.532804012298584,25.76880168914795,26.94480323791504,,25.855940318107606,25.611430716514587,26.34495952129364,,2025,5
2025-05-12,61.95000076293945,2.1331000328063965,2.1110999584198,,27.6402006149292,26.71619749069214,27.332199573516846,,26.05310034751892,25.870330810546875,26.418639421463013,,2025,5
2025-05-13,63.66999816894531,2.1659998893737793,2.171299934387207,,27.301997184753418,27.524599075317383,27.376197814941406,,26.203139972686767,26.065310382843016,26.47879915237427,,2025,5
2025-05-14,63.150001525878906,2.1700000762939453,2.2060999870300293,,27.990001678466797,29.506197929382324,28.495400428771973,,26.405370163917542,26.28007056713104,26.65596935749054,,2025,5
2025-05-15,61.619998931884766,2.134399890899658,2.1659998893737793,,28.02479648590088,29.351996421813965,28.467196464538574,,26.61068992614746,26.513670349121092,26.804729080200197,,2025,5
2025-05-16,62.4900016784668,2.1417999267578125,2.1405999660491943,,27.465595245361328,27.415196895599365,27.448795795440674,,26.77219989299774,26.713470244407652,26.889659190177916,,2025,5
2025-05-19,62.689998626708984,2.1387999057769775,2.127700090408325,,27.139597415924072,26.673405170440674,26.98420000076294,,26.907759952545167,26.887320232391357,26.948639392852783,,2025,5
2025-05-20,62.560001373291016,2.152100086212158,2.1289000511169434,,27.82820224761963,26.853800773620605,27.50340175628662,,27.05496973991394,27.085070061683655,26.99476909637451,,2025,5
2025-05-21,61.56999969482422,2.1498000621795654,2.1391000747680664,,28.72160291671753,28.27220344543457,28.571803092956543,,27.19076998233795,27.25846028327942,27.05538938045502,,2025,5
2025-05-22,61.20000076293945,2.131200075149536,2.117500066757202,,28.310402393341064,27.735002040863037,28.11860227584839,,27.287630200386047,27.39151041507721,27.07986977100372,,2025,5
2025-05-23,61.529998779296875,2.1092000007629395,2.10479998588562,,27.056401252746582,26.87160062789917,26.99480104446411,,27.304800200462342,27.44564037322998,27.023119854927064,,2025,5
2025-05-27,60.88999938964844,2.071500062942505,2.079400062561035,,26.113003253936768,26.44480323791504,26.22360324859619,,27.247510504722595,27.431610679626466,26.879310154914855,,2025,5
2025-05-28,61.84000015258789,2.089200019836426,2.088099956512451,,25.906400680541992,25.86019802093506,25.890999794006348,,27.179100584983825,27.398410844802857,26.740480065345764,,2025,5
2025-05-29,60.939998626708984,2.0594000816345215,2.0481998920440674,,25.554804801940918,25.084396839141846,25.39800214767456,,27.08201072216034,27.30895116329193,26.628129839897156,,2025,5
2025-05-30,60.790000915527344,2.0383999347686768,2.017199993133545,,24.82279634475708,23.932398796081543,24.525997161865234,,26.993030524253847,27.208770942687988,26.561549687385558,,2025,5
2025-06-02,62.52000045776367,2.052500009536743,2.0445001125335693,,23.68499994277954,23.34900426864624,23.573001384735107,,26.86308056116104,27.065730810165405,26.457780063152313,,2025,6
2025-06-03,63.40999984741211,2.0787999629974365,2.099900007247925,,23.899598598480225,24.785800457000732,24.19499921798706,,26.715260660648347,26.869330859184267,26.40712026357651,,2025,6
2025-06-04,62.849998474121094,2.0339999198913574,2.0701000690460205,,22.577998161315918,24.094204425811768,23.0834002494812,,26.527470529079437,26.617280578613283,26.34785043001175,,2025,6
2025-06-05,63.369998931884766,2.0629000663757324,2.0945000648498535,,23.271803855895996,24.599003791809082,23.71420383453369,,26.394140553474426,26.42599058151245,26.330440497398378,,2025,6
2025-06-06,64.58000183105469,2.0768001079559326,2.1252999305725098,,22.645602703094482,24.682595252990723,23.324600219726562,,26.208310437202453,26.1744304895401,26.276070332527162,,2025,6
2025-06-09,65.29000091552734,2.0952000617980957,2.146399974822998,,22.708401679992676,24.858798027038574,23.42520046234131,,26.032330298423766,25.933210372924805,26.23057014942169,,2025,6
2025-06-10,64.9800033569336,2.0880000591278076,2.1415998935699463,,22.715999126434326,24.96719217300415,23.466396808624268,,25.839040160179138,25.68700029850006,26.14311988353729,,2025,6
2025-06-11,68.1500015258789,2.166800022125244,2.2053000926971436,,22.855599403381348,24.472602367401123,23.39460039138794,,25.639960289001465,25.46468040943146,25.99052004814148,,2025,6
2025-06-12,68.04000091552734,2.142899990081787,2.188699960708618,,21.961798667907715,23.88539743423462,22.60299825668335,,25.345340180397034,25.163270258903502,25.709480023384096,,2025,6
2025-06-13,72.9800033569336,2.22760009765625,2.3587000370025635,,20.579200744628906,26.085398197174072,22.414599895477295,,25.04271035194397,24.790990471839905,25.546150112152098,,2025,6
2025-06-16,71.7699966430664,2.219899892807007,2.3933000564575195,,21.46579885482788,28.748605728149414,23.89340114593506,,24.86494061946869,24.491000652313232,25.612820553779603,,2025,6
2025-06-17,74.83999633789062,2.271899938583374,2.5051000118255615,,20.579801082611084,30.37420415878296,23.84460210800171,,24.707960724830627,24.163010835647583,25.797860503196716,,2025,6
2025-06-18,75.13999938964844,2.3085999488830566,2.533400058746338,,21.82119846343994,31.262803077697754,24.96840000152588,,24.58121063709259,23.8626606464386,26.018310618400573,,2025,6
2025-06-20,74.93000030517578,2.3294999599456787,2.541800022125244,,22.908998012542725,31.825600624084473,25.88119888305664,,24.446680426597595,23.57203040122986,26.19598047733307,,2025,6
2025-06-23,68.51000213623047,2.2181999683380127,2.363100051879883,,24.654396533966064,30.74020004272461,26.682997703552246,,24.37490019798279,23.38923010826111,26.34624037742615,,2025,6
2025-06-24,64.37000274658203,2.085700035095215,2.285099983215332,,23.229398727416992,31.604196548461914,26.020998001098633,,24.326210045814513,23.197879981994628,26.582870173454285,,2025,6
2025-06-25,64.91999816894531,2.08240008354187,2.2964000701904297,,22.540805339813232,31.528804779052734,25.536805152893066,,24.291870141029356,23.01927008628845,26.837070250511168,,2025,6
2025-06-26,65.23999786376953,2.0989999771118164,2.360100030899048,,22.918001174926758,33.88420343399048,26.573401927947998,,24.32599024772644,22.86985011100769,27.23827052116394,,2025,6
2025-06-27,65.5199966430664,2.0897998809814453,2.3071999549865723,,22.251598358154297,31.38240146636963,25.295199394226074,,24.320850110054018,22.70468978881836,27.55317075252533,,2025,6
2025-06-30,65.11000061035156,2.0797998905181885,2.3457999229431152,,22.241594791412354,33.41359615325928,25.965595245361328,,24.39283001422882,22.575629711151123,28.027230620384216,,2025,6
2025-07-01,65.44999694824219,2.1003000736236572,2.326900005340576,,22.762606143951416,32.27980327606201,25.93500518798828,,24.510930204391478,22.529510021209717,28.473770570755004,,2025,7
2025-07-02,67.44999694824219,2.1229000091552734,2.4117000102996826,,21.711803436279297,33.84140348434448,25.755003452301025,,24.58893041610718,22.42012026309967,28.926550722122194,,2025,7
2025-07-03,67.0,2.1185998916625977,2.369800090789795,,21.9811954498291,32.53160381317139,25.497998237609863,,24.70966031551361,22.39028012752533,29.348420691490173,,2025,7
2025-07-04,66.5,2.1171000003814697,2.4089999198913574,,22.41820001602173,34.67799663543701,26.504798889160156,,24.849190068244933,22.347599935531616,29.85237033367157,,2025,7
2025-07-07,67.93000030517578,2.1521999835968018,2.421099901199341,,22.462399005889893,33.75619554519653,26.22699785232544,,24.99430994987488,22.338439750671387,30.30605034828186,,2025,7
2025-07-08,68.33000183105469,2.184999942779541,2.4412999153137207,,23.439995765686035,34.20459461212158,27.02819538116455,,25.17445969581604,22.375019454956053,30.77334017753601,,2025,7
2025-07-09,68.37999725341797,2.1879000663757324,2.4091999530792236,,23.511805534362793,32.806400775909424,26.61000394821167,,25.33164005279541,22.414809775352477,31.165300607681274,,2025,7
2025-07-10,66.56999969482422,2.152400016784668,2.383500099182129,,23.830801010131836,33.537004470825195,27.06620216369629,,25.51522014141083,22.463569855690004,31.61852071285248,,2025,7
2025-07-11,68.44999694824219,2.187000036239624,2.4474000930786133,,23.40400457382202,34.34080696105957,27.04960536956787,,25.737550497055054,22.53568015098572,32.14129118919372,,2025,7
2025-07-14,66.9800033569336,2.1654000282287598,2.3898000717163086,,23.966797828674316,33.39159965515137,27.1083984375,,25.97224042415619,22.70506000518799,32.50660126209259,,2025,7
2025-07-15,66.5199966430664,2.169600009918213,2.4052000045776367,,24.603203773498535,34.498403549194336,27.90160369873047,,26.17265055179596,22.86193025112152,32.794091153144834,,2025,7
2025-07-16,66.37999725341797,2.1440000534057617,2.3914999961853027,,23.668004989624023,34.063002586364746,27.133004188537598,,26.337070655822753,23.016340446472167,32.97853107452393,,2025,7
2025-07-17,67.54000091552734,2.1703999042510986,2.464600086212158,,23.6167950630188,35.9732027053833,27.735597610473633,,26.475430536270142,23.10612027645111,33.2140510559082,,2025,7
2025-07-18,67.33999633789062,2.15339994430542,2.453000068664551,,23.10280132293701,35.68600654602051,27.297203063964844,,26.54623074531555,23.115810441970826,33.407071352005005,,2025,7
2025-07-21,67.19999694824219,2.1319000720977783,2.509200096130371,,22.339806079864502,38.1864070892334,27.6220064163208,,26.59318118095398,23.00008091926575,33.77938170433045,,2025,7
2025-07-22,66.20999908447266,2.101900100708008,2.4518001079559326,,22.069805145263672,36.765605449676514,26.96840524673462,,26.64055154323578,22.94210124015808,34.03745214939117,,2025,7
2025-07-23,65.25,2.121299982070923,2.4489998817443848,,23.84459924697876,37.60799503326416,28.432397842407227,,26.785331177711488,23.00729093551636,34.34141166210175,,2025,7
2025-07-24,66.02999877929688,2.1041998863220215,2.412899971008301,,22.346396446228027,35.31180000305176,26.668197631835938,,26.790070962905883,22.97871069908142,34.41279149055481,,2025,7
2025-07-25,65.16000366210938,2.0969998836517334,2.4061999320983887,,22.913991451263428,35.90039348602295,27.2427921295166,,26.88745059967041,23.011830353736876,34.638691091537474,,2025,7
2025-07-28,66.70999908447266,2.135200023651123,2.4265999794006348,,22.96840190887451,35.207200050354004,27.048001289367676,,26.941570901870726,23.048170709609984,34.72837128639221,,2025,7
2025-07-29,69.20999908447266,2.218400001525879,2.4637999534606934,,23.962800979614258,34.269598960876465,27.39840030670166,,27.014740657806396,23.108180451393128,34.827861070632935,,2025,7
2025-07-30,70.0,2.2690999507904053,2.4184999465942383,,25.30219793319702,31.576997756958008,27.393797874450684,,27.09668037891388,23.287700176239014,34.71464078426361,,2025,7
2025-07-31,69.26000213623047,2.21560001373291,2.3994998931884766,,23.795198440551758,31.518993377685547,26.369796752929688,,27.14027030467987,23.378400325775146,34.66401026248932,,2025,7
2025-08-01,67.33000183105469,2.1185998916625977,2.2999000549316406,,21.651193618774414,29.26580047607422,24.189395904541016,,27.024500155448912,23.34005000591278,34.39340045452118,,2025,8
2025-08-04,66.29000091552734,2.1022000312805176,2.3176000118255615,,22.002400398254395,31.04919958114624,25.01800012588501,,26.964050269126894,23.317050075531007,34.258050656318666,,2025,8
2025-08-05,65.16000366210938,2.0915000438690186,2.250200033187866,,22.682998180389404,29.348397731781006,24.90479803085327,,26.85788040161133,23.279200196266174,34.015240812301634,,2025,8
2025-08-06,64.3499984741211,2.090399980545044,2.2627999782562256,,23.446800708770752,30.68760061264038,25.860400676727295,,26.82040023803711,23.275949954986572,33.909300804138184,,2025,8
2025-08-07,63.880001068115234,2.077500104904175,2.2667999267578125,,23.375003337860107,31.32559585571289,26.025200843811035,,26.768350172042847,23.253160071372985,33.79873037338257,,2025,8
2025-08-08,63.880001068115234,2.0861001014709473,2.2792999744415283,,23.73620319366455,31.850597858428955,26.441001415252686,,26.737919974327088,23.269770002365114,33.67421991825104,,2025,8
2025-08-11,63.959999084472656,2.0766000747680664,2.2909998893737793,,23.257204055786133,32.261996269226074,26.258801460266113,,26.695440125465392,23.234290313720702,33.617739748954776,,2025,8
2025-08-12,63.16999816894531,2.074399948120117,2.2441000938415527,,23.95479965209961,31.082205772399902,26.330601692199707,,26.616890025138854,23.201870107650755,33.44692986011505,,2025,8
2025-08-13,62.650001525878906,2.0703999996185303,2.242799997329712,,24.306798458099365,31.547598361968994,26.720398426055908,,26.59625973701477,23.233809781074523,33.32115964889526,,2025,8
2025-08-14,63.959999084472656,2.1092000007629395,2.234499931335449,,24.6264009475708,29.88899803161621,26.380599975585938,,26.528509855270386,23.284290075302124,33.01694941520691,,2025,8
2025-08-15,62.79999923706055,2.072499990463257,2.2249999046325684,,24.24500036239624,30.649996757507324,26.3799991607666,,26.482649660110475,23.341400027275085,32.76514892578125,,2025,8
2025-08-18,63.41999816894531,2.0987000465393066,2.240299940109253,,24.725403785705566,30.67259931564331,26.707802295684814,,26.436939454078676,23.460679912567137,32.389458537101746,,2025,8
2025-08-19,62.349998474121094,2.0889999866485596,2.2511000633239746,,25.388000965118408,32.19620418548584,27.65740203857422,,26.471389293670654,23.626589703559876,32.16098847389221,,2025,8
2025-08-20,63.209999084472656,2.1282999515533447,2.279599905014038,,26.178598880767822,32.53319692611694,28.29679822921753,,26.46460931301117,23.74328968524933,31.90724856853485,,2025,8
2025-08-21,63.52000045776367,2.1596999168395996,2.3250999450683594,,27.18739604949951,34.13419723510742,29.50299644470215,,26.60634925365448,23.9853396654129,31.848368430137633,,2025,8
2025-08-22,63.65999984741211,2.1584999561309814,2.3080999851226807,,26.99699831008911,33.28019952774048,29.0913987159729,,26.698779582977295,24.189490008354188,31.71735873222351,,2025,8
2025-08-25,64.80000305175781,2.1482999324798584,2.3475000858306885,,25.42859411239624,33.7950005531311,28.21739625930786,,26.757249331474306,24.312499618530275,31.646748757362367,,2025,8
2025-08-26,63.25,2.122299909591675,2.2804999351501465,,25.886596202850342,32.53099727630615,28.101396560668945,,26.79239914417267,24.408689379692078,31.55981867313385,,2025,8
2025-08-27,64.1500015258789,2.148900032043457,2.295300006866455,,26.10379981994629,32.25259876251221,28.15339946746826,,26.83037922382355,24.44876947402954,31.59359872341156,,2025,8
2025-08-28,64.5999984741211,2.1991000175476074,2.309799909591675,,27.762202262878418,32.41159772872925,29.31200075149536,,26.97748942375183,24.647119665145873,31.638228940963746,,2025,8
2025-08-29,64.01000213623047,2.1875998973846436,2.266700029373169,,27.86919355392456,31.191399097442627,28.976595401763916,,27.216849398612975,24.958019661903382,31.734508872032166,,2025,8
2025-09-02,65.58999633789062,2.042799949645996,2.3743999004364014,,20.20760154724121,34.13479948043823,24.850000858306885,,27.20844943523407,24.86827971935272,31.888788866996766,,2025,9
2025-09-03,63.970001220703125,2.01200008392334,2.3608999252319336,,20.53400230407715,35.187795639038086,25.41860008239746,,27.23413953781128,24.76082992553711,32.180758762359616,,2025,9
2025-09-04,63.47999954223633,2.009500026702881,2.330699920654297,,20.919001579284668,34.40939712524414,25.415800094604492,,27.21190950870514,24.634439969062804,32.36684858798981,,2025,9
2025-09-05,61.869998931884766,1.9642000198364258,2.2869999408721924,,20.626401901245117,34.183998584747314,25.14560079574585,,27.16792950630188,24.497009897232054,32.50976872444153,,2025,9
2025-09-08,62.2599983215332,1.9586000442504883,2.3118999004364014,,20.001203536987305,34.839797496795654,24.947401523590088,,27.09324951171875,24.310259914398195,32.65922870635986,,2025,9
2025-09-09,62.630001068115234,1.9924999475479126,2.3199000358581543,,21.054996728897095,34.805800437927246,25.63859796524048,,27.06223933696747,24.20014954805374,32.78641891479492,,2025,9
2025-09-10,63.66999816894531,2.007999897003174,2.333699941635132,,20.66599750518799,34.345399379730225,25.2257981300354,,27.00699915885925,24.03570944070816,32.94957859516144,,2025,9
2025-09-11,62.369998931884766,1.9793000221252441,2.281899929046631,,20.76060199737549,33.46979808807373,24.997000694274902,,26.920829272270204,23.858399617671967,33.04568858146668,,2025,9
2025-09-12,62.689998626708984,1.9853999614715576,2.2899999618530273,,20.696799755096436,33.489999771118164,24.96119976043701,,26.849859261512755,23.661919558048247,33.22573866844177,,2025,9
2025-09-15,63.29999923706055,2.013400077819824,2.3310999870300293,,21.26280403137207,34.606200218200684,25.71060276031494,,26.816389441490173,23.51280974149704,33.42354884147644,,2025,9
2025-09-16,64.5199966430664,2.041599988937378,2.3935000896453857,,21.227202892303467,36.007007122039795,26.153804302215576,,26.788689541816712,23.337899696826934,33.690269231796265,,2025,9
2025-09-17,64.05000305175781,2.028700113296509,2.35479998588562,,21.155401706695557,34.85159635543823,25.720799922943115,,26.691859436035156,23.126269733905794,33.82303884029388,,2025,9
2025-09-18,63.56999969482422,2.011399984359741,2.3399999141693115,,20.908799648284912,34.709996700286865,25.509198665618896,,26.552479457855224,22.862779772281648,33.93187882900238,,2025,9
2025-09-19,62.68000030517578,1.9707000255584717,2.2988998889923096,,20.08940076828003,33.87379503250122,24.68419885635376,,26.311539578437806,22.507880008220674,33.91885871887207,,2025,9
2025-09-22,62.63999938964844,1.9781999588012695,2.29229998588562,,20.444398880004883,33.63660001754761,24.84179925918579,,26.09905960559845,22.180250036716462,33.93667874336243,,2025,9
2025-09-23,63.40999984741211,1.9990999698638916,2.328000068664551,,20.552198886871338,34.36600303649902,25.156800270080566,,25.946029806137084,21.936430275440216,33.965228867530826,,2025,9
2025-09-24,64.98999786376953,2.0188000202178955,2.37719988822937,,19.79960298538208,34.852397441864014,24.817201137542725,,25.781820034980775,21.632080614566803,34.08129887580871,,2025,9
2025-09-25,64.9800033569336,2.00219988822937,2.426500082015991,,19.11239194869995,36.93300008773804,25.052594661712646,,25.626779794692993,21.282510221004486,34.31531894207001,,2025,9
2025-09-26,65.72000122070312,2.037600040435791,2.4289000034332275,,19.859200477600098,36.29379892349243,25.33739995956421,,25.428049755096435,20.88736013174057,34.509429001808165,,2025,9
2025-09-29,63.45000076293945,1.9951000213623047,2.356600046157837,,20.344200134277344,35.5272011756897,25.405200481414795,,25.24948000907898,20.51111046075821,34.72621910572052,,2025,9
2025-09-30,62.369998931884766,1.9729000329971313,2.3324999809265137,,20.49180245399475,35.59500026702881,25.526201725006104,,25.28329005241394,20.525320506095888,34.79922914505005,,2025,9
2025-10-01,61.779998779296875,1.8859000205993652,2.3018999099731445,,17.427802085876465,34.899797439575195,23.251800537109375,,25.174950075149535,20.370010495185852,34.784829235076906,,2025,10
2025-10-02,60.47999954223633,1.8509999513626099,2.243499994277954,,17.261998414993286,33.747000217437744,22.756999015808105,,25.042010021209716,20.18716033697128,34.75170938968658,,2025,10
2025-10-03,60.880001068115234,1.8604999780654907,2.236299991607666,,17.260998010635376,33.04459857940674,22.52219820022583,,24.910839891433717,20.018890142440796,34.69473938941955,,2025,10
2025-10-06,61.689998626708984,1.9016000032424927,2.24429988861084,,18.177201509475708,32.57059669494629,22.97499990463257,,24.81221981048584,19.927690041065215,34.58127934932709,,2025,10
2025-10-07,61.72999954223633,1.8939000368118286,2.2653000354766846,,17.813802003860474,33.412601947784424,23.013401985168457,,24.680960011482238,19.765630304813385,34.51161942481995,,2025,10
2025-10-08,62.54999923706055,1.909500002861023,2.291300058364868,,17.649000883102417,33.684603214263916,22.99420166015625,,24.56938018798828,19.614780473709107,34.47857961654663,,2025,10
2025-10-09,61.5099983215332,1.882599949836731,2.2802999019622803,,17.559199571609497,34.26259756088257,23.126998901367188,,24.475880098342895,19.454710352420808,34.51821959018707,,2025,10
2025-10-10,58.900001525878906,1.8203999996185303,2.204400062561035,,17.556798458099365,33.68480110168457,22.932799339294434,,24.374460077285768,19.297710287570954,34.527959656715396,,2025,10
2025-10-13,59.4900016784668,1.8437999486923218,2.2497000694274902,,17.949596166610718,34.99740123748779,23.632197856903076,,24.270539832115173,19.132049894332887,34.54751970767975,,2025,10
2025-10-14,58.70000076293945,1.8286000490188599,2.1975998878479004,,18.10120129585266,33.59919452667236,23.26719903945923,,24.126209568977355,18.975749814510344,34.427129077911374,,2025,10
2025-10-15,58.27000045776367,1.8344000577926636,2.174799919128418,,18.7748019695282,33.07159614562988,23.54040002822876,,24.017189574241637,18.85671982765198,34.33812906742096,,2025,10
2025-10-16,57.459999084472656,1.8116999864578247,2.1535000801086426,,18.63140034675598,32.98700428009033,23.41660165786743,,23.912559723854066,18.742849862575532,34.251979446411134,,2025,10
2025-10-17,57.540000915527344,1.8377000093460083,2.180000066757202,,19.643399477005005,34.02000188827515,24.43560028076172,,23.900129795074463,18.72054979801178,34.259289789199826,,2025,10
2025-10-20,57.52000045776367,1.830199956893921,2.1921000480651855,,19.348397731781006,34.54820156097412,24.41499900817871,,23.87878978252411,18.665749740600585,34.304869866371156,,2025,10
2025-10-21,57.81999969482422,1.8252999782562256,2.2058000564575195,,18.842599391937256,34.8236026763916,24.16960048675537,,23.82942979335785,18.58026976585388,34.327749848365784,,2025,10
2025-10-22,58.5,1.8650000095367432,2.2495999336242676,,19.830000400543213,35.98319721221924,25.214399337768555,,23.84928970336914,18.581789636611937,34.384289836883546,,2025,10
2025-10-23,61.790000915527344,1.926900029182434,2.4030001163482666,,19.139800310134888,39.13600397109985,25.805201530456543,,23.886920046806335,18.583160054683685,34.49444003105164,,2025,10
2025-10-24,61.5,1.922700047492981,2.40310001373291,,19.2534019947052,39.43020057678223,25.97900152206421,,23.919000124931337,18.552870130538942,34.65126011371613,,2025,10
2025-10-27,61.310001373291016,1.9204000234603882,2.4361000061035156,,19.346799612045288,41.00619888305664,26.566599369049072,,23.97707006931305,18.503000104427336,34.92520999908447,,2025,10
2025-10-28,60.150001525878906,1.9251999855041504,2.387200117111206,,20.70839786529541,40.11240339279175,27.17639970779419,,24.059579968452454,18.51382987499237,35.15108015537262,,2025,10
2025-10-29,60.47999954223633,1.9737000465393066,2.424299955368042,,22.41540241241455,41.340598583221436,28.723801136016846,,24.333179998397828,18.763209891319274,35.47312021255493,,2025,10
2025-10-30,60.56999969482422,2.0034000873565674,2.4600000381469727,,23.57280397415161,42.75000190734863,29.965203285217285,,24.693590211868287,19.078750169277193,35.92327029705048,,2025,10
2025-10-31,60.97999954223633,1.9931000471115112,2.4312000274658203,,22.730202436447144,41.130401611328125,28.86360216140747,,25.010660409927368,19.35221039056778,36.327560448646544,,2025,10
2025-11-03,61.04999923706055,1.916100025177002,2.4052999019622803,,19.426201820373535,39.972596645355225,26.27500009536743,,25.175660419464112,19.41466040611267,36.69766044616699,,2025,11
2025-11-04,60.560001373291016,1.9227999448776245,2.4446001052856445,,20.197596311569214,42.113203048706055,27.502798557281494,,25.400130248069765,19.53385012149811,37.13269050121308,,2025,11
2025-11-05,59.599998474121094,1.9092999696731567,2.432499885559082,,20.59060025215149,42.56499671936035,27.915399074554443,,25.646190118789672,19.68093008995056,37.5767101764679,,2025,11
2025-11-06,59.43000030517578,1.9656000137329102,2.4960999488830566,,23.125200271606445,45.4061975479126,30.552199363708496,,26.01745014190674,19.95923012495041,38.133890175819396,,2025,11
2025-11-07,59.75,1.9402999877929688,2.482100009918213,,21.742599487304688,44.49820041656494,29.327799797058105,,26.337200164794922,20.168520176410674,38.67456014156342,,2025,11
2025-11-10,60.130001068115234,1.9710999727249146,2.5104000568389893,,22.656197786331177,45.306801319122314,30.206398963928223,,26.66591022014618,20.403850257396698,39.19003014564514,,2025,11
2025-11-11,61.040000915527344,2.01200008392334,2.575700044631958,,23.46400260925293,47.13940095901489,31.355802059173584,,27.0703403711319,20.671990323066712,39.86704046726227,,2025,11
2025-11-12,58.4900016784668,1.955399990081787,2.481600046157837,,23.63679790496826,45.73720026016235,31.00359869003296,,27.443500304222106,20.915090119838716,40.50032067298889,,2025,11
2025-11-13,58.689998626708984,1.9596999883651733,2.4646999835968018,,23.617400884628296,44.82740068435669,30.687400817871094,,27.80704026222229,21.16439014673233,41.09234049320221,,2025,11
2025-11-14,60.09000015258789,2.0116000175476074,2.531100034713745,,24.39720058441162,46.216201305389404,31.67020082473755,,28.168770289421083,21.40208020210266,41.70215046405792,,2025,11
2025-11-17,59.90999984741211,1.9901000261306763,2.546999931335449,,23.674201250076294,47.06399726867676,31.470799922943115,,28.5215603351593,21.618370378017424,42.32794024944305,,2025,11
2025-11-18,60.7400016784668,1.9993000030517578,2.7011001110076904,,23.23059844970703,52.7062029838562,33.05579996109009,,28.96587030887604,21.837770330905915,43.22207026481628,,2025,11
2025-11-19,59.439998626708984,1.9321000576019287,2.635699987411499,,21.70820379257202,51.259400844573975,31.558602809906006,,29.28308048248291,21.931680500507355,43.985880446434024,,2025,11
2025-11-20,59.13999938964844,1.9184000492095947,2.5332999229431152,,21.43280267715454,47.2585973739624,30.041400909423828,,29.494890451431274,22.046330618858338,44.39201011657715,,2025,11
2025-11-21,58.060001373291016,1.8833999633789062,2.456399917602539,,21.042797088623047,45.108795166015625,29.064796447753906,,29.649180197715758,22.13580037355423,44.675939846038816,,2025,11
2025-11-24,58.84000015258789,1.8966000080108643,2.406100034713745,,20.817200183868408,42.216201305389404,27.95020055770874,,29.718360257148742,22.209320402145387,44.736439967155455,,2025,11
2025-11-25,57.95000076293945,1.857200026512146,2.353800058364868,,20.05240035057068,40.90960168838501,27.00480079650879,,29.709780311584474,22.17652052640915,44.77629988193512,,2025,11
2025-11-26,58.650001525878906,1.8890000581741333,2.325500011444092,,20.688000917434692,39.02099895477295,26.79900026321411,,29.613540267944337,22.090150451660158,44.6603199005127,,2025,11
2025-11-28,58.54999923706055,1.895900011062622,2.3329999446868896,,21.07780122756958,39.43599843978882,27.197200298309326,,29.475140118598937,21.965400314331056,44.494619727134705,,2025,11
2025-12-01,59.31999969482422,1.868899941444397,2.3399999141693115,,19.173797845840454,38.959996700286865,25.769197463989258,,29.32041988372803,21.78758008480072,44.38609948158264,,2025,12
2025-12-02,58.63999938964844,1.830299973487854,2.312700033187866,,18.23259949684143,38.49340200424194,24.9862003326416,,29.255979895591736,21.727899968624115,44.31213974952698,,2025,12
2025-12-03,58.95000076293945,1.8272000551223755,2.300800085067749,,17.792401552200317,37.683602809906006,24.422801971435547,,29.10198006629944,21.60764023065567,44.090659737586975,,2025,12
2025-12-04,59.66999816894531,1.8271000385284424,2.3036999702453613,,17.068203449249268,37.08540058135986,23.740602493286133,,28.89324023723602,21.43152039051056,43.81667993068695,,2025,12
2025-12-05,60.08000183105469,1.8341000080108643,2.3629000186920166,,16.95219850540161,39.16179895401001,24.355398654937744,,28.583400201797485,21.12287030220032,43.50446000099182,,2025,12
2025-12-08,58.880001068115234,1.7980999946594238,2.2981998920440674,,16.640198707580566,37.644394397735596,23.641597270965576,,28.29909007549286,20.867750263214113,43.16176970005036,,2025,12
2025-12-09,58.25,1.7897000312805176,2.2600998878479004,,16.91740131378174,36.674195289611816,23.502999305725098,,27.963920092582704,20.58081043958664,42.73013939857483,,2025,12
2025-12-10,58.459999084472656,1.781499981880188,2.2730000019073486,,16.36300015449524,37.006000995635986,23.24400043487549,,27.558330011367797,20.225760316848756,42.22346940040588,,2025,12
2025-12-11,57.599998474121094,1.7597999572753906,2.2288999557495117,,16.311599731445312,36.0137996673584,22.878999710083008,,27.1521000623703,19.859500408172607,41.73729937076568,,2025,12
2025-12-12,57.439998626708984,1.7520999908447266,2.197999954223633,,16.14820098876953,34.875999450683594,22.39080047607422,,26.737270045280457,19.48604041337967,41.23972930908203,,2025,12
2025-12-15,56.81999969482422,1.732300043106079,2.1805999279022217,,15.936602115631104,34.76519727706909,22.2128005027771,,26.264400029182433,19.063010489940645,40.667179107666016,,2025,12
2025-12-16,55.27000045776367,1.680899977684021,2.1285998821258545,,15.32779860496521,34.13119459152222,21.59559726715088,,25.770639896392822,18.64569035768509,40.020538973808286,,2025,12
2025-12-17,55.939998626708984,1.6943000555038452,2.1494998931884766,,15.220603704452515,34.33899688720703,21.593401432037354,,25.197519969940185,18.245190620422363,39.10217866897583,,2025,12
2025-12-18,56.150001525878906,1.701300024986267,2.1315999031066895,,15.304599523544312,33.37719440460205,21.328797817230225,,24.686029720306397,17.925010406970976,38.208068346977235,,2025,12
2025-12-19,56.65999984741211,1.7081999778747559,2.1219000816345215,,15.084399223327637,32.45980358123779,20.876200675964355,,24.227769708633424,17.607590234279634,37.468128657341005,,2025,12
2025-12-22,58.0099983215332,1.7422000169754028,2.158099889755249,,15.162402391433716,32.630197048187256,20.985000610351562,,23.823779916763307,17.313570499420166,36.84419875144958,,2025,12
2025-12-23,58.380001068115234,1.7431999444961548,2.1905999183654785,,14.834396600723267,33.62519550323486,21.0979962348938,,23.48116970062256,17.01443032026291,36.414648461341855,,2025,12
2025-12-24,58.349998474121094,1.7470999956130981,2.157599925994873,,15.028201341629028,32.269198417663574,20.775200366973877,,23.16968967914581,16.763220369815826,35.98262829780579,,2025,12
2025-12-26,56.7400016784668,1.697100043296814,2.1070001125335693,,14.53820013999939,31.754003047943115,20.276801109313965,,22.843579721450805,16.45573033094406,35.6192785024643,,2025,12
2025-12-29,58.08000183105469,1.7151999473571777,2.127500057220459,,13.958395957946777,31.27500057220459,19.730597496032715,,22.470249581336976,16.09976006746292,35.21122860908508,,2025,12
2025-12-30,57.95000076293945,1.7209999561309814,2.1505000591278076,,14.331997394561768,32.37100172042847,20.344998836517334,,22.199039649963378,15.857670044898986,34.88177886009216,,2025,12
2025-12-31,57.41999816894531,1.705399990081787,2.1205999851226807,,14.206801414489746,31.645201206207275,20.019601345062256,,21.95070970058441,15.656380140781403,34.53936882019043,,2025,12
2026-01-02,57.31999969482422,1.698199987411499,2.1150999069213867,,14.00439977645874,31.514196395874023,19.840998649597168,,21.721619534492493,15.466980051994323,34.23089849948883,,2026,1
2026-01-05,58.31999969482422,1.7200000286102295,2.1428000926971436,,13.92000150680542,31.67760419845581,19.839202404022217,,21.526549530029296,15.309569954872131,33.96050868034363,,2026,1
2026-01-06,57.130001068115234,1.700600028038025,2.0829999446868896,,14.295200109481812,30.35599660873413,19.648798942565918,,21.291219544410705,15.17672003507614,33.52021856307984,,2026,1
2026-01-07,55.9900016784668,1.6944999694824219,2.0566999912261963,,15.178997039794922,30.391397953033447,20.249797344207764,,21.121629548072814,15.10365995168686,33.157568740844724,,2026,1
2026-01-08,57.7599983215332,1.7603000402450562,2.119499921798706,,16.172603368759155,31.25899839401245,21.201401710510254,,21.006549668312072,15.06642005443573,32.88680889606476,,2026,1
2026-01-09,59.119998931884766,1.7805999517440796,2.134999990463257,,15.665199041366577,30.55000066757202,20.62679958343506,,20.87568962574005,15.031529998779297,32.56400887966156,,2026,1
2026-01-12,59.5,1.7937999963760376,2.154400110244751,,15.839599847793579,30.98480463027954,20.888001441955566,,20.77613971233368,15.00793000459671,32.31255912780762,,2026,1
2026-01-13,61.150001525878906,1.8265000581741333,2.2383999824523926,,15.563000917434692,32.86279773712158,21.329599857330322,,20.723079681396484,14.978670001029968,32.21189904212952,,2026,1
2026-01-14,62.02000045776367,1.830399990081787,2.281899929046631,,14.856799125671387,33.819796562194824,21.1777982711792,,20.67132956981659,14.924679851531982,32.1646290063858,,2026,1
2026-01-15,59.189998626708984,1.7838000059127808,2.2083001136779785,,15.729601621627808,33.55860614776611,21.672603130340576,,20.675179862976073,14.944770002365113,32.135999584198,,2026,1
2026-01-16,59.439998626708984,1.7851999998092651,2.237600088119507,,15.538401365280151,34.5392050743103,21.872002601623535,,20.689109921455383,14.960659885406494,32.146009993553164,,2026,1
2026-01-20,60.34000015258789,1.823799967765808,2.3385000228881836,,16.25959849357605,37.87700080871582,23.465399265289307,,20.795939993858337,15.00840983390808,32.37100031375885,,2026,1
2026-01-21,60.619998931884766,1.8573999404907227,2.430500030517578,,17.390798568725586,41.461002349853516,25.414199829101562,,21.0228399515152,15.123729801177978,32.82106025218964,,2026,1
2026-01-22,59.36000061035156,1.817199945449829,2.36680006980896,,16.96239709854126,40.045602321624756,24.656798839569092,,21.206429862976073,15.213729536533355,33.19183051586151,,2026,1
2026-01-23,61.06999969482422,1.8509999513626099,2.428499937057495,,16.671998262405396,40.926997661590576,24.75699806213379,,21.389379954338075,15.305609619617462,33.5569206237793,,2026,1
2026-01-26,60.630001068115234,1.820099949836731,2.568000078201294,,15.814196825027466,47.22600221633911,26.284798622131348,,21.66485986709595,15.344909393787384,34.304760813713074,,2026,1
2026-01-27,62.38999938964844,1.8652000427246094,2.646199941635132,,15.948402404785156,48.7503981590271,26.88240098953247,,21.99513986110687,15.415419507026673,35.154580569267274,,2026,1
2026-01-28,63.209999084472656,1.892300009727478,2.666100025177002,,16.26660132408142,48.766201972961426,27.099801540374756,,22.363600063323975,15.530829775333405,36.02914063930511,,2026,1
2026-01-29,65.41999816894531,1.9199999570846558,2.585400104522705,,15.22000002861023,43.1668062210083,24.53560209274292,,22.573130226135255,15.575229907035828,36.568930864334106,,2026,1
2026-01-30,65.20999908447266,1.9227999448776245,2.735599994659424,,15.547598600387573,49.685200691223145,26.926799297332764,,22.91849012374878,15.642269766330719,37.4709308385849,,2026,1
2026-02-02,62.13999938964844,1.8514000177383423,2.359800100326538,,15.618801355361938,36.97160482406616,22.73640251159668,,23.063260316848755,15.72298984527588,37.743801259994505,,2026,2
2026-02-03,63.209999084472656,1.8978999853134155,2.4093000888824463,,16.501800298690796,37.98060464859009,23.661401748657227,,23.254370284080505,15.852079784870147,38.05895128250122,,2026,2
2026-02-04,65.13999938964844,1.9651999473571777,2.4700000286102295,,17.398398399353027,38.6000018119812,24.465599536895752,,23.495210313796996,16.00723969936371,38.47115154266358,,2026,2
2026-02-05,63.290000915527344,1.9265999794006348,2.393199920654297,,17.627198219299316,37.224395751953125,24.159597396850586,,23.690700316429137,16.129649758338928,38.81280143260956,,2026,2
2026-02-06,63.54999923706055,1.9531999826431274,2.413300037384033,,18.484400033950806,37.80860233306885,24.925800800323486,,23.8769202709198,16.245239591598512,39.14028162956238,,2026,2
2026-02-09,64.36000061035156,1.9854999780654907,2.4168999195098877,,19.030998468399048,37.14979600906372,25.070597648620605,,24.099110174179078,16.413529562950135,39.47027139663696,,2026,2
2026-02-10,63.959999084472656,1.9592000246047974,2.3987998962402344,,18.326401948928833,36.78959655761719,24.48080015182495,,24.278750109672547,16.5378696680069,39.76051099300385,,2026,2
2026-02-11,64.62999725341797,1.9788999557495117,2.4403998851776123,,18.483800888061523,37.86679792404175,24.94479990005493,,24.459510111808775,16.683909666538238,40.01071100234985,,2026,2
2026-02-12,62.84000015258789,1.9158999919891357,2.392699956893921,,17.62779951095581,37.65339803695679,24.302999019622803,,24.615770149230958,16.82245968580246,40.20239107608795,,2026,2
2026-02-13,62.88999938964844,1.9110000133514404,2.3879001140594482,,17.37200117111206,37.40180540084839,24.04860258102417,,24.734570121765138,16.90457966327667,40.394551038742065,,2026,2
2026-02-17,62.33000183105469,1.9143999814987183,2.3905999660491943,,18.07479739189148,38.075196743011475,24.741597175598145,,24.878049850463867,17.03139946460724,40.57135062217712,,2026,2
2026-02-18,65.19000244140625,1.968000054359436,2.518699884414673,,17.465999841690063,40.59539270401001,25.17579746246338,,24.96356976032257,17.091719532012938,40.707270216941836,,2026,2
2026-02-19,66.43000030517578,2.0065999031066895,2.6147000789642334,,17.847195625305176,43.38740301132202,26.36059808731079,,25.01088967323303,17.11453938484192,40.80359025001526,,2026,2
2026-02-20,66.38999938964844,1.9973000288009644,2.5857999324798584,,17.496601819992065,42.213597774505615,25.735600471496582,,25.064829754829407,17.141249620914458,40.9119900226593,,2026,2
2026-02-23,66.30999755859375,1.9891999959945679,2.6782000064849854,,17.2364022731781,46.174402713775635,26.882402420043945,,25.171099972724914,17.169469821453095,41.174360275268555,,2026,2
2026-02-24,65.62999725341797,1.9714000225067139,2.6868999004364014,,17.168803691864014,47.21979856491089,27.18580198287964,,25.21615014076233,17.23720016479492,41.174050092697144,,2026,2
2026-02-25,65.41999816894531,1.9914000034332275,2.6740000247955322,,18.218801975250244,46.88800287246704,27.77520227432251,,25.260790205001832,17.350720143318178,41.08093032836914,,2026,2
2026-02-26,65.20999908447266,2.0322999954223633,2.612499952316284,,20.1466007232666,44.51499891281128,28.269400119781494,,25.319270133972168,17.544720113277435,40.86837017536163,,2026,2
2026-02-27,67.0199966430664,2.077899932861328,2.6709001064300537,,20.251800537109375,45.15780782699585,28.553802967071533,,25.520180177688598,17.796310138702392,40.967920255661014,,2026,2
2026-03-02,71.2300033569336,2.3705999851226807,2.900399923324585,,28.335196018218994,50.586793422698975,35.752395153045654,,25.961459970474245,18.435690009593962,41.0129998922348,,2026,3
2026-03-03,74.55999755859375,2.45740008354187,3.1868999004364014,,28.650805950164795,59.28979825973511,38.86380338668823,,26.76783001422882,19.087290239334106,42.12890956401825,,2026,3
2026-03-04,74.66000366210938,2.514899969100952,3.293800115585327,,30.965795040130615,63.679601192474365,41.870397090911865,,27.67827978134155,19.810489976406096,43.41385939121246,,2026,3
2026-03-05,81.01000213623047,2.6709001064300537,3.614300012588501,,31.167802333831787,70.79059839248657,44.37540102005005,,28.673769855499266,20.498960173130037,45.02338922023773,,2026,3
2026-03-06,90.9000015258789,2.7465999126434326,3.6224000453948975,,24.457194805145264,61.24080038070679,36.71839666366577,,29.301709818840028,20.840460002422333,46.224209451675414,,2026,3
2026-03-09,94.7699966430664,2.8083999156951904,3.5866000652313232,,23.182799816131592,55.86720609664917,34.07760190963745,,29.759299874305725,21.07537999153137,47.127139639854434,,2026,3
2026-03-10,83.44999694824219,2.6403000354766846,3.34660005569458,,27.442604541778564,57.107205390930176,37.3308048248291,,30.37231023311615,21.495960295200348,48.125010108947755,,2026,3
2026-03-11,87.25,2.788300037384033,3.678800106048584,,29.858601570129395,67.25960445404053,42.325602531433105,,31.264550352096556,22.072570276260375,49.64851050376892,,2026,3
2026-03-12,95.7300033569336,2.964600086212158,3.898900032043457,,28.78320026397705,68.0237979888916,41.863399505615234,,32.11048033237457,22.587540245056154,51.156360507011414,,2026,3
2026-03-13,98.70999908447266,3.0413999557495117,4.014699935913086,,29.028799057006836,69.90739822387695,42.654998779296875,,33.02808032035828,23.157590222358703,52.76906051635742,,2026,3
2026-03-16,93.5,3.0002999305725098,3.8375000953674316,,32.51259708404541,67.67500400543213,44.233399391174316,,34.03732016086578,23.914620018005373,54.28272044658661,,2026,3
2026-03-17,96.20999908447266,3.1233999729156494,4.0157999992370605,,34.97279977798462,72.45360088348389,47.466400146484375,,35.17356030941009,24.759520137310027,56.00164065361023,,2026,3
2026-03-18,96.31999969482422,3.0985000133514404,4.197800159454346,,33.81700086593628,79.9876070022583,49.20720291137695,,36.37513058185577,25.577070188522338,57.971251368522644,,2026,3
2026-03-19,96.13999938964844,3.1270999908447266,4.3420000076293945,,35.19820022583008,86.22400093078613,52.20680046081543,,37.667440700531,26.444620418548585,60.11308126449585,,2026,3
2026-03-20,98.31999969482422,3.2862000465393066,4.608399868011475,,39.70040225982666,95.23279476165771,58.21119976043701,,39.29122066497803,27.554810440540315,62.76404111385345,,2026,3
2026-03-23,88.12999725341797,2.974900007247925,4.056000232696533,,36.81580305099487,82.22201251983643,51.95120620727539,,40.5446608543396,28.53378047943115,64.56642160415649,,2026,3
2026-03-24,92.3499984741211,3.1480000019073486,4.290900230407715,,39.86600160598755,87.86781120300293,55.866604804992676,,41.97870099544525,29.66864037513733,66.5988222360611,,2026,3
2026-03-25,90.31999969482422,3.012399911880493,4.00629997253418,,36.200796604156494,77.94459915161133,50.115397453308105,,43.09571075439453,30.56774010658264,68.15165205001831,,2026,3
2026-03-26,94.4800033569336,3.130199909210205,4.273399829864502,,36.98839282989502,85.00278949737549,52.993191719055176,,44.33190033435822,31.409829711914064,70.17604157924652,,2026,3
2026-03-27,99.63999938964844,3.2500998973846436,4.495500087738037,,36.86419630050659,89.17100429534912,54.2997989654541,,45.61920013427734,32.240449500083926,72.37670140266418,,2026,3
2026-03-30,102.87999725341797,3.3515000343322754,4.364299774169922,,37.8830041885376,80.42059326171875,52.06220054626465,,46.43469040393829,32.717839908599856,73.86839139461517,,2026,3
2026-03-31,101.37999725341797,3.312299966812134,4.163400173187256,,37.73660135269165,73.48281002044678,49.65200424194336,,46.97410044670105,33.17212967872619,74.57804198265076,,2026,3
2026-04-01,100.12000274658203,3.091399908065796,4.05679988861084,,29.718793392181396,70.26559257507324,43.23439311981201,,47.042300248146056,33.109779596328735,74.9073415517807,,2026,4
2026-04-02,111.54000091552734,3.2880001068115234,4.361100196838379,,26.55600357055664,71.62620735168457,41.57940483093262,,46.90250043869018,32.879189658164975,74.9491219997406,,2026,4
2026-04-06,112.41000366210938,3.308199882507324,4.328400135040283,,26.534391403198242,69.38280200958252,40.81719493865967,,47.10744035243988,32.98304948806763,75.35622208118438,,2026,4
2026-04-07,112.94999694824219,3.3052000999450684,4.477399826049805,,25.868407249450684,75.10079574584961,42.27920341491699,,47.51752042770386,33.11732985973358,76.31790156364441,,2026,4
2026-04-08,94.41000366210938,3.0058999061584473,3.8083999156951904,,31.83779239654541,65.54279279708862,43.072792530059814,,47.80461981296539,33.33708925247193,76.73968093395233,,2026,4
2026-04-09,97.87000274658203,3.000699996948242,3.937000036239624,,28.15939712524414,67.48399877548218,41.267597675323486,,47.75171957015991,33.252129030227664,76.75090065002442,,2026,4
2026-04-10,96.56999969482422,3.0373001098632812,3.7616000175476074,,30.996604919433594,61.41720104217529,41.13680362701416,,47.715389776229856,33.36279926300049,76.4205708026886,,2026,4
2026-04-13,99.08000183105469,3.115999937057495,3.8341000080108643,,31.791995525360107,61.95219850540161,41.845396518707275,,47.67490966320038,33.50095908641815,76.02281081676483,,2026,4
2026-04-14,91.27999877929688,3.0394999980926514,3.624300003051758,,36.37900114059448,60.94060134887695,44.56620121002197,,47.69154975414276,33.69427928924561,75.68609068393707,,2026,4
2026-04-15,91.29000091552734,3.069200038909912,3.753200054168701,,37.616400718688965,66.3444013595581,47.19240093231201,,47.67784979343414,33.82645933628082,75.38063070774078,,2026,4
2026-04-16,94.69000244140625,3.1637001037597656,3.832900047302246,,38.185401916503906,66.29179954528809,47.55420112609863,,47.59519970417023,34.04487938880921,74.69584033489227,,2026,4
2026-04-17,83.8499984741211,3.0048000812530518,3.39739990234375,,42.35160493850708,58.840797424316406,47.848002433776855,,47.3772598028183,34.402549624443054,73.32668015956878,,2026,4
2026-04-20,89.61000061035156,3.11680006980896,3.5408999919891357,,41.295602321624756,59.10779905319214,47.23300123214722,,46.828349876403806,34.482309627532956,71.5204303741455,,2026,4
2026-04-21,92.12999725341797,3.2098000049591064,3.728800058364868,,42.6816029548645,64.4796051979065,49.947603702545166,,46.7281697511673,34.77559962272644,70.63331000804901,,2026,4
2026-04-22,92.95999908447266,3.3578999042510986,3.9379000663757324,,48.071796894073486,72.4318037033081,56.19179916381836,,46.74442946910858,35.185889387130736,69.86150963306427,,2026,4
2026-04-23,95.8499984741211,3.462100028991699,3.9881999492645264,,49.55820274353027,71.65439939498901,56.92360162734985,,47.08483967781067,35.85375969409942,69.54699964523316,,2026,4
2026-04-24,94.4000015258789,3.462599992752075,3.887399911880493,,51.02919816970825,68.8707947731018,56.9763970375061,,47.283999943733214,36.55579996109009,68.74039990901947,,2026,4
2026-04-27,96.37000274658203,3.490999937057495,3.9746999740600586,,50.251994609832764,70.56739616394043,57.02379512786865,,47.42019975185394,37.2251898765564,67.81021950244903,,2026,4
2026-04-28,99.93000030517578,3.5604000091552734,3.9711999893188477,,49.6068000793457,66.86039924621582,55.35799980163574,,47.584989714622495,37.8113796710968,67.1322098016739,,2026,4
2026-04-29,106.87999725341797,3.7411000728607178,4.198699951171875,,50.24620580673218,69.46540069580078,56.65260410308838,,47.93501970767975,38.436859893798825,66.93133933544159,,2026,4
2026-04-30,105.06999969482422,3.7715001106262207,4.138400077819824,,53.33300495147705,68.7428035736084,58.4696044921875,,48.696780276298526,39.617570471763614,66.85519988536835,,2026,4
2026-05-01,101.94000244140625,3.5952000617980957,3.9463999271392822,,49.05840015411377,63.8087944984436,53.97519826889038,,49.31656994819641,40.74269030094147,66.4643292427063,,2026,5
2026-05-04,106.41999816894531,3.7381999492645264,4.073200225830078,,50.584399700164795,64.65441131591797,55.27440357208252,,50.039430379867554,41.94519071578979,66.22790970802308,,2026,5
2026-05-05,102.2699966430664,3.6205999851226807,4.030200004577637,,49.79520273208618,66.99840354919434,55.529603004455566,,50.70195035934448,43.14153048992157,65.82279009819031,,2026,5
2026-05-06,95.08000183105469,3.4593000411987305,3.785599946975708,,50.21059989929199,63.91519594192505,54.77879858016968,,51.287250661849974,44.0601708650589,65.74141025543213,,2026,5
2026-05-07,94.80999755859375,3.4560000896453857,3.8166000843048096,,50.34200620651245,65.48720598220825,55.390406131744385,,51.99339108467102,45.16930131912231,65.64157061576843,,2026,5
2026-05-08,95.41999816894531,3.526700019836426,3.8991000652313232,,52.70140266418457,68.34220457077026,57.915003299713135,,52.832301068305966,46.25454120635986,65.98782079219818,,2026,5
2026-05-11,98.06999969482422,3.5998001098632812,3.968600034713745,,53.121604919433594,68.61120176315308,58.28480386734009,,53.65427143573761,47.32102167606354,66.32077095508575,,2026,5
2026-05-12,102.18000030517578,3.697700023651123,4.15880012512207,,53.12340068817139,72.48960494995117,59.57880210876465,,54.404901480674745,48.15824165344238,66.89822113513947,,2026,5
2026-05-13,101.0199966430664,3.6187000274658203,3.9667000770568848,,50.96540451049805,65.58140659332275,55.83740520477295,,54.83715169429779,48.825691843032835,66.86007139682769,,2026,5
2026-05-14,101.16999816894531,3.6057000160217285,3.905600070953369,,50.269402503967285,62.86520481109619,54.468003273010254,,55.18284180164337,49.429891872406,66.6887416601181,,2026,5
2026-05-15,105.41999816894531,3.701900005340576,4.053400039672852,,50.05980205535889,64.82280349731445,54.98080253601074,,55.53948180675506,49.8153017282486,66.987841963768,,2026,5
2026-05-18,108.66000366210938,3.760699987411499,4.114500045776367,,49.289395809173584,64.14899826049805,54.24259662628174,,55.88996157646179,50.21499140262604,67.2399019241333,,2026,5
2026-05-19,107.7699966430664,3.696199893951416,4.162499904632568,,47.470398902893066,67.05499935150146,53.9985990524292,,56.09251134395599,50.454431200027464,67.36867163181304,,2026,5
2026-05-20,98.26000213623047,3.4874000549316406,3.9470999240875244,,48.21080017089844,67.51819467544556,54.64659833908081,,56.015251302719115,50.46138136386871,67.12299118041992,,2026,5
2026-05-21,96.3499984741211,3.3796000480651855,3.8315999507904053,,45.5932035446167,64.57719945907593,51.921202182769775,,55.765131330490114,50.26313140392303,66.76913118362427,,2026,5
2026-05-22,96.5999984741211,3.453900098800659,3.8877999782562256,,48.46380567550659,66.68760061264038,54.53840398788452,,55.64323167800903,50.134861779212955,66.6599714756012,,2026,5
2026-05-26,93.88999938964844,3.2204999923706055,3.714600086212158,,41.37100028991699,62.12320423126221,48.28840160369873,,55.20646200180054,49.690812063217166,66.23776187896729,,2026,5
2026-05-27,88.68000030517578,3.133699893951416,3.5975000858306885,,42.93539524078369,62.415003299713135,49.428597927093506,,54.90999190807342,49.357241821289065,66.01549208164215,,2026,5
2026-05-28,88.9000015258789,3.1851999759674072,3.6187000274658203,,44.8783974647522,63.08539962768555,50.94739818572998,,54.62473161220551,49.088851404190066,65.69649202823639,,2026,5
2026-05-29,87.36000061035156,3.126699924468994,3.5373001098632812,,43.96139621734619,61.20660400390625,49.70979881286621,,54.18674132823944,48.62027096748352,65.31968204975128,,2026,5
2026-06-01,92.16000366210938,3.084700107574463,3.639400005340576,,37.397400856018066,60.694796562194824,45.16319942474365,,53.74614138603211,48.03722100257873,65.16398215293884,,2026,6
2026-06-02,93.76000213623047,3.1442999839782715,3.698699951171875,,38.300597190856934,61.58539581298828,46.06219673156738,,53.28553104400635,47.42303087711334,65.01053137779236,,2026,6
2026-06-03,96.0199966430664,3.1315999031066895,3.848099946975708,,35.50719928741455,65.60020112991333,45.53819990158081,,52.78596088886261,46.70863070487976,64.94062125682831,,2026,6
2026-06-04,93.04000091552734,3.038300037384033,3.673799991607666,,34.56860065460205,61.25959873199463,43.46560001373291,,52.22030096054077,45.92653074264526,64.80784139633178,,2026,6
2026-06-05,90.54000091552734,3.0459001064300537,3.587399959564209,,37.38780355453491,60.130797386169434,44.968801498413086,,51.69922072887421,45.27882061004639,64.54002096652985,,2026,6
2026-06-08,91.30000305175781,3.0706000328063965,3.599900007247925,,37.66519832611084,59.89579725265503,45.075397968292236,,51.05724046230316,44.5270103931427,64.11770060062409,,2026,6
2026-06-09,88.19999694824219,3.0211000442504883,3.541800022125244,,38.68620491027832,60.555603981018066,45.9760046005249,,50.4418004989624,43.80524039268494,63.71492071151734,,2026,6
2026-06-10,90.02999877929688,3.1098999977111816,3.612600088119507,,40.585801124572754,61.69920492172241,47.62360239028931,,49.844040513038635,43.17836041450501,63.1754007101059,,2026,6
2026-06-11,87.70999908447266,3.1013998985290527,3.5130999088287354,,42.54879665374756,59.84019708633423,48.312596797943115,,49.467800092697146,42.75753002166748,62.88834023475647,,2026,6
2026-06-12,84.87999725341797,3.049799919128418,3.404400110244751,,43.211599349975586,58.10480737686157,48.17600202560425,,49.15320003032684,42.404639863967894,62.65032036304474,,2026,6
2026-06-15,80.75,2.947200059890747,3.2664999961853027,,43.03240251541138,56.442999839782715,47.502601623535156,,48.77928998470306,42.05326988697052,62.23133018016815,,2026,6
2026-06-16,76.05000305175781,2.880500078201294,3.1702001094818115,,44.93100023269653,57.09840154647827,48.98680067062378,,48.51650018692017,41.83535010814667,61.878800344467166,,2026,6
2026-06-17,76.79000091552734,2.909600019454956,3.1946001052856445,,45.41319990158081,57.38320350646973,49.40320110321045,,48.28673028945923,41.732490158081056,61.39521055221557,,2026,6
2026-06-18,76.5999984741211,2.9948999881744385,3.1273000240325928,,49.18580102920532,54.7466025352478,51.03940153121948,,48.10637044906616,41.7812402009964,60.756630945205686,,2026,6
2026-06-22,74.81999969482422,2.986999988555908,3.093100070953369,,50.633999824523926,55.090203285217285,52.11940097808838,,48.116280388832095,42.03328001499176,60.28228113651276,,2026,6
2026-06-23,73.20999908447266,2.9590001106262207,3.154599905014038,,51.06800556182861,59.28319692611694,53.80640268325806,,48.07968032360077,42.163490009307864,59.912060952186586,,2026,6
2026-06-24,70.33999633789062,2.8817999362945557,3.1761999130249023,,50.69560098648071,63.06040000915527,54.817200660705566,,48.40612027645111,42.62972004413605,59.958920741081236,,2026,6
2026-06-25,71.91999816894531,3.0272998809814453,3.2981998920440674,,55.22659683227539,66.60439729690552,59.0191969871521,,48.88565022945404,43.24428012371063,60.168390440940854,,2026,6
2026-06-26,69.2300033569336,2.9570999145507812,3.208199977874756,,54.96819305419922,65.51439571380615,58.48359394073486,,49.26246001720428,43.74876990318298,60.289840245246886,,2026,6
2026-06-29,70.75,3.0613999366760254,3.331700086593628,,57.828797340393066,69.18140363693237,61.6129994392395,,49.857620048522946,44.44213995933533,60.688580226898196,,2026,6
2026-06-30,69.5,3.014400005340576,3.316800117492676,,57.1048002243042,69.80560493469238,61.338401794433594,,50.666380167007446,45.42750992774963,61.144120645523074,,2026,6
2026-07-01,68.58000183105469,2.945199966430664,3.217900037765503,,55.1183967590332,66.57179975509644,58.93619775772095,,51.31008021831512,46.26839990615845,61.39344084262848,,2026,7
2026-07-02,68.69000244140625,2.91729998588562,3.1821999549865723,,53.836596965789795,64.96239566802979,57.545196533203125,,51.91043004989624,47.18486979007721,61.3615505695343,,2026,7
2026-07-06,68.55000305175781,3.0032999515533447,3.2983999252319336,,57.588594913482666,69.9827938079834,61.71999454498291,,52.82314977645874,48.33586950302124,61.79771032333374,,2026,7
2026-07-07,70.44000244140625,2.953900098800659,3.3017001152038574,,53.623801708221436,68.23140239715576,58.49300193786621,,53.4993597984314,49.14766941070557,62.202740573883055,,2026,7
2026-07-08,73.5199966430664,3.1033999919891357,3.6575000286102295,,56.822803020477295,80.09500455856323,64.58020353317261,,54.474600076675415,50.10554964542389,63.21270093917847,,2026,7
2026-07-09,72.08000183105469,3.0387001037597656,3.5715999603271484,,55.54540252685547,77.92719650268555,63.00600051879883,,55.32609987258911,50.94850952625275,64.08128056526184,,2026,7
2026-07-10,71.41000366210938,2.984600067138672,3.553299903869629,,53.943199157714844,77.82859230041504,61.90499687194824,,56.04016959667206,51.61637942790985,64.88774993419648,,2026,7
2026-07-13,78.13999938964844,3.166300058364868,3.8236000537872314,,54.844603061676025,82.45120286941528,64.04680299758911,,56.826879906654355,52.23116974830627,66.01830022335052,,2026,7
2026-07-14,79.33999633789062,3.227299928665161,4.0142998695373535,,56.20660066604614,89.26059818267822,67.22459983825684,,57.779309797286984,52.8809198141098,67.57608976364136,,2026,7
2026-07-15,79.5999984741211,3.3008999824523926,3.9482998847961426,,59.037800788879395,86.2285966873169,68.1013994216919,,58.80924968719482,53.681189727783206,69.06536960601807,,2026,7
2026-07-16,78.94999694824219,3.2846999168395996,4.030700206756592,,59.007399559020996,90.33941173553467,69.45140361785889,,59.83247983455658,54.38500969409942,70.72742011547089,,2026,7
2026-07-17,82.48999786376953,3.392699956893921,4.064599990844727,,60.00340032577515,88.22320175170898,69.41000080108643,,60.83281981945038,55.11451971530914,72.26942002773285,,2026,7
2026-07-20,83.2300033569336,3.3889999389648438,4.11899995803833,,59.107994079589844,89.76799488067627,69.32799434661865,,61.74724946022034,55.610629367828366,74.02048964500428,,2026,7
2026-07-21,84.91000366210938,3.405900001525879,4.1265997886657715,,58.13779640197754,88.40718746185303,68.22759342193604,,62.55265908241272,55.98581919670105,75.68633885383606,,2026,7
2026-07-22,86.83000183105469,3.4147000312805176,4.148799896240234,,56.58739948272705,87.41959381103516,66.86479759216309,,63.20557882785797,56.26178889274597,77.09315869808196,,2026,7
2026-07-23,92.19000244140625,3.4964001178741455,4.341599941253662,,54.65880250930786,90.15719509124756,66.4916000366211,,63.789298796653746,56.45994896888733,78.44799845218658,,2026,7
2026-07-24,89.30999755859375,3.395900011062622,4.180600166320801,,53.31780290603638,86.27520942687988,64.30360507965088,,64.05351920127869,56.364509272575376,79.4315390586853,,2026,7
2026-07-27,82.61000061035156,3.3273000717163086,4.111599922180176,,57.1366024017334,90.07719612121582,68.11680030822754,,64.53517951965333,56.472929739952086,80.65967907905579,,2026,7
2026-07-28,79.26000213623047,3.3345000743865967,4.150899887084961,,60.78900098800659,95.07779312133789,72.21859836578369,,65.06545946598052,56.62093992233277,81.95449855327607,,2026,7
2026-07-29,84.45999908447266,3.3977999687194824,4.370100021362305,,58.247599601745605,99.08420181274414,71.85980033874512,,65.59152939319611,56.67807989120483,83.41842839717864,,2026,7
2026-07-30,83.58999633789062,3.2846999168395996,4.209400177001953,,54.36740016937256,93.2048110961914,67.31320381164551,,66.01037969589234,56.640530061721805,84.7500789642334,,2026,7
2026-07-31,84.66999816894531,3.22160005569458,4.121500015258789,,50.63720417022705,88.43300247192383,63.23580360412598,,66.29491004943847,56.480560421943665,85.9236093044281,,2026,7
2026-08-03,80.33999633789062,2.9667000770568848,3.87719988822937,,44.261406898498535,82.50239896774292,57.00840425491333,,66.059330534935,55.81420102119446,86.54958956241607,,2026,8
2026-08-04,75.7699966430664,2.8522000312805176,3.7704999446868896,,44.02240467071533,82.59100103378296,56.87860345840454,,65.97861061096191,55.33413116931915,87.26756949424744,,2026,8
2026-08-05,75.22000122070312,2.8387999534606934,3.7962000370025635,,44.009596824645996,84.22040033340454,57.41319799423218,,65.62026033401489,54.69347085952759,87.4738392829895,,2026,8
2026-08-06,77.87000274658203,2.702199935913086,3.922300100326538,83.23999786376953,35.62239456176758,86.86660146713257,52.70379686355591,5.3699951171875,65.10515015125274,53.69732046127319,87.92080953121186,5.3699951171875,2026,8
