date,hyg,lqd,tlt,shy,jnk,hyg_lqd_ratio
2021-10-11,65.21195220947266,107.45471954345703,118.31124877929688,74.18312072753906,78.76750183105469,0.606878436671174
2021-10-12,65.33258056640625,108.14079284667969,120.33438110351562,74.21761322021484,78.91329956054688,0.6041437171543005
2021-10-13,65.50598907470703,108.68804931640625,121.50474548339844,74.19173431396484,79.09549713134766,0.6026972559237848
2021-10-14,65.87545013427734,109.20256805419922,121.95616149902344,74.19173431396484,79.53279876708984,0.6032408514567364
2021-10-15,65.76235961914062,108.81056213378906,121.24559020996094,74.14859008789062,79.3724594116211,0.6043747806236116
2021-10-18,65.73218536376953,108.72071075439453,121.81407928466797,74.09683990478516,79.33599090576172,0.6045967222589429
2021-10-19,65.77743530273438,108.12446594238281,120.13372039794922,74.12273406982422,79.39433288574219,0.6083492272487685
2021-10-20,65.80004119873047,107.86311340332031,119.32274627685547,74.14859008789062,79.45262145996094,0.6100328381278207
2021-10-21,65.6341781616211,107.63439178466797,119.1806869506836,74.06233215332031,79.24126434326172,0.6097881641114117
2021-10-22,65.47583770751953,108.06729888916016,120.49322509765625,74.04508972167969,79.06636047363281,0.6058802096522761
2021-10-25,65.58894348144531,108.11628723144531,120.30929565429688,74.07958984375,79.19025421142578,0.6066518298120854
2021-10-26,65.60400390625,108.58183288574219,121.30412292480469,74.06233215332031,79.21211242675781,0.6041895053962054
2021-10-27,65.5512466430664,109.24343872070312,123.51115417480469,74.04508972167969,79.12464904785156,0.6000474482559798
2021-10-28,65.71710968017578,109.08010864257812,123.09320831298828,74.05369567871094,79.31415557861328,0.6024664853929554
2021-10-29,65.54369354248047,109.02289581298828,123.4693832397461,74.06233215332031,79.16838073730469,0.6011920069974147
2021-11-01,65.47333526611328,108.82811737060547,122.58042907714844,74.0287094116211,79.07255554199219,0.6016215004726129
2021-11-02,65.63218688964844,109.24551391601562,123.12448120117188,74.10633087158203,79.20419311523438,0.6007769521785976
2021-11-03,65.76077270507812,108.96725463867188,121.85216522216797,74.08908081054688,79.39439392089844,0.6034911398211916
2021-11-04,65.93475341796875,109.54012298583984,123.13288879394531,74.15808868408203,79.58452606201172,0.6019233101143412
2021-11-05,66.18435668945312,110.34215545654297,124.97439575195312,74.19261932373047,79.94296264648438,0.5998102576083816
2021-11-08,66.10111999511719,110.08846282958984,124.74006652832031,74.10633087158203,79.86249542236328,0.6004363972039254
2021-11-09,66.15412902832031,110.383056640625,126.36397552490234,74.14948272705078,79.92102813720703,0.5993141614450743
2021-11-10,65.78348541259766,109.25371551513672,124.05364227294922,74.00281524658203,79.51140594482422,0.6021166886858286
2021-11-11,65.67003631591797,108.94271850585938,123.86946868896484,73.95101928710938,79.38706970214844,0.602794176761671
2021-11-12,65.69270324707031,108.82811737060547,123.32538604736328,74.01142883300781,79.38706970214844,0.6036372293693095
2021-11-15,65.61705780029297,108.00155639648438,121.7768325805664,74.00281524658203,79.29196166992188,0.6075565944569009
2021-11-16,65.6473388671875,107.821533203125,121.46709442138672,74.00281524658203,79.31394958496094,0.608851839859432
2021-11-17,65.57925415039062,108.2552490234375,122.42971801757812,74.0287094116211,79.19691467285156,0.6057835970262521
2021-11-18,65.52629089355469,108.50082397460938,122.8901138305664,74.02007293701172,79.109130859375,0.6039243619835432
2021-11-19,65.47333526611328,108.91000366210938,124.1875991821289,74.00281524658203,79.05062866210938,0.6011691586132225
2021-11-22,65.22372436523438,107.96068572998047,122.7310562133789,73.91651916503906,78.7580795288086,0.6041432946097144
2021-11-23,65.13298034667969,107.1913833618164,120.95647430419922,73.91651916503906,78.64834594726562,0.6076326128456448
2021-11-24,65.11785125732422,107.70696258544922,122.89849853515625,73.89923858642578,78.61177062988281,0.6045834892583015
2021-11-26,64.64885711669922,108.5826416015625,126.00395965576172,74.04592895507812,78.01204681396484,0.5953885092787145
2021-11-29,65.04975891113281,108.6562728881836,124.99115753173828,74.0804672241211,78.48741912841797,0.5986746754885883
2021-11-30,64.77745819091797,108.89361572265625,126.89132690429688,74.02007293701172,78.13639068603516,0.5948692011100194
2021-12-01,64.78656005859375,108.90919494628906,127.6740493774414,74.02869415283203,78.21199035644531,0.5948676793593475
2021-12-02,65.26466369628906,109.16334533691406,127.8333740234375,73.93370819091797,78.75515747070312,0.5978624372023484
2021-12-03,65.26466369628906,110.07337951660156,129.3586883544922,73.97686004638672,78.7478256225586,0.5929195958451123
2021-12-06,65.55304718017578,109.51588439941406,127.58187866210938,73.91645812988281,79.04143524169922,0.5985711345862674
2021-12-07,65.90213775634766,109.56507873535156,126.55101013183594,73.82151794433594,79.5259017944336,0.6014885264266606
2021-12-08,65.88697814941406,108.83539581298828,124.3636245727539,73.84739685058594,79.54057312011719,0.6053818948995929
2021-12-09,65.59098052978516,108.7452621459961,125.05924224853516,73.82151794433594,79.15153503417969,0.6031617307770696
2021-12-10,65.74278259277344,108.86817932128906,124.75753784179688,73.85604095458984,79.32768249511719,0.6038750992496621
2021-12-13,65.74278259277344,109.36006927490234,126.60132598876953,73.89915466308594,79.34237670898438,0.6011589333169992
2021-12-14,65.62894439697266,108.86817932128906,126.29961395263672,73.85604095458984,79.21761322021484,0.6028294475586861
2021-12-15,65.87938690185547,109.00760650634766,125.08440399169922,73.88191223144531,79.48920440673828,0.6043558703219415
2021-12-16,65.8306655883789,109.00428771972656,125.13307189941406,73.94064331054688,79.40108489990234,0.6039273038290355
2021-12-17,65.76971435546875,109.25891876220703,126.55104064941406,73.9061050415039,79.3613510131836,0.6019619734532708
2021-12-20,65.655517578125,108.78248596191406,125.60289764404297,73.92335510253906,79.2729263305664,0.6035486043324264
2021-12-21,66.00580596923828,108.99608612060547,125.12467956542969,73.88023376464844,79.66336822509766,0.6055795975664857
2021-12-22,66.18093872070312,109.16857147216797,125.70356750488281,73.87156677246094,79.89911651611328,0.6062270287889189
2021-12-23,66.3713150024414,109.00428771972656,124.61283111572266,73.86294555664062,80.13481140136719,0.6088871950899428
2021-12-27,66.43984985351562,109.32466125488281,124.91487121582031,73.83702087402344,80.17903900146484,0.6077297573199496
2021-12-28,66.40934753417969,109.18502044677734,124.41991424560547,73.83702087402344,80.14957427978516,0.6082276420560014
2021-12-29,66.30274963378906,108.58534240722656,123.06068420410156,73.82840728759766,79.99488830566406,0.610604968994199
2021-12-30,66.27230072021484,109.02071380615234,124.09264373779297,73.87156677246094,79.9506607055664,0.6078872390989144
2021-12-31,66.25711059570312,108.85643768310547,124.33596801757812,73.86294555664062,79.98014068603516,0.6086650638760176
2022-01-03,66.22663116455078,107.69822692871094,121.0721664428711,73.77658081054688,79.92855834960938,0.6149277760012558
2022-01-04,66.05908203125,107.78858947753906,120.5687026977539,73.8197250366211,79.78124237060547,0.6128578391408986
2022-01-05,65.54890441894531,107.15607452392578,119.91427612304688,73.72476959228516,79.16980743408203,0.6117143121392485
2022-01-06,65.5565185546875,107.01639556884766,120.22471618652344,73.6643295288086,79.18452453613281,0.6125838775098021
2022-01-07,65.38897705078125,106.55643463134766,119.36053466796875,73.64708709716797,78.97090148925781,0.6136558273276214
2022-01-10,65.44227600097656,106.45787811279297,119.65416717529297,73.60388946533203,78.97822570800781,0.6147245949392298
2022-01-11,65.74688720703125,106.77819061279297,120.45127868652344,73.62976837158203,79.37606048583984,0.615733295626328
2022-01-12,65.8534927368164,106.70428466796875,119.98980712890625,73.60388946533203,79.50131225585938,0.6171588417628442
2022-01-13,65.61742401123047,107.04106140136719,121.0553970336914,73.638427734375,79.2729263305664,0.6130117092653602
2022-01-14,65.5565185546875,106.096435546875,119.22627258300781,73.54344177246094,79.19927215576172,0.6178955797786783
2022-01-18,65.23667907714844,105.0860595703125,117.54817199707031,73.43116760253906,78.79409790039062,0.620792894356258
2022-01-19,65.17576599121094,105.2503662109375,118.36212158203125,73.46572875976562,78.72044372558594,0.6192450281891555
2022-01-20,65.05390167236328,105.19283294677734,119.09201049804688,73.4484634399414,78.54366302490234,0.6184252277460529
2022-01-21,65.06153869628906,105.88285064697266,120.51004791259766,73.50892639160156,78.52151489257812,0.6144671993504669
2022-01-24,64.99299621582031,105.55429077148438,119.5199203491211,73.55208587646484,78.44048309326172,0.6157304998289871
2022-01-25,64.8026351928711,105.2585678100586,119.32698822021484,73.51750946044922,78.22687530517578,0.6156518803277742
2022-01-26,64.58183288574219,104.54389190673828,117.88383483886719,73.38801574707031,77.96166229248047,0.6177485045549527
2022-01-27,64.30008697509766,104.78211975097656,120.04850769042969,73.32754516601562,77.6006851196289,0.6136551458198419
2022-01-28,64.4828109741211,104.89710998535156,120.0904541015625,73.35347747802734,77.77748107910156,0.614724380711021
2022-01-31,64.49800872802734,104.94642639160156,119.46957397460938,73.35347747802734,77.77012634277344,0.6145803239393471
2022-02-01,64.75405883789062,105.12090301513672,119.07305908203125,73.34740447998047,78.19159698486328,0.6159960291490881
2022-02-02,64.85343170166016,105.12908935546875,119.47630310058594,73.36469268798828,78.26551818847656,0.6168933080203317
2022-02-03,64.2725830078125,104.28142547607422,118.54370880126953,73.30426025390625,77.65919494628906,0.616337787044912
2022-02-04,64.02040100097656,103.24444580078125,116.79608917236328,73.15740966796875,77.31910705566406,0.6200856666373051
2022-02-07,63.97454833984375,103.4337387084961,116.87173461914062,73.17469024658203,77.25257110595703,0.6185075502311786
2022-02-08,63.90574264526367,103.04692840576172,116.09031677246094,73.09693908691406,77.1712417602539,0.6201615480824995
2022-02-09,64.24198913574219,103.392578125,116.30878448486328,73.08829498291016,77.54827880859375,0.621340431786841
2022-02-10,63.39371109008789,101.98524475097656,114.46033477783203,72.7168960571289,76.57970428466797,0.6215968912452001
2022-02-11,63.17206573486328,102.74242401123047,116.15754699707031,72.94149780273438,76.25434112548828,0.6148586267339589
2022-02-14,63.065086364746094,101.82893371582031,114.71238708496094,72.7860107421875,76.16563415527344,0.6193238411073354
2022-02-15,63.17206573486328,101.31864166259766,113.41006469726562,72.81192016601562,76.23956298828125,0.6234989405526505
2022-02-16,63.52363967895508,101.46678161621094,114.08221435546875,72.90695190429688,76.6610107421875,0.6260535582889343
2022-02-17,63.25615692138672,101.54084777832031,114.93082427978516,72.95011901855469,76.33570861816406,0.6229626628633719
2022-02-18,63.34788131713867,101.78776550292969,116.14075469970703,72.95877075195312,76.439208984375,0.6223526079400512
2022-02-22,63.20264434814453,101.65608215332031,116.44319152832031,72.88966369628906,76.28394317626953,0.6217300825426331
2022-02-23,63.08802032470703,100.73431396484375,114.83840942382812,72.84648132324219,76.15824890136719,0.6262813319672256
2022-02-24,63.538902282714844,101.21166229248047,114.91407012939453,72.90695190429688,76.63887786865234,0.6277824199656038
2022-02-25,63.89809036254883,101.6231460571289,114.99809265136719,72.90695190429688,77.06768035888672,0.6287749675317826
2022-02-28,63.94395446777344,102.70948791503906,117.51866149902344,73.03646850585938,77.11946105957031,0.6225710571224701
2022-03-01,63.76525115966797,103.06082153320312,118.87736511230469,73.20494842529297,76.80770874023438,0.6187147570827845
2022-03-02,63.918617248535156,101.49394989013672,114.81383514404297,72.9630355834961,77.05267333984375,0.6297776105642218
2022-03-03,63.726890563964844,101.86502838134766,115.98323822021484,72.9630355834961,76.85968017578125,0.625601264502605
2022-03-04,63.31266403198242,101.96400451660156,117.9856185913086,73.04081726074219,76.32524108886719,0.6209315172755302
2022-03-07,62.760372161865234,100.72696685791016,117.0854263305664,72.94577026367188,75.60528564453125,0.6230741788383021
2022-03-08,62.537960052490234,100.12496185302734,115.90754699707031,72.85072326660156,75.3825912475586,0.6245990899281362
2022-03-09,63.0595588684082,100.2981185913086,114.77182006835938,72.80752563476562,75.95415496826172,0.6287212537391771
2022-03-10,62.53028106689453,99.15184783935547,113.12281799316406,72.74707794189453,75.37519073486328,0.6306516966603112
2022-03-11,62.07773208618164,99.11058044433594,113.50140380859375,72.72113037109375,74.78136444091797,0.6263481840977283
2022-03-14,61.34135437011719,97.67562103271484,110.85127258300781,72.53104400634766,73.92780303955078,0.6280108969009975
2022-03-15,61.80158615112305,98.44259643554688,110.65779876708984,72.5570068359375,74.39542388916016,0.6277931341600308
2022-03-16,62.66834259033203,99.2838134765625,111.74305725097656,72.48783874511719,75.46427917480469,0.6312040240590262
2022-03-17,63.09792709350586,100.25689697265625,110.91012573242188,72.46194458007812,75.95415496826172,0.6293624578338485
2022-03-18,63.30503463745117,100.45481872558594,112.26465606689453,72.44466400146484,76.22875213623047,0.6301841508507677
2022-03-21,62.57632827758789,99.06107330322266,109.66503143310547,72.20274353027344,75.4716796875,0.6316944304251967
2022-03-22,62.898468017578125,98.82197570800781,108.25999450683594,72.1509017944336,75.82794952392578,0.6364825998159162
2022-03-23,62.699012756347656,99.10234832763672,110.63250732421875,72.21138000488281,75.49394989013672,0.6326692940621544
2022-03-24,62.82942199707031,99.14358520507812,109.76597595214844,72.1941146850586,75.65723419189453,0.633721504695517
2022-03-25,62.37687683105469,98.36014556884766,108.2431869506836,71.99536895751953,75.2118911743164,0.6341682036998786
2022-03-28,62.76807403564453,98.90443420410156,109.16863250732422,71.92626190185547,75.61271667480469,0.6346335686640179
2022-03-29,63.542823791503906,99.73735809326172,109.99312591552734,71.96082305908203,76.5330810546875,0.6371015335305625
2022-03-30,63.35102081298828,99.96824645996094,110.85127258300781,72.01265716552734,76.36978149414062,0.6337114339437923
2022-03-31,63.12092590332031,99.73735809326172,111.1204833984375,72.01265716552734,76.08031463623047,0.6328714446626673
2022-04-01,63.116310119628906,100.07203674316406,111.5434799194336,71.86225891113281,76.1160888671875,0.6307087591473488
2022-04-04,63.59381103515625,100.41915130615234,110.76828002929688,71.90547943115234,76.6525650024414,0.6332836934786967
2022-04-05,62.76972579956055,98.65886688232422,108.26573181152344,71.77582550048828,75.71371459960938,0.6362299485400477
2022-04-06,62.27680587768555,98.08035278320312,107.3894271850586,71.82770538330078,75.1026840209961,0.634956993021245
2022-04-07,62.17666244506836,97.6258544921875,106.58055114746094,71.87956237792969,74.93875885009766,0.6368872545954929
2022-04-08,61.799285888671875,96.85726165771484,105.42619323730469,71.79313659667969,74.4991226196289,0.6380449419173669
2022-04-11,61.37567901611328,95.91512298583984,103.75784301757812,71.81044006347656,73.97008514404297,0.6398957443361075
2022-04-12,61.84549331665039,95.9812240600586,103.6146240234375,71.99193572998047,74.4991226196289,0.6443499124156996
2022-04-13,62.21517562866211,96.47711944580078,103.82525634765625,72.02645874023438,74.94622039794922,0.6448697472110322
2022-04-14,61.799285888671875,95.35313415527344,101.74402618408203,71.89683532714844,74.45442199707031,0.6481096445979181
2022-04-18,61.69916534423828,94.62588500976562,101.23844909667969,71.89683532714844,74.3650131225586,0.6520326371359251
2022-04-19,61.64524841308594,93.87384796142578,100.48013305664062,71.73263549804688,74.3128662109375,0.6566818102355506
2022-04-20,61.83781051635742,94.84906005859375,102.5023422241211,71.77582550048828,74.4991226196289,0.65196018261179
2022-04-21,61.414180755615234,93.84076690673828,101.74402618408203,71.65480041503906,74.0296859741211,0.6544509681666439
2022-04-22,61.044498443603516,93.73335266113281,101.10363006591797,71.63751983642578,73.61241912841797,0.6512569614819298
2022-04-25,61.560550689697266,94.77462005615234,102.11473846435547,71.74989318847656,74.09675598144531,0.649546794840472
2022-04-26,61.198543548583984,94.72508239746094,103.14275360107422,71.87956237792969,73.6720199584961,0.6460648225334706
2022-04-27,60.89815902709961,93.81599426269531,101.81986236572266,71.844970703125,73.32926940917969,0.6491234197931957
2022-04-28,61.23705291748047,94.09697723388672,101.97154235839844,71.79313659667969,73.68692016601562,0.6507866109797568
2022-04-29,60.48226547241211,93.05569458007812,100.64860534667969,71.65480041503906,72.73313903808594,0.6499577026999107
2022-05-02,60.48616409301758,92.5040283203125,98.90401458740234,71.64965057373047,72.68374633789062,0.6538760007680198
2022-05-03,60.803138732910156,93.10042572021484,99.57077026367188,71.6150131225586,73.08786010742188,0.6530919516483801
2022-05-04,61.421688079833984,94.01151275634766,100.11943817138672,71.80530548095703,73.84361267089844,0.6533421947907843
2022-05-05,60.33148956298828,92.57032012939453,97.37633514404297,71.68421173095703,72.51165008544922,0.6517368577602097
2022-05-06,59.99129104614258,91.78339385986328,95.94145202636719,71.6755599975586,72.11505126953125,0.653618138568056
2022-05-09,59.35728454589844,92.10646057128906,96.78553771972656,71.85718536376953,71.31436157226562,0.6444421398644101
2022-05-10,59.69750213623047,92.49575805664062,97.66329956054688,71.81394958496094,71.62115478515625,0.6454079991395298
2022-05-11,59.34181594848633,92.92646789550781,99.54547119140625,71.82260131835938,71.25446319580078,0.6385889541741099
2022-05-12,59.31862258911133,92.9678726196289,99.35979461669922,71.9263687133789,71.1422348022461,0.638055071258961
2022-05-13,59.388206481933594,92.47916412353516,97.89117431640625,71.90043640136719,71.23201751708984,0.6421793173065651
2022-05-16,59.303165435791016,92.60345458984375,97.7898941040039,71.94366455078125,71.08987426757812,0.6403990617677785
2022-05-17,59.24903106689453,92.07334899902344,96.60823822021484,71.78799438476562,71.02999877929688,0.6434981643550616
2022-05-18,58.7619514465332,92.41291809082031,98.66768646240234,71.82260131835938,70.4388198852539,0.6358629579122687
2022-05-19,59.156272888183594,92.66140747070312,98.90401458740234,71.9263687133789,70.93272399902344,0.6384132780077522
2022-05-20,59.117610931396484,93.11697387695312,100.02660369873047,71.97827911376953,70.86532592773438,0.6348747008200227
2022-05-23,59.34955978393555,92.78565979003906,98.38069915771484,71.94366455078125,71.07487487792969,0.639641512688871
2022-05-24,59.705238342285156,94.00325775146484,100.322021484375,72.10799407958984,71.41910552978516,0.63514009801809
2022-05-25,60.6098747253418,94.97237396240234,100.71867370605469,72.15988159179688,72.50415802001953,0.638184265556382
2022-05-26,61.45262908935547,94.99722290039062,100.2629165649414,72.17716979980469,73.60417175292969,0.6468886901440439
2022-05-27,62.00156784057617,95.49417877197266,100.50770568847656,72.19448852539062,74.29261016845703,0.6492706533308971
2022-05-31,61.46810531616211,94.7901382446289,98.38069915771484,72.08203887939453,73.79875183105469,0.6484651932622862
2022-06-01,61.24066162109375,94.23714447021484,98.26827239990234,71.94789123535156,73.53269958496094,0.6498569323739414
2022-06-02,61.4968147277832,94.27865600585938,98.31900024414062,71.96520233154297,73.75066375732422,0.6522877747001528
2022-06-03,61.03886795043945,93.97974395751953,98.10760498046875,71.93923950195312,73.17942810058594,0.6494896174438406
2022-06-06,60.58089828491211,93.31556701660156,96.29815673828125,71.84404754638672,72.70597076416016,0.64920463135732
2022-06-07,60.72063446044922,93.813720703125,97.3381576538086,71.85269927978516,72.80365753173828,0.6472468419902098
2022-06-08,60.20058822631836,93.27404022216797,96.47572326660156,71.80075073242188,72.15734100341797,0.6454163246593321
2022-06-09,59.71935272216797,92.6596450805664,96.79704284667969,71.74882507324219,71.56359100341797,0.6445022821989307
2022-06-10,58.702552795410156,91.7629165649414,96.19670867919922,71.44590759277344,70.29344940185547,0.6397197799817735
2022-06-13,56.738800048828125,89.64570617675781,93.17813873291016,71.0824203491211,67.8809585571289,0.6329226738083149
2022-06-14,57.11137390136719,89.18074798583984,92.00284576416016,70.94391632080078,68.42208862304688,0.640400256683599
2022-06-15,58.2213134765625,90.57563018798828,93.71924591064453,71.22086334228516,69.63960266113281,0.6427922538957233
2022-06-16,57.297664642333984,90.67523193359375,94.46334838867188,71.31610870361328,68.48222351074219,0.6318998410094621
2022-06-17,57.4761848449707,90.85794067382812,94.76773071289062,71.29879760742188,68.87301635742188,0.6325939639255644
2022-06-21,57.437374114990234,89.94461822509766,93.16120910644531,71.2728042602539,68.6400146484375,0.6385860015687211
2022-06-22,57.42185592651367,90.60054779052734,95.72318267822266,71.48054504394531,68.6776351928711,0.6337914872134731
2022-06-23,57.833251953125,91.2979736328125,96.50952911376953,71.54110717773438,69.16613006591797,0.6334560303136862
2022-06-24,58.244606018066406,91.40589904785156,95.17357635498047,71.52381134033203,69.63208770751953,0.6372083927272023
2022-06-27,57.88758087158203,90.56732177734375,94.36187744140625,71.44590759277344,69.30138397216797,0.6391663100505103
2022-06-28,57.251102447509766,90.54239654541016,94.80158996582031,71.42859649658203,68.37696838378906,0.632312647244723
2022-06-29,57.165706634521484,91.08206939697266,96.28125,71.51513671875,68.2567367553711,0.6276285443775999
2022-06-30,57.13465118408203,91.35609436035156,97.12678527832031,71.65363311767578,68.1740493774414,0.6254060178920959
2022-07-01,57.67967224121094,92.51080322265625,98.12397766113281,71.86932373046875,68.76549530029297,0.6234912056961253
2022-07-05,57.625083923339844,92.48583984375,98.89491271972656,71.86067199707031,68.7050552368164,0.6230692614209312
2022-07-06,57.406776428222656,92.02794647216797,97.2343521118164,71.66143035888672,68.44068908691406,0.6237972119217525
2022-07-07,58.34237289428711,92.01959991455078,96.37873077392578,71.60943603515625,69.55105590820312,0.6340211536288326
2022-07-08,58.38915252685547,91.86978149414062,95.31120300292969,71.5228271484375,69.6945571899414,0.6355642908607492
2022-07-11,58.061676025390625,92.1278305053711,96.95478820800781,71.54882049560547,69.309326171875,0.630229494246102
2022-07-12,58.295589447021484,92.26105499267578,97.5309066772461,71.58344268798828,69.56614685058594,0.6318547891268892
2022-07-13,58.23322677612305,92.95204162597656,98.64923095703125,71.50547790527344,69.43016815185547,0.6264867963895165
2022-07-14,58.12406539916992,92.36095428466797,97.84436798095703,71.47953033447266,69.23379516601562,0.6293142578412985
2022-07-15,58.8647346496582,93.10193634033203,98.39507293701172,71.53146362304688,70.1855239868164,0.6322611211272716
2022-07-18,58.295589447021484,92.4525375366211,97.36994171142578,71.48817443847656,69.49813842773438,0.6305461266969573
2022-07-19,59.06745147705078,92.71063232421875,96.84466552734375,71.41020202636719,70.4422836303711,0.637116261600781
2022-07-20,59.32475662231445,92.61067199707031,97.09880828857422,71.40150451660156,70.79731750488281,0.6405822929801347
2022-07-21,60.02647399902344,93.87618255615234,98.77629089355469,71.60079956054688,71.70374298095703,0.6394217613516443
2022-07-22,59.948482513427734,94.60045623779297,100.43684387207031,71.78272247314453,71.60553741455078,0.6337018329249692
2022-07-25,59.932884216308594,93.80122375488281,99.45405578613281,71.72207641601562,71.56777954101562,0.6389349927131286
2022-07-26,59.51185989379883,93.78456115722656,99.53033447265625,71.68740844726562,71.07682037353516,0.634559240449281
2022-07-27,60.16675567626953,94.40896606445312,98.97118377685547,71.80003356933594,71.80946350097656,0.6372991696063445
2022-07-28,60.78271484375,95.19155883789062,99.75906372070312,71.95597076416016,72.6101303100586,0.6385305124298025
2022-07-29,60.96205520629883,95.41631317138672,99.48794555664062,71.94731903076172,72.79894256591797,0.638906002339441
2022-08-01,60.980812072753906,95.60494232177734,101.88397979736328,71.94554901123047,72.93401336669922,0.6378416281818456
2022-08-02,60.69906234741211,94.43659973144531,99.7281265258789,71.69408416748047,72.56980895996094,0.6427493420985663
2022-08-03,61.231285095214844,95.46308135986328,101.29834747314453,71.7200927734375,73.20719909667969,0.6414132481686168
2022-08-04,61.39566421508789,95.61327362060547,101.26438903808594,71.81547546386719,73.39686584472656,0.6421249047355765
2022-08-05,61.08259582519531,94.31977844238281,98.85395812988281,71.52061462402344,73.0933609008789,0.6476117399121
2022-08-08,61.13738250732422,94.6952896118164,100.4496078491211,71.58999633789062,73.1920166015625,0.6456222137124684
2022-08-09,60.68339538574219,94.2696762084961,100.05917358398438,71.52061462402344,72.6305160522461,0.6437212667573909
2022-08-10,61.59132385253906,95.16263580322266,99.4056396484375,71.58999633789062,73.72314453125,0.6472217097884682
2022-08-11,61.239097595214844,94.24464416503906,97.08854675292969,71.56399536132812,73.35894775390625,0.6497886234041517
2022-08-12,61.787052154541016,95.33787536621094,98.07313537597656,71.58133697509766,74.03427124023438,0.6480850545200969
2022-08-15,61.67744445800781,95.27110290527344,97.98825073242188,71.64202117919922,73.89009094238281,0.6473887944735218
2022-08-16,61.387847900390625,94.90391540527344,98.39559173583984,71.58133697509766,73.60932159423828,0.6468420995934963
2022-08-17,60.75386047363281,94.01097106933594,97.36863708496094,71.52061462402344,72.84296417236328,0.6462422394171953
2022-08-18,60.8477668762207,94.25299072265625,97.51292419433594,71.62468719482422,72.91127014160156,0.6455791631617086
2022-08-19,60.22941970825195,93.13471221923828,95.9427490234375,71.57266998291016,72.14488220214844,0.646691424422641
2022-08-22,59.5484619140625,92.5088119506836,95.62022399902344,71.47727966308594,71.30264282226562,0.643705833621642
2022-08-23,59.697181701660156,92.60893249511719,95.09396362304688,71.51195526123047,71.45439147949219,0.6446158064159491
2022-08-24,59.76762390136719,92.33352661132812,94.39802551269531,71.43392181396484,71.5606460571289,0.6473014309629378
2022-08-25,60.331180572509766,93.28491973876953,95.71356201171875,71.47727966308594,72.16004943847656,0.6467409817305757
2022-08-26,59.337135314941406,92.72578430175781,96.43502807617188,71.45994567871094,71.01432800292969,0.6399205545874962
2022-08-29,59.11015701293945,92.04146575927734,95.6371841430664,71.40789031982422,70.71839141845703,0.6422122521118306
2022-08-30,58.65620040893555,92.15829467773438,95.87483215332031,71.37320709228516,70.16448211669922,0.6364722851485988
2022-08-31,58.335269927978516,91.19023132324219,94.95818328857422,71.36454772949219,69.72437286376953,0.6397096386475584
2022-09-01,58.48944091796875,90.64122772216797,93.21965026855469,71.31240844726562,69.85405731201172,0.6452851796894195
2022-09-02,58.45010757446289,90.70818328857422,93.74701690673828,71.46871948242188,69.87696075439453,0.6443752421819849
2022-09-06,58.292789459228516,89.47799682617188,91.4250259399414,71.31240844726562,69.7167739868164,0.6514762458582238
2022-09-07,59.134429931640625,90.69982147216797,92.87094116210938,71.41664123535156,70.6246337890625,0.6519795626035112
2022-09-08,59.39401626586914,90.49060821533203,91.91831970214844,71.32980346679688,70.91454315185547,0.6563555869194155
2022-09-09,59.629974365234375,90.69982147216797,92.12245178222656,71.26904296875,71.21971893310547,0.6574431283035365
2022-09-12,59.81087112426758,90.49893951416016,91.36548614501953,71.26033020019531,71.45625305175781,0.6609013480750138
2022-09-13,58.45010757446289,89.8462142944336,91.57810974121094,71.01720428466797,69.84645080566406,0.6505572664744335
2022-09-14,58.536643981933594,90.27302551269531,91.8927993774414,70.9564437866211,69.89986419677734,0.6484400367604988
2022-09-15,58.16694259643555,89.83782958984375,91.83329010009766,70.8782958984375,69.48788452148438,0.6474660269732448
2022-09-16,58.36359786987305,89.6286392211914,91.0677719116211,70.91300201416016,69.66331481933594,0.651171303915923
2022-09-19,58.583831787109375,89.77928924560547,91.28041076660156,70.83487701416016,69.96089172363281,0.6525316949975403
2022-09-20,57.986026763916016,88.88380432128906,90.3703384399414,70.8001937866211,69.25137329101562,0.6523801181406842
2022-09-21,57.81299591064453,89.21855163574219,91.88431549072266,70.73937225341797,69.10639190673828,0.6479929885735093
2022-09-22,57.46688461303711,87.96327209472656,89.53683471679688,70.609130859375,68.62577056884766,0.6533054449265112
2022-09-23,56.735374450683594,87.71221160888672,89.90254974365234,70.52228546142578,67.75601959228516,0.6468355250654214
2022-09-26,56.066802978515625,86.18909454345703,88.1844482421875,70.3659896850586,66.97019958496094,0.650509246854269
2022-09-27,55.948822021484375,84.89192199707031,85.86245727539062,70.3659896850586,66.80996704101562,0.6590594335161267
2022-09-28,56.94776916503906,86.59915924072266,88.73731231689453,70.66989135742188,67.87049102783203,0.6576018712461098
2022-09-29,56.412899017333984,85.95475006103516,88.2779769897461,70.57435607910156,67.32880401611328,0.6563092671117774
2022-09-30,56.1533317565918,85.7371826171875,87.13823699951172,70.51363372802734,67.02360534667969,0.654947247419055
2022-10-03,56.88923645019531,87.32328796386719,88.52288055419922,70.66834259033203,67.71013641357422,0.6514784060093461
2022-10-04,58.11445617675781,87.72630310058594,88.2756118774414,70.69440460205078,69.16758728027344,0.6624519000888989
2022-10-05,57.88521957397461,87.06298828125,87.43152618408203,70.62490844726562,68.92979431152344,0.6648659863015619
2022-10-06,57.711326599121094,86.8614501953125,86.9455795288086,70.5379638671875,68.70734405517578,0.6644066668165701
2022-10-07,57.0078125,85.99665832519531,86.10153198242188,70.45100402832031,67.94026184082031,0.6629072990769671
2022-10-10,56.31220626831055,85.22417449951172,84.76300048828125,70.42491912841797,67.08110809326172,0.660753906963724
2022-10-11,56.48609924316406,85.0478286743164,85.13810729980469,70.45968627929688,67.28824615478516,0.6641686228048559
2022-10-12,56.58095169067383,84.94709014892578,85.55586242675781,70.52926635742188,67.41864013671875,0.6660728647853436
2022-10-13,56.70744323730469,85.09821319580078,84.73741149902344,70.3205795288086,67.5490493774414,0.6663764268096636
2022-10-14,56.525630950927734,84.28374481201172,84.03832244873047,70.28582763671875,67.30358123779297,0.6706587501184685
2022-10-17,57.22124099731445,84.68678283691406,83.62904357910156,70.36407470703125,68.12435913085938,0.6756808923478473
2022-10-18,57.62437057495117,85.19058227539062,83.82515716552734,70.39881896972656,68.60762786865234,0.6764171465417648
2022-10-19,57.071044921875,84.02345275878906,82.29903411865234,70.26844787597656,68.00163269042969,0.6792275614489697
2022-10-20,56.75486755371094,83.29298400878906,80.89230346679688,70.19017028808594,67.58740234375,0.6813883333525688
2022-10-21,57.300254821777344,83.528076171875,79.43441772460938,70.3727798461914,68.09365844726562,0.685999934966431
2022-10-24,57.33980178833008,83.48612213134766,78.77796173095703,70.35537719726562,68.27777099609375,0.6868183636331568
2022-10-25,57.89312744140625,84.60284423828125,81.0713119506836,70.42491912841797,68.88375854492188,0.6842929213863316
2022-10-26,58.05122375488281,84.98908996582031,82.23941802978516,70.48578643798828,69.05254364013672,0.6830432444708964
2022-10-27,58.47808074951172,85.38372802734375,83.1004638671875,70.63359832763672,69.61250305175781,0.6848855408466632
2022-10-28,58.928619384765625,85.56002044677734,82.52923583984375,70.52926635742188,70.14177703857422,0.688740127422272
2022-10-31,58.043304443359375,85.09821319580078,81.94097900390625,70.42491912841797,69.07553100585938,0.6820743028976259
2022-11-01,58.39242935180664,85.71047973632812,82.70675659179688,70.35612487792969,69.51579284667969,0.6812752598216667
2022-11-02,57.86080551147461,85.29781341552734,82.34781646728516,70.3212661743164,68.86812591552734,0.6783386724065991
2022-11-03,57.44820022583008,84.99463653564453,81.90336608886719,70.19064331054688,68.45948791503906,0.6759038283755446
2022-11-04,57.844940185546875,85.1630859375,80.52735900878906,70.26902770996094,68.8758316040039,0.679225506553373
2022-11-07,57.83699417114258,84.85143280029297,79.72393798828125,70.20805358886719,68.8758316040039,0.6816266062031999
2022-11-08,57.78144454956055,85.2051773071289,80.59573364257812,70.27774810791016,68.73702239990234,0.6781447603973957
2022-11-09,57.091121673583984,84.98622131347656,80.86065673828125,70.39097595214844,67.91976928710938,0.6717691502367201
2022-11-10,58.8685302734375,87.83283996582031,83.9716796875,70.77420043945312,70.04008483886719,0.6702337109485004
2022-11-11,59.074825286865234,88.06864929199219,83.66398620605469,70.75676727294922,70.28680419921875,0.6707815523660668
2022-11-14,58.638423919677734,87.62228393554688,83.45889282226562,70.69580078125,69.73937225341797,0.6692181633020539
2022-11-15,59.154178619384766,88.84346008300781,84.80928039550781,70.76549530029297,70.51042938232422,0.6658247952535404
2022-11-16,59.027225494384766,89.60145568847656,86.66390228271484,70.77420043945312,70.31764221191406,0.6587752960131441
2022-11-17,58.77330780029297,89.12137603759766,85.7494125366211,70.68707275390625,69.99383544921875,0.6594748691436076
2022-11-18,58.9002685546875,89.11298370361328,85.15966796875,70.60869598388672,70.17888641357422,0.6609616927493728
2022-11-21,58.876468658447266,88.97821807861328,85.51866149902344,70.5912857055664,70.1171875,0.6616952994768812
2022-11-22,59.30493927001953,89.76988983154297,86.7322769165039,70.64352416992188,70.66462707519531,0.6606328623250823
2022-11-23,59.63821029663086,90.67106628417969,88.24501037597656,70.70451354980469,71.05784606933594,0.6577424611916861
2022-11-25,59.519187927246094,90.76367950439453,87.94593811035156,70.71321105957031,70.88822174072266,0.6557599719650451
2022-11-28,58.892337799072266,90.10678100585938,88.19377136230469,70.73066711425781,70.15575408935547,0.6535838606335596
2022-11-29,59.14625549316406,89.66041564941406,87.15959930419922,70.70451354980469,70.47958374023438,0.6596696553854375
2022-11-30,60.03496170043945,90.75526428222656,87.80062866210938,70.9135513305664,71.57445526123047,0.6615039047624331
2022-12-01,60.25727081298828,91.89079284667969,90.60549926757812,71.0662612915039,71.76520538330078,0.6557487311435857
2022-12-02,60.209449768066406,92.44844055175781,91.74491119384766,71.0488052368164,71.76520538330078,0.6512759913387375
2022-12-05,59.635738372802734,91.66265869140625,90.45985412597656,70.84807586669922,71.10607147216797,0.65060013776792
2022-12-06,59.420570373535156,91.9415283203125,91.62495422363281,70.92662811279297,70.77264404296875,0.6462865199121066
2022-12-07,59.7473030090332,92.96382904052734,93.78389739990234,71.07499694824219,71.1216049194336,0.6426940846314164
2022-12-08,59.79513168334961,92.6681137084961,93.52686309814453,71.00518035888672,71.19912719726562,0.6452611291025708
2022-12-09,59.79513168334961,91.97530364990234,91.09383392333984,70.97029113769531,71.2378921508789,0.6501216012393464
2022-12-12,60.026206970214844,91.85700225830078,91.38509368896484,70.92662811279297,71.478271484375,0.6534744820152292
2022-12-13,60.64773178100586,92.65966033935547,92.2674789428711,71.13607788085938,72.25369262695312,0.6545214126502347
2022-12-14,60.305076599121094,92.74415588378906,92.66161346435547,71.14481353759766,71.873779296875,0.6502304757044205
2022-12-15,60.07758331298828,92.82213592529297,93.02310943603516,71.15443420410156,71.57133483886719,0.6472333642628216
2022-12-16,59.75717544555664,92.42381286621094,91.98401641845703,71.22440338134766,71.20689392089844,0.6465560507881098
2022-12-19,59.4527702331543,91.49159240722656,90.43817901611328,71.136962890625,70.84405517578125,0.6498167609601946
2022-12-20,59.30058288574219,90.41532135009766,88.83228302001953,71.136962890625,70.62554931640625,0.6558687399464531
2022-12-21,59.805240631103516,91.03397369384766,89.0555648803711,71.20690155029297,71.24979400634766,0.6569551806255529
2022-12-22,59.436767578125,91.00856018066406,89.03839111328125,71.16316986083984,70.77381134033203,0.6530898572632633
2022-12-23,59.58897018432617,90.72888946533203,87.73304748535156,71.12820434570312,70.9923095703125,0.6567805528700472
2022-12-27,58.972164154052734,89.55940246582031,85.99832153320312,71.03199768066406,70.21202087402344,0.6584698259522112
2022-12-28,58.17913055419922,89.27973175048828,85.49160766601562,71.03199768066406,69.1897964477539,0.6516499256157434
2022-12-29,58.932125091552734,89.91534423828125,86.46205139160156,71.08444213867188,70.18079376220703,0.6554178888019262
2022-12-30,58.98015594482422,89.34754180908203,85.50021362304688,70.99700927734375,70.22759246826172,0.6601206339940847
2023-01-03,59.092315673828125,89.96619415283203,87.13190460205078,71.05819702148438,70.36804962158203,0.6568280033436089
2023-01-04,59.7732048034668,90.61872863769531,88.32561492919922,71.12820434570312,71.23422241210938,0.6596120438021961
2023-01-05,59.65302658081055,90.5509033203125,88.69488525390625,71.03199768066406,71.10157012939453,0.6587789231632005
2023-01-06,60.502140045166016,92.03397369384766,90.3265609741211,71.30311584472656,72.1315689086914,0.6573891968027726
2023-01-09,60.71839904785156,92.39837646484375,90.80746459960938,71.37308502197266,72.44364929199219,0.6571370771969575
2023-01-10,60.64632034301758,92.08484649658203,89.30461120605469,71.3118667602539,72.35002136230469,0.6585917515241623
2023-01-11,61.046836853027344,92.87294006347656,90.75595092773438,71.37308502197266,72.86502838134766,0.6573156487918139
2023-01-12,61.39129638671875,93.92378997802734,92.5422134399414,71.53056335449219,73.25519561767578,0.653628823976127
2023-01-13,61.39129638671875,93.61873626708984,91.67486572265625,71.40808868408203,73.317626953125,0.655758652964213
2023-01-17,61.183021545410156,93.27973937988281,91.08228302001953,71.45183563232422,73.10694122314453,0.6559090103826469
2023-01-18,61.2551155090332,94.37297058105469,93.28935241699219,71.60924530029297,73.17718505859375,0.6490747841451345
2023-01-19,60.89464569091797,94.17806243896484,92.70540618896484,71.591796875,72.69337463378906,0.64659055531518
2023-01-20,61.01480484008789,93.68653106689453,91.2025375366211,71.53056335449219,72.87285614013672,0.6512654929716822
2023-01-23,61.006805419921875,93.41535949707031,90.77313995361328,71.46055603027344,72.77921295166016,0.6530703917254118
2023-01-24,61.046836853027344,93.90682220458984,92.07846069335938,71.48680877685547,72.87285614013672,0.6500788272871998
2023-01-25,61.038841247558594,93.94923400878906,92.30177307128906,71.53056335449219,72.87285614013672,0.6497002545209505
2023-01-26,61.191043853759766,93.91535186767578,91.87236022949219,71.48680877685547,73.0600814819336,0.6515552850185379
2023-01-27,61.006805419921875,93.64415740966797,91.6404800415039,71.48680877685547,72.87285614013672,0.6514747647633107
2023-01-30,60.67037582397461,93.28821563720703,91.30558013916016,71.41683197021484,72.49047088623047,0.6503541246829987
2023-01-31,61.14295959472656,93.95768737792969,92.03553009033203,71.54801177978516,73.0600814819336,0.6507499418199688
2023-02-01,61.785301208496094,94.91148376464844,93.14192962646484,71.67247772216797,73.74088287353516,0.6509781404503676
2023-02-02,62.13945388793945,95.04752349853516,93.26243591308594,71.68122863769531,74.21932220458984,0.6537724666639749
2023-02-03,61.48747253417969,93.9679183959961,91.86763000488281,71.41835021972656,73.46638488769531,0.6543453721626723
2023-02-06,61.09305953979492,93.2453384399414,91.18745422363281,71.2167739868164,73.03500366210938,0.6551862062160296
2023-02-07,61.31039047241211,92.93932342529297,90.45562744140625,71.25183868408203,73.31739807128906,0.6596819108726888
2023-02-08,61.052818298339844,93.03282165527344,90.88612365722656,71.27811431884766,73.03500366210938,0.6562503126538154
2023-02-09,60.65839767456055,92.25076293945312,90.02510833740234,71.22557067871094,72.50955200195312,0.657538168159893
2023-02-10,60.191551208496094,91.60469055175781,89.01774597167969,71.19049835205078,71.94482421875,0.6570793574646389
2023-02-13,60.344486236572266,91.9447250366211,89.76683044433594,71.2080307006836,72.14875793457031,0.6563126510252478
2023-02-14,60.36058807373047,91.71519470214844,89.5601806640625,71.05907440185547,72.15658569335938,0.6581307303523232
2023-02-15,60.26398468017578,91.3666763305664,88.72505187988281,71.06782531738281,72.04678344726562,0.6595838559579372
2023-02-16,59.78105163574219,90.63558959960938,87.4679946899414,71.07657623291016,71.43504333496094,0.6595759116240122
2023-02-17,60.01448440551758,90.99262237548828,88.14815521240234,71.13790130615234,71.67034912109375,0.6595533004627896
2023-02-21,59.088829040527344,89.70051574707031,86.43477630615234,70.99769592285156,70.5409164428711,0.6587345518407148
2023-02-22,59.47517395019531,89.95552062988281,87.22692108154297,71.03275299072266,71.05854797363281,0.6611620224499921
2023-02-23,60.06279754638672,90.66110229492188,88.07926940917969,71.07657623291016,71.77229309082031,0.6624979845380831
2023-02-24,59.70055389404297,89.98101043701172,86.93418884277344,70.92764282226562,71.35657501220703,0.663479478659938
2023-02-27,60.103031158447266,90.00653839111328,87.17524719238281,70.98895263671875,71.81148529052734,0.6677629451460105
2023-02-28,59.990318298339844,90.04053497314453,87.57132720947266,70.971435546875,71.67816925048828,0.6662590167443201
2023-03-01,59.820281982421875,89.4792251586914,86.63048553466797,70.84147644042969,71.47309112548828,0.668538220758289
2023-03-02,59.89314270019531,89.55599212646484,85.86236572265625,70.86781311035156,71.51252746582031,0.6687787302453008
2023-03-03,60.508609771728516,90.57112121582031,87.94243621826172,70.91173553466797,72.24600982666016,0.6680784002612006
2023-03-06,60.508609771728516,90.32374572753906,87.26057434082031,70.87662506103516,72.30125427246094,0.6699081098148023
2023-03-07,60.07939529418945,90.06783294677734,87.79570007324219,70.72733306884766,71.83589935302734,0.6670460843627871
2023-03-08,59.79597473144531,89.92281341552734,87.88203430175781,70.69221496582031,71.47309112548828,0.6649700166200548
2023-03-09,59.46395492553711,89.8375015258789,88.09780883789062,70.92051696777344,71.03142547607422,0.6619057065874402
2023-03-10,59.472076416015625,91.12565612792969,91.13594818115234,71.3068618774414,71.00775909423828,0.652638114698717
2023-03-13,59.14815139770508,91.20246124267578,91.34310150146484,72.01806640625,70.64495849609375,0.6485367893780948
2023-03-14,59.57733917236328,90.929443359375,89.84126281738281,71.74586486816406,71.1970443725586,0.6552040458105448
2023-03-15,59.38298034667969,91.7995834350586,91.57612609863281,72.1673355102539,70.87367248535156,0.646876359615387
2023-03-16,59.77167510986328,91.66310119628906,90.85975646972656,71.87755584716797,71.33902740478516,0.6520800008922577
2023-03-17,59.41538619995117,92.1237564086914,92.22344970703125,72.23760986328125,70.9131088256836,0.6449518399615067
2023-03-20,59.2534065246582,91.8507308959961,91.4121322631836,72.1497802734375,70.72381591796875,0.6451054438723159
2023-03-21,59.90126037597656,92.29440307617188,90.626708984375,71.87755584716797,71.52828979492188,0.6490237585321312
2023-03-22,59.957950592041016,92.83182525634766,91.8350601196289,72.21122741699219,71.60718536376953,0.6458771054697237
2023-03-23,59.72310256958008,93.09625244140625,91.8350601196289,72.4219741821289,71.37055206298828,0.6415199431058639
2023-03-24,59.60160827636719,93.38630676269531,92.22344970703125,72.45708465576172,71.17337799072266,0.6382264203661175
2023-03-27,59.45585250854492,92.2687759399414,90.05705261230469,72.1497802734375,71.06297302246094,0.6443767341971165
2023-03-28,59.4234619140625,92.11520385742188,90.2210464477539,72.07074737548828,71.04720306396484,0.6450993910412396
2023-03-29,60.1684684753418,92.5417709350586,90.039794921875,72.04443359375,71.88323974609375,0.6501763243494136
2023-03-30,60.52480697631836,92.66975402832031,90.4541015625,72.05320739746094,72.3564682006836,0.6531236390011534
2023-03-31,61.18072509765625,93.5057373046875,91.80915832519531,72.14102172851562,73.20825958251953,0.6542991570485079
2023-04-03,61.13356399536133,94.07052612304688,92.240966796875,72.22901153564453,73.14804077148438,0.6498694810678205
2023-04-04,60.954593658447266,94.19031524658203,92.69957733154297,72.39620971679688,72.89440155029297,0.6471428989155993
2023-04-05,60.6129264831543,94.4983901977539,93.6687240600586,72.49298858642578,72.48226165771484,0.6414175559637733
2023-04-06,60.88136672973633,94.41280364990234,93.91099548339844,72.46658325195312,72.83099365234375,0.6448422711340519
2023-04-10,60.824432373046875,93.97638702392578,92.3967056274414,72.21138763427734,72.68830871582031,0.6472310151438506
2023-04-11,60.954593658447266,93.95071411132812,92.58707427978516,72.20257568359375,72.89440155029297,0.6487932980074885
2023-04-12,60.93832015991211,93.75390625,92.49188232421875,72.28179168701172,72.84681701660156,0.6499816658029873
2023-04-13,61.35320281982422,93.91645812988281,91.76506042480469,72.32581329345703,73.40167236328125,0.6532742401228028
2023-04-14,61.23931121826172,93.60840606689453,90.92572021484375,72.1585922241211,73.21934509277344,0.6542073921705154
2023-04-17,61.07661819458008,93.0179672241211,89.8440933227539,72.05301666259766,73.02120971679688,0.656610975462619
2023-04-18,61.11729431152344,93.3260269165039,90.16424560546875,72.03541564941406,73.10047912597656,0.6548794192878618
2023-04-19,60.87324905395508,92.86393737792969,90.07772064208984,71.97380065917969,72.83099365234375,0.655510101905526
2023-04-20,60.81629943847656,93.21482849121094,90.84783935546875,72.1497802734375,72.783447265625,0.6524315972346698
2023-04-21,61.00339889526367,93.27469635009766,90.33729553222656,72.10579681396484,72.98158264160156,0.6540187347948392
2023-04-24,61.174198150634766,93.68546295166016,91.21127319335938,72.18498992919922,73.19559478759766,0.6529742846251337
2023-04-25,61.07661819458008,94.09619140625,92.55248260498047,72.46658325195312,73.06085205078125,0.6490870382934891
2023-04-26,60.840694427490234,93.68546295166016,91.5660400390625,72.37860107421875,72.77552032470703,0.6494144610128343
2023-04-27,61.04405975341797,93.3431396484375,90.65746307373047,72.23780822753906,73.02120971679688,0.6539747857564142
2023-04-28,61.304378509521484,94.07052612304688,92.11983489990234,72.3169937133789,73.30653381347656,0.6516852943857637
2023-05-01,61.02332305908203,92.55245971679688,89.46359252929688,72.15911102294922,72.98776245117188,0.6593376690993251
2023-05-02,60.966148376464844,93.6686782836914,91.69302368164062,72.39728546142578,72.96385955810547,0.6508701680600059
2023-05-03,60.93345642089844,93.8232192993164,92.20484924316406,72.57366180419922,72.87622833251953,0.6494496445118506
2023-05-04,60.75372314453125,93.56564331054688,91.29399871826172,72.68833923339844,72.66107177734375,0.6493165759881329
2023-05-05,61.08052444458008,93.19642639160156,90.99036407470703,72.51193237304688,73.0356216430664,0.6553955640737356
2023-05-08,60.90896987915039,92.5267105102539,89.71515655517578,72.39728546142578,72.89216613769531,0.6582852620962938
2023-05-09,60.75372314453125,92.49234008789062,89.39419555664062,72.37960815429688,72.7168197631836,0.6568514007408632
2023-05-10,61.121368408203125,93.22218322753906,90.26166534423828,72.55601501464844,73.14715576171875,0.6556526171353072
2023-05-11,61.02332305908203,93.5827865600586,91.21591186523438,72.60010528564453,73.0435791015625,0.6520784997133967
2023-05-12,60.8027229309082,93.00753784179688,90.4525146484375,72.47663879394531,72.77262115478516,0.6537397327336185
2023-05-15,60.786415100097656,92.50951385498047,89.51563262939453,72.48546600341797,72.78856658935547,0.6570828509096643
2023-05-16,60.36155319213867,92.04585266113281,89.24671173095703,72.39728546142578,72.27056884765625,0.6557770007776448
2023-05-17,60.52495574951172,92.03728485107422,88.9864730834961,72.31787109375,72.43791961669922,0.6576134427199511
2023-05-18,60.557647705078125,91.65087127685547,88.32719421386719,72.18555450439453,72.46980285644531,0.6607427388458521
2023-05-19,60.623008728027344,91.53927612304688,87.70260620117188,72.13265991210938,72.5096435546875,0.662262269220242
2023-05-22,60.89262008666992,91.50492858886719,87.39030456542969,72.1061782836914,72.82839965820312,0.6654572712718158
2023-05-23,60.573978424072266,91.6938247680664,87.64189147949219,72.09734344482422,72.46980285644531,0.6606113179081604
2023-05-24,60.14911651611328,91.33320617675781,87.20811462402344,72.00919342041016,71.95980072021484,0.6585678860293841
2023-05-25,60.10826873779297,91.03266906738281,86.99125671386719,71.85042572021484,71.88809204101562,0.6602933798777287
2023-05-26,60.47593688964844,91.4190673828125,87.69391632080078,71.832763671875,72.34226989746094,0.6615243255152523
2023-05-30,60.737369537353516,92.10594177246094,88.5700912475586,71.973876953125,72.6451187133789,0.6594294392798183
2023-05-31,60.54947280883789,92.40648651123047,89.3421401977539,72.04443359375,72.39009857177734,0.6552513259064244
2023-06-01,60.91314697265625,92.68989562988281,89.69268035888672,72.15672302246094,72.87425994873047,0.6571713837707475
2023-06-02,61.22509765625,92.44007110595703,88.70980834960938,71.95337677001953,73.24295043945312,0.6623220528040521
2023-06-05,61.17582702636719,92.24195861816406,88.54457092285156,71.9710464477539,73.15475463867188,0.6632104081788284
2023-06-06,61.27434539794922,92.4228515625,89.06641387939453,71.93572235107422,73.31507110595703,0.6629783041969125
2023-06-07,60.937767028808594,91.59589385986328,87.74433135986328,71.88264465332031,72.9383316040039,0.6652892882080506
2023-06-08,61.3236198425293,92.20748901367188,88.77070617675781,71.99755096435547,73.41124725341797,0.6650611625855755
2023-06-09,61.34001922607422,91.96630859375,88.64891052246094,71.8649673461914,73.41924285888672,0.6669835961018757
2023-06-12,61.27434539794922,92.2591781616211,88.90986633300781,71.92683410644531,73.37113952636719,0.6641544680856343
2023-06-13,61.348243713378906,91.84569549560547,88.03136444091797,71.79421997070312,73.47537994384766,0.6679490354157559
2023-06-14,61.37286376953125,92.12997436523438,88.73589324951172,71.75003814697266,73.53148651123047,0.6661552246419657
2023-06-15,61.66839599609375,92.93108367919922,89.58829498291016,71.90032196044922,73.86813354492188,0.6635927781599409
2023-06-16,61.512420654296875,92.76741027832031,89.24039459228516,71.80308532714844,73.66770935058594,0.6630822232694393
2023-06-20,61.348243713378906,93.10340118408203,89.85796356201172,71.82958984375,73.47537994384766,0.6589259139103038
2023-06-21,61.1922607421875,93.00000762939453,90.07536315917969,71.82958984375,73.2990493774414,0.6579812443246128
2023-06-22,61.011653900146484,92.51759338378906,88.98815155029297,71.75003814697266,73.08263397216797,0.6594600191020203
2023-06-23,60.90494918823242,92.77604675292969,89.87535095214844,71.81190490722656,72.85818481445312,0.6564727784794211
2023-06-26,60.937767028808594,92.87940216064453,89.97102355957031,71.8649673461914,72.99445343017578,0.6560955993602373
2023-06-27,61.143009185791016,92.77604675292969,89.73616027832031,71.7588882446289,73.21086120605469,0.6590387424958937
2023-06-28,61.49599838256836,93.180908203125,90.11885070800781,71.83844757080078,73.63565826416016,0.6599635007689909
2023-06-29,61.3317985534668,92.47453308105469,88.49235534667969,71.66160583496094,73.44330596923828,0.6632290697776108
2023-06-30,61.62733840942383,93.1550521850586,89.53612518310547,71.6881332397461,73.76392364501953,0.6615565872583818
2023-07-03,61.53079605102539,92.89404296875,89.02852630615234,71.60481262207031,73.71878814697266,0.6623761232108785
2023-07-05,61.34095001220703,92.22862243652344,88.18254089355469,71.58707427978516,73.46895599365234,0.66509667380563
2023-07-06,60.895263671875,91.29528045654297,86.93534851074219,71.5427474975586,72.9451675415039,0.6670143666502176
2023-07-07,60.953033447265625,91.2088623046875,86.41207885742188,71.62252807617188,73.00159454345703,0.6682797253149496
2023-07-10,61.2584342956543,91.68417358398438,86.5254898071289,71.7289047241211,73.34004211425781,0.668146223072409
2023-07-11,61.588558197021484,92.11625671386719,86.97025299072266,71.72001647949219,73.71878814697266,0.6685959720261835
2023-07-12,62.06725311279297,92.92864990234375,87.9383544921875,71.93280029296875,74.32317352294922,0.6679022365870784
2023-07-13,62.438682556152344,93.58545684814453,88.86280822753906,72.13665771484375,74.77442932128906,0.6671836058616225
2023-07-14,61.98471450805664,92.85951232910156,88.33952331542969,71.95050811767578,74.25064086914062,0.6675106615720513
2023-07-17,62.10027313232422,93.01505279541016,88.38314819335938,71.97708892822266,74.39571380615234,0.6676368100216632
2023-07-18,62.273616790771484,93.2483901977539,88.7843246459961,71.97708892822266,74.58106231689453,0.6678251137494863
2023-07-19,62.323116302490234,93.77557373046875,89.78729248046875,72.00370025634766,74.6455078125,0.6645986137245113
2023-07-20,62.050750732421875,93.14469909667969,88.69709777832031,71.91505432128906,74.34736633300781,0.6661758675930254
2023-07-21,62.20756149291992,93.30889892578125,88.72327423095703,71.9239273071289,74.50849914550781,0.6666841234768013
2023-07-24,62.10027313232422,93.19654846191406,88.40056610107422,71.83525848388672,74.37154388427734,0.6663366203706812
2023-07-25,62.059017181396484,93.04963684082031,88.23487854003906,71.82640838623047,74.32317352294922,0.6669452916571896
2023-07-26,62.30661392211914,93.48173522949219,88.32207489013672,71.89729309082031,74.66162109375,0.6665110972657926
2023-07-27,61.811397552490234,92.34098052978516,86.60395050048828,71.79093933105469,74.0814208984375,0.6693820793093331
2023-07-28,62.166316986083984,92.94593811035156,87.04875183105469,71.88846588134766,74.50849914550781,0.6688438273900256
2023-07-31,62.31488037109375,93.20518493652344,87.25807189941406,71.90618896484375,74.7422103881836,0.6685774017135715
2023-08-01,62.006370544433594,92.27644348144531,85.82817840576172,71.84576416015625,74.32079315185547,0.6719631598816621
2023-08-02,61.74101257324219,91.7127914428711,84.90990447998047,71.88130950927734,74.02906799316406,0.6731995788362994
2023-08-03,61.541969299316406,90.88896942138672,82.95092010498047,71.907958984375,73.77783203125,0.677111531697434
2023-08-04,61.906864166259766,91.83416748046875,84.42015838623047,72.0501480102539,74.20735931396484,0.674115809667748
2023-08-07,62.02294921875,91.60870361328125,83.58937072753906,72.07683563232422,74.361328125,0.6770421015952248
2023-08-08,62.15566635131836,91.97293090820312,84.5600814819336,72.11239624023438,74.49098205566406,0.6758039103196031
2023-08-09,62.16395568847656,92.05966186523438,84.99736785888672,72.06794738769531,74.49907684326172,0.6752572671783004
2023-08-10,62.1473503112793,91.40924835205078,83.59807586669922,72.03238677978516,74.45857238769531,0.6798803341203168
2023-08-11,62.05615997314453,91.09709167480469,83.40567016601562,71.96127319335938,74.35324096679688,0.6812090137264811
2023-08-14,62.04782485961914,91.06237030029297,83.2220230102539,71.89908599853516,74.361328125,0.6813772215131931
2023-08-15,61.848819732666016,90.58544921875,82.71478271484375,71.92575073242188,74.12630462646484,0.6827677101132499
2023-08-16,61.65806198120117,90.17788696289062,82.06761169433594,71.89016723632812,73.93182373046875,0.6837381541948778
2023-08-17,61.4010009765625,89.9350814819336,81.7177963256836,71.97018432617188,73.58334350585938,0.6827258058235807
2023-08-18,61.442440032958984,90.27326202392578,82.00641632080078,71.99684143066406,73.61576080322266,0.6806272273253452
2023-08-21,61.42588424682617,89.73561096191406,80.91321563720703,71.91685485839844,73.64009857177734,0.6845207113249252
2023-08-22,61.45906448364258,90.01311492919922,81.53416442871094,71.88130950927734,73.68061065673828,0.6827789987268396
2023-08-23,61.95659637451172,91.27919006347656,83.55435943603516,72.01459503173828,74.28839874267578,0.678759269570933
2023-08-24,61.61661911010742,90.96701049804688,83.0033950805664,71.97018432617188,73.85078430175781,0.6773512592395281
2023-08-25,61.87368392944336,91.01903533935547,83.27449035644531,71.92575073242188,74.15872955322266,0.6797883947984447
2023-08-28,62.10588836669922,91.30519104003906,83.36196899414062,71.97018432617188,74.47476959228516,0.6802010669849494
2023-08-29,62.49565124511719,92.03364562988281,84.2277603149414,72.13017272949219,74.93671417236328,0.679052218538056
2023-08-30,62.47078323364258,91.9035415649414,84.14031219482422,72.13017272949219,74.92050170898438,0.6797429366690849
2023-08-31,62.4293212890625,92.05966186523438,84.51636505126953,72.20124816894531,74.92859649658203,0.6781398065577564
2023-09-01,62.54679870605469,91.40434265136719,83.1997299194336,72.16204071044922,74.96283721923828,0.6842869484289119
2023-09-05,62.13853073120117,90.75163269042969,82.0330810546875,72.07292175292969,74.52278900146484,0.6847097830533473
2023-09-06,61.98857879638672,90.66459655761719,82.2348403930664,71.99275207519531,74.41682434082031,0.6837131708515692
2023-09-07,62.19688034057617,91.06493377685547,82.46289825439453,72.12638092041016,74.63687133789062,0.6829948451176908
2023-09-08,62.171878814697266,91.13456726074219,82.7786865234375,72.09075927734375,74.5716781616211,0.6821986506702697
2023-09-11,62.28017044067383,90.96050262451172,82.18221282958984,72.10859680175781,74.66130828857422,0.6846946602501599
2023-09-12,62.180179595947266,90.93437957763672,82.65587615966797,72.07292175292969,74.57981872558594,0.6837917615400886
2023-09-13,62.346866607666016,91.13456726074219,82.6383056640625,72.13530731201172,74.76728057861328,0.6841187540759084
2023-09-14,62.42182159423828,90.96920776367188,82.04185485839844,72.11750793457031,74.87318420410156,0.6861862725726203
2023-09-15,62.18853759765625,90.82996368408203,81.54186248779297,72.08186340332031,74.62872314453125,0.6846698498521453
2023-09-18,62.230167388916016,91.0040054321289,82.00675201416016,72.07292175292969,74.64500427246094,0.6838178945357244
2023-09-19,62.038543701171875,90.69943237304688,81.40152740478516,72.01947784423828,74.45758819580078,0.684001454893425
2023-09-20,61.98857879638672,90.73421478271484,81.65589141845703,71.97494506835938,74.36793518066406,0.6831885738454171
2023-09-21,61.546993255615234,89.82046508789062,79.55945587158203,72.01058197021484,73.84642791748047,0.6852223844019357
2023-09-22,61.65530014038086,90.36869049072266,80.19981384277344,72.08186340332031,73.96051025390625,0.6822639545353427
2023-09-25,61.57197189331055,89.48973083496094,78.22616577148438,72.05509948730469,73.85456085205078,0.6880339377359735
2023-09-26,61.30536651611328,89.23736572265625,77.95426940917969,72.06404113769531,73.504150390625,0.6869921138937052
2023-09-27,61.22203826904297,88.81963348388672,77.55074310302734,72.01058197021484,73.39822387695312,0.6892849685103645
2023-09-28,61.513671875,88.97627258300781,77.78759002685547,72.13530731201172,73.71601867675781,0.6913491663478329
2023-09-29,61.42197799682617,88.78482055664062,77.79633331298828,72.14421081542969,73.6671371459961,0.6918071987051185
2023-10-02,61.04928207397461,87.97142028808594,76.4940185546875,72.07185363769531,73.21720886230469,0.6939672211049044
2023-10-03,60.42950439453125,86.95796203613281,74.8484878540039,72.01827239990234,72.47142791748047,0.6949277901593595
2023-10-04,60.73939895629883,87.7180404663086,75.90445709228516,72.17906951904297,72.74189758300781,0.6924390767669745
2023-10-05,60.79801559448242,87.61322784423828,75.52606964111328,72.25051879882812,72.84024047851562,0.6939364875652243
2023-10-06,60.88179016113281,87.35110473632812,74.61093139648438,72.18798828125,72.97135925292969,0.6969779070900853
2023-10-09,61.33406066894531,88.43448638916016,76.36203002929688,72.40238952636719,73.51222229003906,0.6935536482797205
2023-10-10,61.31730270385742,88.46942901611328,76.25642395019531,72.35773468017578,73.52864074707031,0.6930902955493187
2023-10-11,61.30893325805664,89.01111602783203,77.84916687011719,72.3398666381836,73.56141662597656,0.6887783907673569
2023-10-12,60.98229217529297,88.0849838256836,75.73725891113281,72.25051879882812,73.14344787597656,0.6923120096834474
2023-10-13,60.932029724121094,88.57425689697266,77.09239196777344,72.2951889038086,73.07791137695312,0.6879203039207622
2023-10-16,60.91529083251953,87.96269989013672,75.8516616821289,72.25051879882812,73.05329132080078,0.6925127458411492
2023-10-17,60.63050842285156,87.26375579833984,75.01571655273438,72.08975219726562,72.7091293334961,0.694795999417722
2023-10-18,60.33737564086914,86.5648193359375,74.35574340820312,72.08975219726562,72.33210754394531,0.6970195987669554
2023-10-19,60.11960983276367,85.86585235595703,72.83341979980469,72.18798828125,72.08625793457031,0.700157375524996
2023-10-20,60.2452507019043,86.20658874511719,73.24697875976562,72.30411529541016,72.20097351074219,0.6988474034163269
2023-10-23,60.48814010620117,86.87932586669922,74.12696838378906,72.34879302978516,72.49600982666016,0.6962316926700076
2023-10-24,60.79801559448242,87.36859130859375,75.10369873046875,72.33092498779297,72.86480712890625,0.695879545313239
2023-10-25,60.471405029296875,86.5735092163086,73.4317855834961,72.25051879882812,72.5124282836914,0.6984977919539544
2023-10-26,60.680763244628906,87.20259094238281,74.55813598632812,72.39344787597656,72.74189758300781,0.6958596366101367
2023-10-27,60.60538864135742,87.02782440185547,74.24134826660156,72.43812561035156,72.61894989013672,0.6963909422980508
2023-10-30,60.62211227416992,86.7657470703125,73.90696716308594,72.4112777709961,72.63533782958984,0.6986871469572374
2023-10-31,60.78126907348633,86.64344024658203,73.54620361328125,72.3844985961914,72.87299346923828,0.7015103382380303
2023-11-01,61.360595703125,87.88336181640625,75.14083099365234,72.54578399658203,73.54967498779297,0.6982049211011188
2023-11-02,62.05110549926758,88.9268798828125,76.85381317138672,72.55473327636719,74.35736083984375,0.6977767080216722
2023-11-03,62.65739059448242,89.36532592773438,77.37474060058594,72.7518081665039,75.19799041748047,0.7011376050387884
2023-11-06,62.40474319458008,88.89180755615234,76.62422943115234,72.6174087524414,74.93426513671875,0.7020303097690913
2023-11-07,62.41318130493164,89.60209655761719,77.7544174194336,72.67119598388672,74.83540344238281,0.6965593853576613
2023-11-08,62.446868896484375,90.0580825805664,79.07886505126953,72.65325927734375,74.87657928466797,0.6934066005749023
2023-11-09,62.05949783325195,89.1461181640625,77.25997924804688,72.54578399658203,74.382080078125,0.6961547974420945
2023-11-10,62.36265182495117,89.59333801269531,77.69261932373047,72.56369018554688,74.76118469238281,0.6960634932043098
2023-11-13,62.30371856689453,89.60209655761719,77.5160140991211,72.590576171875,74.62931823730469,0.6953377315990718
2023-11-14,62.93525314331055,91.00514221191406,79.27313995361328,72.8772201538086,75.39583587646484,0.6915571100011015
2023-11-15,62.73317337036133,90.53163146972656,78.16059875488281,72.74286651611328,75.16504669189453,0.6929420397260715
2023-11-16,62.817344665527344,91.27696990966797,79.13188171386719,72.86829376220703,75.27217864990234,0.688205850037467
2023-11-17,62.96050262451172,91.54005432128906,79.50272369384766,72.81452941894531,75.43701934814453,0.6877918425035201
2023-11-20,63.02787780761719,91.90837097167969,79.98834991455078,72.823486328125,75.49471282958984,0.6857686317499673
2023-11-21,63.112064361572266,91.9346694946289,79.9530258178711,72.86829376220703,75.59363555908203,0.686488184582634
2023-11-22,63.221534729003906,92.30296325683594,80.2355728149414,72.8772201538086,75.78318786621094,0.684935049734947
2023-11-24,63.154205322265625,91.82946014404297,79.29080963134766,72.823486328125,75.71723937988281,0.687733601212535
2023-11-27,63.24681854248047,92.57479858398438,80.6152572631836,72.91307830810547,75.8326416015625,0.6831969338297031
2023-11-28,63.524696350097656,92.94310760498047,80.77420043945312,73.04745483398438,76.11286926269531,0.683479366970226
2023-11-29,63.86993408203125,93.6972427368164,81.78960418701172,73.19078063964844,76.50846862792969,0.681662898677112
2023-11-30,63.752044677734375,93.20616912841797,80.8448257446289,73.14598846435547,76.38484191894531,0.6839895392535427
2023-12-01,64.27986145019531,94.32837677001953,82.36747741699219,73.35894775390625,77.0271224975586,0.6814477641962926
2023-12-04,64.1191635131836,93.89710235595703,82.03974151611328,73.25111389160156,76.8365249633789,0.6828662642869696
2023-12-05,64.17838287353516,94.645263671875,83.80241394042969,73.34100341796875,76.94425964355469,0.6780939730490344
2023-12-06,64.18685150146484,94.99735260009766,84.91844940185547,73.3230209350586,76.91110229492188,0.6756698975777443
2023-12-07,64.29680633544922,95.0061264038086,84.43131256103516,73.37689971923828,77.04371643066406,0.6767648442182114
2023-12-08,64.1699447631836,94.49562072753906,83.74039459228516,73.2151870727539,76.91938781738281,0.6790785040526477
2023-12-11,64.12762451171875,94.46923065185547,83.56324768066406,73.233154296875,76.86137390136719,0.6788202261119951
2023-12-12,64.27143859863281,95.0061264038086,83.81124114990234,73.24213409423828,77.06856536865234,0.6764978326287842
2023-12-13,65.25265502929688,96.59925079345703,85.77766418457031,73.61053466796875,78.21229553222656,0.6754985622902641
2023-12-14,65.54085540771484,97.62655639648438,88.00899505615234,73.73674774169922,78.5935287475586,0.6713424894506986
2023-12-15,65.39633178710938,97.48523712158203,88.10674285888672,73.65560913085938,78.43605041503906,0.6708331817006109
2023-12-18,65.43882751464844,97.07888793945312,87.40471649169922,73.64659881591797,78.500244140625,0.6740788744455108
2023-12-19,65.6258773803711,97.20255279541016,87.87567901611328,73.67366790771484,78.75861358642578,0.6751456159644185
2023-12-20,65.6343765258789,97.45874786376953,88.47107696533203,73.77281951904297,78.73358917236328,0.6734580318805697
2023-12-21,65.93186950683594,97.42340087890625,87.9112319946289,73.84491729736328,79.09197998046875,0.6767559837988705
2023-12-22,65.85537719726562,97.25559997558594,87.5113754272461,73.8719711303711,79.01696014404297,0.6771371233512239
2023-12-26,65.9828872680664,97.45874786376953,87.76017761230469,73.83590698242188,79.17533111572266,0.6770340140250833
2023-12-27,66.2549057006836,98.36859893798828,89.31526947021484,73.92605590820312,79.50868225097656,0.673537149212126
2023-12-28,66.04240417480469,98.1124267578125,88.66658020019531,73.91705322265625,79.22532653808594,0.6731298608873301
2023-12-29,65.787353515625,97.75025177001953,87.8668212890625,73.95307159423828,78.95030212402344,0.6730146708000838
2024-01-02,65.56633758544922,97.0877456665039,87.36026000976562,73.86295318603516,78.7086181640625,0.6753307241335006
2024-01-03,65.38785552978516,96.86689758300781,87.72464752197266,73.8810043334961,78.45022583007812,0.6750278698019886
2024-01-04,65.1328125,96.32806396484375,86.3917007446289,73.83590698242188,78.141845703125,0.6761561461857171
2024-01-05,65.18382263183594,95.98357391357422,85.56529998779297,73.8178939819336,78.24188232421875,0.6791143523216684
2024-01-08,65.54931640625,96.71674346923828,86.40948486328125,73.8810043334961,78.6585922241211,0.6777452802378381
2024-01-09,65.6513671875,96.88455963134766,85.85852813720703,73.89899444580078,78.79194641113281,0.6776246642117992
2024-01-10,65.7703857421875,96.76090240478516,85.45865631103516,73.89899444580078,78.95863342285156,0.6797206734084255
2024-01-11,65.9828872680664,97.3438949584961,85.93850708007812,74.07028198242188,79.1586685180664,0.6778328245053181
2024-01-12,66.0508804321289,97.55591583251953,85.7696533203125,74.22351837158203,79.27532958984375,0.6770566384259328
2024-01-16,65.6343765258789,96.56658935546875,84.25902557373047,74.10633087158203,78.74193572998047,0.6796799696867611
2024-01-17,65.35383605957031,96.36338806152344,84.12571716308594,73.96212005615234,78.44190979003906,0.6782019330603548
2024-01-18,65.48983001708984,96.17790222167969,83.34375,73.99815368652344,78.57526397705078,0.6809238765277168
2024-01-19,65.60033416748047,96.27510070800781,83.61032104492188,73.944091796875,78.6585922241211,0.6813842175708477
2024-01-22,65.6513671875,96.54008483886719,84.10794830322266,73.98013305664062,78.79194641113281,0.6800425677797691
2024-01-23,65.57485961914062,96.18672180175781,83.44146728515625,73.97112274169922,78.74193572998047,0.6817454466770511
2024-01-24,65.54085540771484,96.00123596191406,82.9527359008789,73.93505859375,78.70027160644531,0.6827084542298647
2024-01-25,66.04240417480469,96.63725280761719,83.49480438232422,74.07028198242188,79.28366088867188,0.6834052319997145
2024-01-26,65.99137115478516,96.36338806152344,83.3348388671875,74.02523803710938,79.18363952636719,0.6848178803411603
2024-01-29,66.13592529296875,96.76090240478516,84.29454803466797,74.09732818603516,79.40869140625,0.6834984342777078
2024-01-30,66.0508804321289,97.07007598876953,85.05876159667969,74.05225372314453,79.28366088867188,0.6804453355920997
2024-01-31,65.86386108398438,97.31741333007812,85.89407348632812,74.18748474121094,79.06695556640625,0.6767942018823436
2024-02-01,66.24320220947266,98.07002258300781,87.5789566040039,74.2977523803711,79.470947265625,0.6754684098640183
2024-02-02,65.94417572021484,97.1746826171875,85.64445495605469,74.06270599365234,79.16082763671875,0.6786147785014854
2024-02-05,65.63662719726562,96.24390411376953,83.91498565673828,73.91802978515625,78.78367614746094,0.6819821764470073
2024-02-06,65.87584686279297,96.78465270996094,84.73515319824219,74.03558349609375,79.10216522216797,0.680643521656333
2024-02-07,65.98687744140625,96.50096130371094,84.32508087158203,74.0084457397461,79.2195053100586,0.6837950270125313
2024-02-08,65.95271301269531,96.00455474853516,83.8347396850586,73.99037170410156,79.23625946044922,0.686974833490404
2024-02-09,66.08941650390625,95.8804702758789,83.6653823852539,73.9632339477539,79.41227722167969,0.6892896573592701
2024-02-12,65.94417572021484,95.88928985595703,83.7634506225586,73.97228240966797,79.22789001464844,0.6877115871780348
2024-02-13,65.41450500488281,94.83438873291016,82.32816314697266,73.73724365234375,78.59089660644531,0.6897762075433947
2024-02-14,65.67080688476562,95.27766418457031,82.74714660644531,73.84571075439453,78.91779327392578,0.6892571039267842
2024-02-15,65.90147399902344,95.62335968017578,83.17505645751953,73.91802978515625,79.13572692871094,0.6891775630916871
2024-02-16,65.70496368408203,95.27766418457031,82.69364929199219,73.82763671875,78.9513168334961,0.6896156013732606
2024-02-20,65.84165954589844,95.59674835205078,82.76499938964844,73.87284088134766,79.08539581298828,0.6887437144140685
2024-02-21,65.72208404541016,95.35745239257812,82.17662048339844,73.8095474243164,78.9596939086914,0.6892181197840542
2024-02-22,66.03816223144531,95.50811767578125,82.57777404785156,73.80052185058594,79.3284683227539,0.691440307258732
2024-02-23,66.08086395263672,95.79182434082031,83.68321228027344,73.83667755126953,79.3703842163086,0.689838244624362
2024-02-26,65.86729431152344,95.49041748046875,83.43357849121094,73.78245544433594,79.12732696533203,0.6897791008715161
2024-02-27,65.95271301269531,95.35745239257812,82.84521484375,73.78245544433594,79.18597412109375,0.6916366928635412
2024-02-28,65.94417572021484,95.34857177734375,83.37117004394531,73.8547592163086,79.2027359008789,0.6916115731046972
2024-02-29,66.06378936767578,95.43718719482422,83.9595718383789,73.89997100830078,79.30333709716797,0.6922227206132346
2024-03-01,66.31123352050781,96.0182113647461,84.48271942138672,74.04505920410156,79.57218933105469,0.690611005745672
2024-03-04,66.2940444946289,95.84026336669922,84.14287567138672,73.97248077392578,79.60591888427734,0.6917139223728753
2024-03-05,66.24248504638672,96.36518096923828,85.34121704101562,74.02690887451172,79.51319122314453,0.6874109961722862
2024-03-06,66.4057388305664,96.62318420410156,85.84203338623047,74.04505920410156,79.69861602783203,0.6872650635306587
2024-03-07,66.48304748535156,96.86341094970703,85.76153564453125,74.1357192993164,79.78291320800781,0.6863587275475007
2024-03-08,66.50023651123047,96.99688720703125,85.60951232910156,74.1719741821289,79.81661224365234,0.6855914496440655
2024-03-11,66.49166107177734,97.0146484375,85.56480407714844,74.10850524902344,79.81661224365234,0.6853775398115619
2024-03-12,66.55180358886719,96.70326232910156,84.84937286376953,74.03597259521484,79.85874938964844,0.6882063953786521
2024-03-13,66.57757568359375,96.60541534423828,84.43801879882812,73.99971771240234,79.9177474975586,0.6891702234947696
2024-03-14,66.25967407226562,95.89362335205078,83.14128875732422,73.93622589111328,79.52159118652344,0.6909705959176127
2024-03-15,66.21672058105469,95.9203109741211,83.11448669433594,73.89092254638672,79.53004455566406,0.6903305453098425
2024-03-18,66.37137603759766,95.76019287109375,82.86406707763672,73.89997100830078,79.6733169555664,0.6930998575466798
2024-03-19,66.6377182006836,96.03600311279297,83.0965576171875,73.9634017944336,80.0104751586914,0.6938826694236588
2024-03-20,66.86109161376953,96.21393585205078,83.06977081298828,74.08130645751953,80.28016662597656,0.6949210737681759
2024-03-21,66.82673645019531,96.35627746582031,83.24861145019531,74.08130645751953,80.27176666259766,0.6935379635634038
2024-03-22,66.75798797607422,96.68546295166016,84.04454040527344,74.1357192993164,80.16217041015625,0.6904656184916984
2024-03-25,66.6549072265625,96.35627746582031,83.62421417236328,74.09943389892578,80.0863037109375,0.6917546939295829
2024-03-26,66.57757568359375,96.32958984375,83.85671997070312,74.11759185791016,79.93460083007812,0.6911435602662166
2024-03-27,66.92985534667969,96.99688720703125,84.68839263916016,74.1991958618164,80.36444091796875,0.6900206519393127
2024-03-28,66.78377532958984,96.90789794921875,84.61688232421875,74.15386199951172,80.23802947998047,0.6891468780448172
2024-04-01,66.5117416381836,95.97998046875,83.0395278930664,73.99919128417969,79.83891296386719,0.6929751528740836
2024-04-02,66.39949035644531,95.83710479736328,82.5819320678711,74.03557586669922,79.68637084960938,0.6928369810089685
2024-04-03,66.45130157470703,95.89962005615234,82.56396484375,74.09017944335938,79.72877502441406,0.69292559799296
2024-04-04,66.39949035644531,96.00679016113281,83.15614318847656,74.16292572021484,79.61860656738281,0.6916124395472847
2024-04-05,66.33905029296875,95.58704376220703,81.99870300292969,74.04469299316406,79.57625579833984,0.694017177244242
2024-04-08,66.49447631835938,95.57808685302734,81.98973846435547,73.97191619873047,79.78809356689453,0.6957083836654889
2024-04-09,66.63265228271484,96.06928253173828,82.75240325927734,74.04469299316406,80.00841522216797,0.6935895691809867
2024-04-10,66.04544067382812,94.702880859375,80.94893646240234,73.74446868896484,79.26270294189453,0.697396320729667
2024-04-11,65.98500061035156,94.50640106201172,80.5810775756836,73.83544158935547,79.18644714355469,0.6982066809110059
2024-04-12,65.95044708251953,94.72074127197266,81.01174926757812,73.88090515136719,79.17797088623047,0.6962619400660656
2024-04-15,65.57047271728516,93.67582702636719,79.75560760498047,73.85365295410156,78.70344543457031,0.699972178509071
2024-04-16,65.3545913696289,93.36324310302734,79.22623443603516,73.80814361572266,78.44075775146484,0.7000034402994058
2024-04-17,65.4409408569336,93.8722915649414,80.10554504394531,73.86273956298828,78.54244995117188,0.6971273393455103
2024-04-18,65.49272918701172,93.68476104736328,79.7017822265625,73.82632446289062,78.64414978027344,0.6990755855576256
2024-04-19,65.61366271972656,93.78299713134766,79.9888916015625,73.84453582763672,78.80513000488281,0.6996328196659297
2024-04-22,65.97635650634766,94.01519012451172,79.85432434082031,73.88090515136719,79.21188354492188,0.7017627302457186
2024-04-23,66.24404907226562,94.17597198486328,79.88123321533203,73.94461822509766,79.51692199707031,0.7034071183561864
2024-04-24,66.09725189208984,93.80980682373047,79.31597137451172,73.91732788085938,79.38134765625,0.7045878691157228
2024-04-25,65.9590835571289,93.53294372558594,78.75969696044922,73.86273956298828,79.16101837158203,0.7051962755566069
2024-04-26,66.16633605957031,93.89017486572266,79.17239379882812,73.88090515136719,79.4237060546875,0.7047205541389002
2024-04-29,66.36492919921875,94.28313446044922,79.83637237548828,73.91732788085938,79.66943359375,0.7038897208817144
2024-04-30,65.88134002685547,93.76513671875,79.15444946289062,73.82632446289062,79.16947174072266,0.7026208496284454
2024-05-01,66.22858428955078,94.15515899658203,79.73790740966797,73.97418975830078,79.5180892944336,0.7033983585748602
2024-05-02,66.63661193847656,94.73797607421875,80.08007049560547,74.08372497558594,79.97833251953125,0.7033780401459361
2024-05-03,66.91442108154297,95.40147399902344,80.89041900634766,74.202392578125,80.34478759765625,0.7013981889024894
2024-05-06,66.99253845214844,95.67047882080078,81.2055435180664,74.19325256347656,80.43001556396484,0.7002425333067618
2024-05-07,67.00121307373047,95.71530151367188,81.70075225830078,74.202392578125,80.4641342163086,0.7000052448683984
2024-05-08,66.84495544433594,95.47322845458984,81.2055435180664,74.18412017822266,80.2936782836914,0.7001434488635687
2024-05-09,66.8623046875,95.62564849853516,81.60171508789062,74.24799346923828,80.31920623779297,0.699208901977007
2024-05-10,66.75814056396484,95.32080078125,81.14250946044922,74.18412017822266,80.13172149658203,0.7003522842529083
2024-05-13,66.74079132080078,95.35664367675781,81.3495864868164,74.202392578125,80.1402359008789,0.6999070934904157
2024-05-14,66.84495544433594,95.63459777832031,81.80876922607422,74.275390625,80.25957489013672,0.6989620597273973
2024-05-15,67.2356185913086,96.48641967773438,82.9252700805664,74.41230010986328,80.7027587890625,0.696840227006829
2024-05-16,67.07933044433594,96.33397674560547,82.84425354003906,74.3575439453125,80.54081726074219,0.6963205787868187
2024-05-17,67.08802032470703,96.10983276367188,82.28600311279297,74.31189727783203,80.53230285644531,0.6980349293674489
2024-05-20,67.12276458740234,96.06497955322266,82.04290008544922,74.29367065429688,80.58343505859375,0.6987225198982577
2024-05-21,67.0706787109375,96.22638702392578,82.46607971191406,74.33016967773438,80.54081726074219,0.6970092173808937
2024-05-22,66.92308044433594,96.08293151855469,82.56511688232422,74.275390625,80.37036895751953,0.6965137239949047
2024-05-23,66.6886978149414,95.66151428222656,82.0339126586914,74.2388916015625,80.07207489013672,0.6971319481541162
2024-05-24,66.92308044433594,95.92154693603516,82.27699279785156,74.26627349853516,80.35334777832031,0.6976855835004755
2024-05-28,66.65396881103516,95.3476791381836,81.09749603271484,74.202392578125,80.05500793457031,0.6990623097856028
2024-05-29,66.45430755615234,94.83660125732422,80.11610412597656,74.17500305175781,79.79081726074219,0.7007242633657761
2024-05-30,66.72341918945312,95.41943359375,80.89041900634766,74.25716400146484,80.07207489013672,0.6992644650724853
2024-05-31,66.95780181884766,95.8408203125,81.43965148925781,74.3575439453125,80.4129638671875,0.6986355250354083
2024-06-03,67.16539764404297,96.50237274169922,82.75688171386719,74.44178009033203,80.63668823242188,0.6959973701767896
2024-06-04,67.13052368164062,96.88037109375,83.72359466552734,74.51502990722656,80.6024169921875,0.6929218264108341
2024-06-05,67.34854888916016,97.20441436767578,84.33795166015625,74.58827209472656,80.86809539794922,0.6928548392299779
2024-06-06,67.23514556884766,97.1413803100586,84.2114486694336,74.59745788574219,80.74811553955078,0.6921370208478058
2024-06-07,67.06071472167969,96.26835632324219,82.66653442382812,74.40515899658203,80.50814056396484,0.6966018459534988
2024-06-10,67.12178039550781,96.07032775878906,82.11542510986328,74.414306640625,80.58528137207031,0.6986733777367292
2024-06-11,67.20899963378906,96.4843521118164,82.96468353271484,74.49671173095703,80.72241973876953,0.6965792707598852
2024-06-12,67.47937774658203,97.07840728759766,83.58805084228516,74.59745788574219,81.00524139404297,0.6951018216303485
2024-06-13,67.47068786621094,97.53741455078125,84.81676483154297,74.71647644042969,81.02236938476562,0.6917416068177964
2024-06-14,67.20899963378906,97.618408203125,85.530517578125,74.72563171386719,80.69670867919922,0.6884869449411647
2024-06-17,67.25260162353516,97.15937805175781,84.68124389648438,74.65238952636719,80.78240203857422,0.6921884739495656
2024-06-18,67.46192932128906,97.60942840576172,85.45822143554688,74.75308990478516,81.05664825439453,0.6911415262145608
2024-06-20,67.41832733154297,97.28539276123047,84.88905334472656,74.72563171386719,80.97096252441406,0.6929953759554546
2024-06-21,67.49681091308594,97.31240844726562,84.88905334472656,74.75308990478516,81.05664825439453,0.693609499446959
2024-06-24,67.42704010009766,97.41141510009766,85.23236846923828,74.76226806640625,81.03093719482422,0.6921882823569623
2024-06-25,67.5142593383789,97.37541961669922,85.37690734863281,74.77141571044922,81.10810089111328,0.693339855213324
2024-06-26,67.365966796875,96.8443832397461,84.15726470947266,74.69815063476562,80.89380645751953,0.6956104684987782
2024-06-27,67.4444808959961,97.03337860107422,84.49153900146484,74.75308990478516,81.00524139404297,0.6950647485261267
2024-06-28,67.27876281738281,96.41236114501953,82.91950225830078,74.76226806640625,80.79954528808594,0.6978229971588897
2024-07-01,67.26561737060547,95.83972930908203,81.48839569091797,74.69793701171875,80.72541809082031,0.7018552520497489
2024-07-02,67.44976043701172,96.4538803100586,82.12286376953125,74.76226043701172,81.00987243652344,0.6992954583080447
2024-07-03,67.68649291992188,97.16743469238281,83.20137786865234,74.87247467041016,81.19950103759766,0.696596479409042
2024-07-05,67.88813781738281,97.6732406616211,83.89019775390625,75.01029205322266,81.5356674194336,0.6950536027833283
2024-07-08,67.87059783935547,97.66421508789062,84.07146453857422,75.00111389160156,81.44949340820312,0.6949382409747205
2024-07-09,67.79167938232422,97.4835433959961,83.69985961914062,74.98273468017578,81.39775848388672,0.6954166520901065
2024-07-10,67.9494857788086,97.7183837890625,83.96269226074219,75.01029205322266,81.55288696289062,0.6953603113768865
2024-07-11,68.19499206542969,98.24226379394531,84.7784194946289,75.1848373413086,81.84598541259766,0.6941512688313333
2024-07-12,68.37035369873047,98.60354614257812,85.14092254638672,75.29508972167969,82.0959701538086,0.6933863575237826
2024-07-15,68.37911987304688,98.06161499023438,84.16207122802734,75.29508972167969,82.0959701538086,0.6973077067908429
2024-07-16,68.64214324951172,98.6306381225586,85.34939575195312,75.32264709472656,82.42352294921875,0.6959515273967596
2024-07-17,68.56324768066406,98.67581176757812,85.36750793457031,75.33181762695312,82.3287124633789,0.6948333786415514
2024-07-18,68.42295837402344,98.25127410888672,84.71495819091797,75.29508972167969,82.13909149169922,0.6964078480874851
2024-07-19,68.37035369873047,97.89000701904297,84.21646881103516,75.25833892822266,82.07010650634766,0.6984405842920216
2024-07-22,68.62461853027344,97.83582305908203,83.97175598144531,75.26751708984375,82.35456848144531,0.7014262913578367
2024-07-23,68.63339233398438,97.76354217529297,83.85393524169922,75.30426025390625,82.3890609741211,0.7020346317947711
2024-07-24,68.41419982910156,97.16743469238281,82.94759368896484,75.34101104736328,82.0959701538086,0.7040856851443122
2024-07-25,68.42295837402344,97.5558090209961,83.62734985351562,75.35020446777344,82.13044738769531,0.7013724662905246
2024-07-26,68.64214324951172,98.09776306152344,84.27989959716797,75.45126342773438,82.35456848144531,0.6997319929350663
2024-07-29,68.58078002929688,98.30545806884766,84.73306274414062,75.46044921875,82.27698516845703,0.6976294233964784
2024-07-30,68.61583709716797,98.38677215576172,85.05935668945312,75.4880142211914,82.29424285888672,0.6974091698885936
2024-07-31,68.86134338378906,98.955810546875,85.9294204711914,75.64417266845703,82.61316680908203,0.6958797366544707
2024-08-01,68.71063232421875,99.28392791748047,86.67057037353516,75.7750473022461,82.41812896728516,0.6920619859170699
2024-08-02,68.48148345947266,100.25384521484375,89.371337890625,76.19906616210938,82.15812683105469,0.683080866501599
2024-08-05,68.05843353271484,100.00004577636719,89.84423065185547,76.18062591552734,81.63809204101562,0.6805840237805066
2024-08-06,68.31404113769531,99.34738159179688,87.83454895019531,76.08846282958984,81.95877838134766,0.6876279982736456
2024-08-07,68.44622802734375,98.89415740966797,87.21614837646484,76.0423812866211,82.08010864257812,0.692115993706342
2024-08-08,68.72825622558594,98.9394760131836,86.6796646118164,76.00550842285156,82.40082550048828,0.6946494866864664
2024-08-09,68.71944427490234,99.4471206665039,87.53446197509766,76.02393341064453,82.38349151611328,0.6910149214410453
2024-08-12,68.76351165771484,99.65557861328125,87.85272979736328,76.07001495361328,82.40950012207031,0.6900116643199202
2024-08-13,69.08079528808594,100.35354614257812,88.46200561523438,76.18984985351562,82.81686401367188,0.6883742323359339
2024-08-14,69.20418548583984,100.7977066040039,89.01668548583984,76.18062591552734,83.00753784179688,0.6865650798754473
2024-08-15,69.265869140625,100.4895248413086,88.29828643798828,75.99627685546875,83.0855484008789,0.6892844726851731
2024-08-16,69.4862060546875,100.78868103027344,88.60750579833984,76.07923889160156,83.36289978027344,0.6894246987299719
2024-08-19,69.60081481933594,101.0243148803711,89.01668548583984,76.060791015625,83.49290466308594,0.6889511193592791
2024-08-20,69.5390853881836,101.28719329833984,89.72599792480469,76.1714096069336,83.44090270996094,0.6865535821824711
2024-08-21,69.69776916503906,101.5138168334961,89.78056335449219,76.25436401367188,83.5795669555664,0.6865840664759753
2024-08-22,69.609619140625,101.09684753417969,88.88938903808594,76.15298461914062,83.51023864746094,0.6885439144587647
2024-08-23,69.97978210449219,101.67697143554688,89.47136688232422,76.32810974121094,83.9522705078125,0.6882559651066361
2024-08-26,69.83876037597656,101.55007934570312,89.2440414428711,76.29122924804688,83.80493927001953,0.6877272851577702
2024-08-27,69.88285064697266,101.46849822998047,89.08943939208984,76.33733367919922,83.8396224975586,0.6887147426640898
2024-08-28,69.84758758544922,101.260009765625,88.98033142089844,76.32810974121094,83.8482666015625,0.6897845234966643
2024-08-29,69.91807556152344,101.0877914428711,88.6893081665039,76.31889343261719,83.90027618408203,0.6916569702785231
2024-08-30,69.92691040039062,100.80679321289062,87.74361419677734,76.31889343261719,83.91761016845703,0.693672600543043
2024-09-03,69.67893981933594,101.1115493774414,89.17868041992188,76.4002914428711,83.60122680664062,0.6891293848067739
2024-09-04,69.93575286865234,101.73931121826172,90.32818603515625,76.56678771972656,83.95855712890625,0.6874014776708967
2024-09-05,70.17488098144531,102.23966217041016,90.8390884399414,76.59452056884766,84.20257568359375,0.6863762994881558
2024-09-06,70.0863037109375,102.19417572021484,90.8299560546875,76.73326873779297,84.08928680419922,0.6858150498010608
2024-09-09,70.25457000732422,102.42162322998047,91.22225189208984,76.74252319335938,84.27230834960938,0.6859349402183617
2024-09-10,70.12174987792969,102.70365142822266,91.86087799072266,76.853515625,84.08928680419922,0.6827580996663615
2024-09-11,70.22801208496094,102.74913024902344,91.78789520263672,76.78875732421875,84.22870635986328,0.683490088088881
2024-09-12,70.32543182373047,102.67635345458984,91.3591079711914,76.79801177978516,84.32459259033203,0.6849233485374308
2024-09-13,70.52027130126953,102.99478149414062,91.60543060302734,76.90899658203125,84.57732391357422,0.6846975184396253
2024-09-16,70.6973876953125,103.44965362548828,92.44474792480469,76.95525360107422,84.75161743164062,0.6833989792875811
2024-09-17,70.715087890625,103.45875549316406,91.99771118164062,76.89972686767578,84.80389404296875,0.6835099412663768
2024-09-18,70.7770767211914,103.03116607666016,90.85733795166016,76.87201690673828,84.89977264404297,0.686948225632328
2024-09-19,70.9896240234375,103.12213134765625,90.5562515258789,76.93675231933594,85.08277893066406,0.6884033824331051
2024-09-20,71.07817840576172,103.21310424804688,90.20957946777344,76.9645004272461,85.17864990234375,0.6886545940420811
2024-09-23,70.94535827636719,103.06755828857422,90.01799774169922,76.9645004272461,85.02176666259766,0.6883384010876679
2024-09-24,70.95419311523438,103.24041748046875,89.9997329711914,77.03849029541016,85.06534576416016,0.6872714664163155
2024-09-25,70.87450408935547,102.63084411621094,89.25164794921875,76.97373962402344,84.96947479248047,0.6905770355849637
2024-09-26,70.9896240234375,102.63084411621094,89.46147918701172,76.89972686767578,85.00433349609375,0.691698725025145
2024-09-27,71.16673278808594,103.04025268554688,89.9267578125,77.0199966430664,85.22222900390625,0.6906692378295018
2024-09-30,71.11360168457031,102.78553009033203,89.49800109863281,76.90899658203125,85.22222900390625,0.6918639386504388
2024-10-01,71.0780029296875,103.27950286865234,90.14415740966797,76.95821380615234,85.1854248046875,0.6882101574412329
2024-10-02,71.0869140625,103.05122375488281,89.38447570800781,76.93960571289062,85.17665100097656,0.6898211537165927
2024-10-03,70.91781616210938,102.38467407226562,88.54243469238281,76.83755493164062,85.02770233154297,0.6926604670544132
2024-10-04,70.83771514892578,101.82769775390625,87.45330047607422,76.57772064208984,84.94884490966797,0.6956625428193809
2024-10-07,70.53515625,101.3072280883789,86.7943115234375,76.47564697265625,84.53701782226562,0.6962499871032518
2024-10-08,70.70423889160156,101.50811767578125,86.94075012207031,76.54058837890625,84.71227264404297,0.696537779544215
2024-10-09,70.65972900390625,101.3072280883789,86.44650268554688,76.4663314819336,84.62464141845703,0.6974796402707195
2024-10-10,70.62415313720703,101.19767761230469,86.10785675048828,76.53131103515625,84.61587524414062,0.6978831412295157
2024-10-11,70.81104278564453,101.17938995361328,85.76005554199219,76.59627532958984,84.80865478515625,0.6998563918808818
2024-10-14,70.84664154052734,101.18855285644531,85.82411193847656,76.55915832519531,84.86121368408203,0.7001448240991885
2024-10-15,70.82880401611328,101.68160247802734,86.86753845214844,76.59627532958984,84.86121368408203,0.6965744273298493
2024-10-16,70.95341491699219,102.00118255615234,87.233642578125,76.64265441894531,85.03646850585938,0.6956136501450054
2024-10-17,70.84664154052734,101.2433090209961,85.85155487060547,76.57772064208984,84.82617950439453,0.6997661596168788
2024-10-18,71.01570892333984,101.1246109008789,85.91564178466797,76.64265441894531,85.0715103149414,0.7022594034299777
2024-10-21,70.73094177246094,100.09283447265625,84.41461181640625,76.53131103515625,84.72978973388672,0.7066533997674278
2024-10-22,70.63304138183594,100.08370208740234,84.4969711303711,76.52203369140625,84.5808334350586,0.7057396949620492
2024-10-23,70.41946411132812,99.74583435058594,84.2681884765625,76.47564697265625,84.30045318603516,0.7059890226976127
2024-10-24,70.62415313720703,100.04718780517578,84.80818939208984,76.51273345947266,84.56330108642578,0.7059084286780263
2024-10-25,70.55294799804688,99.80976867675781,84.33222961425781,76.48492431640625,84.43187713623047,0.7068741760792817
2024-10-28,70.73094177246094,99.72759246826172,84.10342407226562,76.44778442382812,84.6772232055664,0.709241444838559
2024-10-29,70.74873352050781,99.84627532958984,84.23155975341797,76.47564697265625,84.7035140991211,0.7085765922360966
2024-10-30,70.62415313720703,99.71845245361328,84.47866821289062,76.41065979003906,84.53701782226562,0.7082355511890817
2024-10-31,70.42835998535156,99.51757049560547,84.615966796875,76.42923736572266,84.37931060791016,0.707697742565586
2024-11-01,70.43285369873047,98.97235870361328,83.42303466796875,76.40411376953125,84.35375213623047,0.7116416605736517
2024-11-04,70.62960815429688,99.70540618896484,84.71790313720703,76.4599609375,84.56521606445312,0.7083829338244448
2024-11-05,70.82637786865234,100.18192291259766,85.16789245605469,76.44132995605469,84.77665710449219,0.7069776244007998
2024-11-06,70.95158386230469,99.1373062133789,82.83528900146484,76.34822845458984,84.97048950195312,0.7156900522351447
2024-11-07,71.25567626953125,100.31019592285156,83.87301635742188,76.47857666015625,85.3405532836914,0.710353275795951
2024-11-08,71.37194061279297,100.65837860107422,84.93833923339844,76.42268371582031,85.52557373046875,0.709051164986988
2024-11-11,71.29143524169922,100.46597290039062,84.52506256103516,76.3668441772461,85.47270965576172,0.7096077724980856
2024-11-12,71.00523376464844,99.55880737304688,83.25773620605469,76.2923583984375,85.05860137939453,0.7131989186912596
2024-11-13,71.02314758300781,99.18309783935547,82.46795654296875,76.40411376953125,85.12029266357422,0.716081158284069
2024-11-14,70.8710708618164,99.15563201904297,82.94548034667969,76.2923583984375,84.94405364990234,0.7147457932415329
2024-11-15,70.86215209960938,99.20146179199219,82.7250747680664,76.37614440917969,84.90000915527344,0.714325684516572
2024-11-18,70.99630737304688,99.38469696044922,82.87203979492188,76.43201446533203,85.04098510742188,0.7143585435622982
2024-11-19,71.10363006591797,99.59544372558594,83.29444885253906,76.43201446533203,85.18196868896484,0.7139245271282579
2024-11-20,71.08573913574219,99.35723114013672,83.02813720703125,76.39481353759766,85.12911224365234,0.7154561205060205
2024-11-21,71.1125717163086,99.23809051513672,82.9638671875,76.37614440917969,85.15554809570312,0.7165854496712817
2024-11-22,71.09468078613281,99.3297348022461,83.009765625,76.3668441772461,85.15554809570312,0.7157441920858243
2024-11-25,71.36299133300781,100.5667724609375,85.15872192382812,76.51583099365234,85.4991455078125,0.7096080503202673
2024-11-26,71.22884368896484,100.31019592285156,84.82810974121094,76.51583099365234,85.3405532836914,0.7100857797521086
2024-11-27,71.4435043334961,100.6767349243164,85.41585540771484,76.56238555908203,85.58724975585938,0.7096327109456186
2024-11-29,71.58658599853516,101.29983520507812,86.29747009277344,76.6554946899414,85.78109741210938,0.7066801821899366
2024-12-02,71.56053924560547,101.45889282226562,86.50481414794922,76.65084075927734,85.74032592773438,0.7053155938825816
2024-12-03,71.56053924560547,101.10031127929688,85.75839233398438,76.66017150878906,85.758056640625,0.7078171999680034
2024-12-04,71.73123168945312,101.58765411376953,86.67992401123047,76.74427032470703,85.9440689086914,0.706101861640788
2024-12-05,71.66832733154297,101.56007385253906,86.85499572753906,76.74427032470703,85.87321472167969,0.7056742341050515
2024-12-06,71.78515625,101.78993225097656,86.98401641845703,76.81900787353516,86.02381896972656,0.7052284510122689
2024-12-09,71.69530487060547,101.53246307373047,86.18228149414062,76.79093933105469,85.8998031616211,0.7061318390212009
2024-12-10,71.73123168945312,101.37616729736328,85.77681732177734,76.7816390991211,85.8998031616211,0.7075749024822208
2024-12-11,71.74920654296875,101.10031127929688,84.96585083007812,76.76294708251953,85.9175033569336,0.7096833395968131
2024-12-12,71.55155181884766,100.53022003173828,83.93373107910156,76.72555541992188,85.68718719482422,0.7117417210094457
2024-12-13,71.34490203857422,99.96929168701172,83.07670593261719,76.68819427490234,85.42144012451172,0.7136681758428778
2024-12-16,71.47966003417969,100.09801483154297,83.32551574707031,76.69755554199219,85.56317138671875,0.7140966796841505
2024-12-17,71.32693481445312,100.10722351074219,83.52825927734375,76.70689392089844,85.41259002685547,0.7125053748673716
2024-12-18,70.59453582763672,98.86609649658203,82.48379516601562,76.56627655029297,84.5267333984375,0.7140419044467614
2024-12-19,70.52229309082031,98.33088684082031,81.23487854003906,76.650634765625,84.41095733642578,0.7171937054222137
2024-12-20,70.9648208618164,98.71845245361328,81.69744110107422,76.66000366210938,84.95425415039062,0.718860750933692
2024-12-23,70.77516174316406,98.432373046875,80.94808959960938,76.6131591796875,84.78504943847656,0.7190232192152866
2024-12-24,71.00093078613281,98.73692321777344,81.29039764404297,76.650634765625,85.00772094726562,0.7190919918532774
2024-12-26,71.18155670166016,98.82919311523438,81.244140625,76.66938018798828,85.21255493164062,0.7202482835073114
2024-12-27,70.9377212524414,98.41393280029297,80.57801818847656,76.68812561035156,84.98989868164062,0.7208097393729014
2024-12-30,71.03706359863281,98.83840942382812,81.22561645507812,76.80062103271484,85.05224609375,0.7187192106058627
2024-12-31,71.02802276611328,98.58924865722656,80.79078674316406,76.84750366210938,85.03443908691406,0.7204438996493655
2025-01-02,71.19961547851562,98.59849548339844,81.01283264160156,76.82875061035156,85.2838134765625,0.7221166522820208
2025-01-03,71.3079605102539,98.3677978515625,80.75381469726562,76.82875061035156,85.46198272705078,0.7249116282734923
2025-01-06,71.43441772460938,98.1186752319336,80.39300537109375,76.84750366210938,85.5599365234375,0.7280409927646517
2025-01-07,71.19961547851562,97.6664810180664,79.48640441894531,76.80062103271484,85.30165100097656,0.7290076875539836
2025-01-08,71.28992462158203,97.8233642578125,79.5881576538086,76.84750366210938,85.39070892333984,0.7287617346066544
2025-01-10,70.9196548461914,97.2604751586914,79.06082916259766,76.70689392089844,84.91864013671875,0.7291724077070157
2025-01-13,70.90160369873047,96.98362731933594,79.03309631347656,76.72563171386719,84.88301849365234,0.7310677653381046
2025-01-14,70.99189758300781,97.09437561035156,78.90357208251953,76.74439239501953,84.95425415039062,0.7311638510134167
2025-01-15,71.61504364013672,98.257080078125,80.26348876953125,76.9131088256836,85.73809051513672,0.7288537740302787
2025-01-16,71.69631958007812,98.45085144042969,80.52253723144531,76.95999908447266,85.83605194091797,0.7282447894669545
2025-01-17,71.75951385498047,98.53388977050781,80.66130065917969,76.94124603271484,85.90731048583984,0.7282724149235689
2025-01-21,71.94917297363281,99.10601043701172,81.38290405273438,76.9693603515625,86.15673065185547,0.7259819324415361
2025-01-22,71.84981536865234,98.79227447509766,80.95735168457031,76.95061492919922,86.01419067382812,0.7272817206649429
2025-01-23,71.94014739990234,98.65385437011719,80.3282470703125,76.95061492919922,86.13888549804688,0.729217807649018
2025-01-24,72.02141571044922,98.8476333618164,80.68905639648438,76.99747467041016,86.22794342041016,0.728610420512811
2025-01-27,72.07560729980469,99.53050231933594,81.64192962646484,77.10997009277344,86.32594299316406,0.7241559684744246
2025-01-28,72.04850769042969,99.39207458496094,81.58641815185547,77.12871551513672,86.27251434326172,0.7248918788674865
2025-01-29,72.00337219238281,99.26287841796875,81.41990661621094,77.08184051513672,86.20123291015625,0.7253806593155234
2025-01-30,72.1388168334961,99.4843521118164,81.72518157958984,77.12871551513672,86.37938690185547,0.7251272717986339
2025-01-31,71.99432373046875,99.16136169433594,81.18861389160156,77.1380844116211,86.18343353271484,0.726032019935251
2025-02-03,71.90361785888672,99.31790161132812,81.84967041015625,77.08447265625,86.0723648071289,0.723974396280292
2025-02-04,72.13040161132812,99.51239776611328,82.100341796875,77.15972137451172,86.32315826416016,0.7248383440710391
2025-02-05,72.32091522216797,100.20697021484375,83.4558334350586,77.20674896240234,86.55601501464844,0.7217154162740568
2025-02-06,72.21205139160156,100.02174377441406,83.4186782836914,77.17853546142578,86.44853973388672,0.7219635317943105
2025-02-07,71.98526000976562,99.58648681640625,82.88021087646484,77.0938720703125,86.19775390625,0.7228416455987129
2025-02-10,72.13040161132812,99.61426544189453,82.62953186035156,77.1314926147461,86.39479064941406,0.7240971088965378
2025-02-11,72.10319519042969,99.39198303222656,82.100341796875,77.11270141601562,86.29627990722656,0.7254427670192591
2025-02-12,71.94898223876953,98.8548355102539,80.98623657226562,77.00923156738281,86.09923553466797,0.7278246113849077
2025-02-13,72.27555847167969,99.6235122680664,82.33245849609375,77.11270141601562,86.484375,0.725486954095746
2025-02-14,72.3572006225586,100.01250457763672,82.76880645751953,77.2161636352539,86.59184265136719,0.72348153791499
2025-02-18,72.293701171875,99.60499572753906,81.7939453125,77.15032196044922,86.53810119628906,0.7258039684036354
2025-02-19,72.34812927246094,99.66056060791016,81.8960952758789,77.20674896240234,86.60975646972656,0.7259454375045788
2025-02-20,72.39349365234375,99.90137481689453,82.20246887207031,77.2161636352539,86.67244720458984,0.7246496235415284
2025-02-21,72.25741577148438,100.25328826904297,83.19586944580078,77.34781646728516,86.54705047607422,0.7207485860969671
2025-02-24,72.34812927246094,100.51262664794922,83.43727111816406,77.40425872802734,86.62767028808594,0.7197914499425438
2025-02-25,72.5295639038086,101.28129577636719,84.87630462646484,77.50772094726562,86.84263610839844,0.7161200234242315
2025-02-26,72.62935638427734,101.49427795410156,85.37765502929688,77.53591918945312,86.92325592041016,0.715600503282779
2025-02-27,72.4932861328125,101.06828308105469,84.7741928100586,77.56414031982422,86.7441177368164,0.7172703831792054
2025-02-28,72.69285583496094,101.5128173828125,85.81401824951172,77.7052230834961,86.98592376708984,0.7160953435153976
2025-03-03,72.54156494140625,101.83354949951172,86.21449279785156,77.75521850585938,86.7950210571289,0.7123542810589557
2025-03-04,72.53245544433594,101.49886322021484,85.15275573730469,77.76465606689453,86.69596862792969,0.7146134758865963
2025-03-05,72.56890106201172,101.17350769042969,84.47288513183594,77.67974090576172,86.73197174072266,0.7172717712235278
2025-03-06,72.29547119140625,100.85743713378906,84.1934814453125,77.7269058227539,86.42578125,0.7168085294047787
2025-03-07,72.41397857666016,100.69938659667969,83.92340087890625,77.71749114990234,86.5518798828125,0.71911042384689
2025-03-10,72.14051818847656,101.04335021972656,84.79885864257812,77.85899353027344,86.21868133544922,0.7139561191468953
2025-03-11,71.88532257080078,100.38330078125,84.1934814453125,77.81182098388672,85.83143615722656,0.716108376705499
2025-03-12,71.96733856201172,100.08580017089844,83.69055938720703,77.75521850585938,85.91248321533203,0.7190564339709139
2025-03-13,71.56632995605469,100.40189361572266,84.42631530761719,77.81182098388672,85.42617797851562,0.7127986074641883
2025-03-14,71.8944320678711,100.35541534423828,83.97928619384766,77.75521850585938,85.84944915771484,0.716398131792484
2025-03-17,72.06763458251953,100.55992126464844,84.39837646484375,77.7269058227539,86.07459259033203,0.7166635939665826
2025-03-18,71.94001007080078,100.8016357421875,84.4822006225586,77.7269058227539,85.9214859008789,0.7136789948011969
2025-03-19,72.41397857666016,101.39661407470703,84.919921875,77.84012603759766,86.4347915649414,0.7141656478125291
2025-03-20,72.3136978149414,101.24787902832031,84.9758071899414,77.85899353027344,86.32674407958984,0.7142243226123715
2025-03-21,72.2043228149414,101.1084213256836,84.47288513183594,77.9061508178711,86.23668670654297,0.7141276846006895
2025-03-24,72.41397857666016,100.67149353027344,83.6067123413086,77.8023910522461,86.56986999511719,0.7193096678841283
2025-03-25,72.37750244140625,100.77374267578125,83.59741973876953,77.8306884765625,86.47982025146484,0.7182178662775873
2025-03-26,72.08586120605469,100.36470794677734,83.04792785644531,77.81182098388672,86.0655746459961,0.7182391368515841
2025-03-27,71.9491195678711,100.24384307861328,82.80577850341797,77.84956359863281,85.90347290039062,0.7177410338453117
2025-03-28,71.821533203125,100.84812927246094,83.95133209228516,77.99108123779297,85.74137115478516,0.7121751659773984
2025-03-31,71.903564453125,101.04335021972656,84.78022766113281,78.04768371582031,85.82243347167969,0.7116110490870022
2025-04-01,72.07023620605469,101.40450286865234,85.51487731933594,78.0760726928711,86.05065155029297,0.7107202754043983
2025-04-02,72.21678161621094,101.63780212402344,85.45883178710938,78.01927185058594,86.21363067626953,0.7105307287940807
2025-04-03,71.31922149658203,101.62847900390625,85.85137939453125,78.31272888183594,85.0363540649414,0.7017641333965134
2025-04-04,70.30261993408203,101.51649475097656,86.78606414794922,78.2654037475586,83.72322845458984,0.6925241075998217
2025-04-07,69.6981201171875,99.53804779052734,84.16893768310547,78.27486419677734,82.96253204345703,0.7002158638258967
2025-04-08,69.3775634765625,98.27820587158203,82.57996368408203,78.22752380371094,82.61840057373047,0.7059303012431529
2025-04-09,71.23680877685547,99.9206771850586,83.06600189208984,78.18017578125,84.84618377685547,0.7129336067741112
2025-04-10,70.07362365722656,98.22220611572266,80.77601623535156,78.17073059082031,83.46966552734375,0.7134193623656526
2025-04-11,70.2842788696289,98.20354461669922,81.21532440185547,78.02874755859375,83.66889953613281,0.7157000202381419
2025-04-14,70.6323013305664,98.81013488769531,81.79483795166016,78.19912719726562,84.15789794921875,0.7148285083392002
2025-04-15,70.82466125488281,99.34207916259766,82.0845947265625,78.19912719726562,84.40242767333984,0.7129371747792886
2025-04-16,70.81549072265625,99.76202392578125,82.54257202148438,78.30326080322266,84.32999420166016,0.7098441665070869
2025-04-17,71.2276382446289,99.6220474243164,81.81352233886719,78.33165740966797,84.87336730957031,0.7149786627176185
2025-04-21,70.80632781982422,98.548828125,80.38343811035156,78.28431701660156,84.35716247558594,0.7184898001020671
2025-04-22,71.08110046386719,98.79146575927734,80.83210754394531,78.31272888183594,84.67411804199219,0.7195064868970433
2025-04-23,71.43829345703125,99.23008728027344,81.61723327636719,78.25593566894531,85.16314697265625,0.719925734371826
2025-04-24,72.07938385009766,100.2472915649414,82.47716522216797,78.35057830810547,85.89667510986328,0.7190157731433947
2025-04-25,72.14349365234375,100.77925109863281,83.0846939086914,78.41685485839844,86.05065155029297,0.7158566159787871
2025-04-28,72.18013763427734,101.01254272460938,83.60813903808594,78.53044128417969,86.0596923828125,0.714566089392108
2025-04-29,72.37247467041016,101.2458724975586,84.30913543701172,78.5777816772461,86.27703094482422,0.7148190132111837
2025-04-30,71.9878158569336,100.76991271972656,83.62682342529297,78.68189239501953,85.76990509033203,0.7143780709342757
2025-05-01,72.0807876586914,100.41573333740234,83.20278930664062,78.51952362060547,85.87828063964844,0.7178236443934142
2025-05-02,72.30172729492188,100.17212677001953,82.30219268798828,78.36759185791016,86.12416076660156,0.7217749051182272
2025-05-05,72.27413940429688,100.0315933227539,81.84248352050781,78.35810852050781,86.08772277832031,0.7225131281384566
2025-05-06,72.2188720703125,100.22834014892578,82.11454772949219,78.42454528808594,86.04220581054688,0.7205434307602521
2025-05-07,72.2833251953125,100.43449401855469,82.461669921875,78.45305633544922,86.06041717529297,0.7197061716859805
2025-05-08,72.26490783691406,99.92849731445312,81.54229736328125,78.29161834716797,86.08772277832031,0.7231661615956477
2025-05-09,72.3109359741211,99.89102935791016,81.66426849365234,78.32960510253906,86.10594940185547,0.7238981962537454
2025-05-12,73.02898406982422,99.8722915649414,80.90436553955078,78.18717956542969,87.10771179199219,0.7312236750103759
2025-05-13,73.1578598022461,99.95661926269531,80.57600402832031,78.16818237304688,87.24432373046875,0.7318960999469222
2025-05-14,72.8908920288086,99.45063781738281,80.04127502441406,78.11122131347656,86.92558288574219,0.7329353901445579
2025-05-15,73.02898406982422,100.16273498535156,80.74488830566406,78.26313781738281,87.08039855957031,0.7291033344936562
2025-05-16,73.11183166503906,100.35015106201172,80.96063995361328,78.244140625,87.18966674804688,0.7285672307544346
2025-05-19,73.07499694824219,100.35952758789062,80.72612762451172,78.27264404296875,87.1350326538086,0.728132133585884
2025-05-20,73.03820037841797,100.11589813232422,80.14447784423828,78.28214263916016,87.09858703613281,0.7295364846238769
2025-05-21,72.5502700805664,99.00090789794922,78.77481079101562,78.23465728759766,86.51575469970703,0.7328242904130909
2025-05-22,72.69757080078125,99.50686645507812,79.18758392333984,78.28214263916016,86.66146087646484,0.7305784353444614
2025-05-23,72.67916870117188,99.58182525634766,79.31893920898438,78.32960510253906,86.62503814697266,0.72984370907119
2025-05-27,73.12104797363281,100.48131561279297,80.42593383789062,78.35810852050781,87.1805648803711,0.7277079079597886
2025-05-28,73.07499694824219,100.23770141601562,80.07882690429688,78.30110931396484,87.1350326538086,0.7290170855470807
2025-05-29,73.18547821044922,100.68745422363281,80.81993865966797,78.3865966796875,87.24432373046875,0.7268579663152465
2025-05-30,73.24991607666016,100.97791290283203,80.94190216064453,78.48153686523438,87.34447479248047,0.7254053284617431
2025-06-02,73.23697662353516,100.6920166015625,80.18859100341797,78.41673278808594,87.3408432006836,0.7273364770648431
2025-06-03,73.37572479248047,100.73905181884766,80.0473403930664,78.39769744873047,87.54231262207031,0.7283741852606193
2025-06-04,73.51445007324219,101.47260284423828,81.34677124023438,78.54061126708984,87.74376678466797,0.7244758487775049
2025-06-05,73.35723114013672,101.1622543334961,81.40328979492188,78.45486450195312,87.56060791015625,0.7251442904613803
2025-06-06,73.34796142578125,100.55094909667969,80.36750793457031,78.32149505615234,87.56979370117188,0.7294606573554788
2025-06-09,73.38497161865234,100.85188293457031,80.45225524902344,78.37865447998047,87.66136932373047,0.7276509816506086
2025-06-10,73.56068420410156,101.09642028808594,80.86656188964844,78.37865447998047,87.85366821289062,0.7276289703876941
2025-06-11,73.54220581054688,101.41615295410156,81.11136627197266,78.50249481201172,87.8078842163086,0.7251527855116952
2025-06-12,73.62545013427734,101.98043823242188,82.08125305175781,78.56919860839844,87.91779327392578,0.7219565968767347
2025-06-13,73.40345764160156,101.36913299560547,81.29029083251953,78.51203155517578,87.6430435180664,0.7241204050229346
2025-06-16,73.55144500732422,101.19046020507812,80.47108459472656,78.50249481201172,87.84451293945312,0.7268614537206456
2025-06-17,73.46820831298828,101.5384292602539,81.45037078857422,78.54061126708984,87.72547912597656,0.7235507664263878
2025-06-18,73.5792007446289,101.6136703491211,81.59161376953125,78.57872009277344,87.86285400390625,0.7241073026082787
2025-06-20,73.8104476928711,101.69830322265625,81.44096374511719,78.63587951660156,88.12843322753906,0.7257785563174242
2025-06-23,73.94918060302734,101.95220184326172,81.70460510253906,78.74066925048828,88.30243682861328,0.7253318640112806
2025-06-24,74.15267181396484,102.43183135986328,82.29782104492188,78.807373046875,88.54053497314453,0.7239221522209424
2025-06-25,74.13417053222656,102.30955505371094,82.40141296386719,78.81689453125,88.5679931640625,0.7246065188467222
2025-06-26,74.34688568115234,102.68574523925781,82.81570434570312,78.91216278076172,88.8519058227539,0.724023431956637
2025-06-27,74.30990600585938,102.51646423339844,82.28840637207031,78.88357543945312,88.7786636352539,0.724858261173333
2025-06-30,74.59664154052734,103.08073425292969,83.09819793701172,78.94075012207031,89.08085632324219,0.7236720040962185
2025-07-01,74.50279235839844,103.205322265625,83.30424499511719,78.85855865478516,89.01641845703125,0.7218890530339769
2025-07-02,74.64217376708984,103.18643188476562,82.77498626708984,78.84898376464844,89.1913833618164,0.7233719821850916
2025-07-03,74.68864440917969,102.94102478027344,82.19842529296875,78.76298522949219,89.24664306640625,0.725547900544043
2025-07-07,74.43771362304688,102.3274917602539,81.4139633178711,78.7438735961914,88.92433166503906,0.7274458930103475
2025-07-08,74.33551025390625,102.03489685058594,81.30999755859375,78.75341796875,88.78618621826172,0.728530263158485
2025-07-09,74.5399398803711,102.62008666992188,82.16064453125,78.82032775878906,89.01641845703125,0.7263679295080822
2025-07-10,74.46560668945312,102.63899230957031,82.21733093261719,78.82032775878906,88.97037506103516,0.7255099160059638
2025-07-11,74.37267303466797,102.01602172851562,81.08319091796875,78.80119323730469,88.81379699707031,0.7290293404362311
2025-07-14,74.42842102050781,101.98770904541016,80.9130630493164,78.8107681274414,88.89669036865234,0.729778340126931
2025-07-15,74.20539093017578,101.61958312988281,80.34596252441406,78.73429870605469,88.6112060546875,0.7302272716011028
2025-07-16,74.40055084228516,101.78004455566406,80.45938110351562,78.83943939208984,88.81379699707031,0.730993498451409
2025-07-17,74.47490692138672,102.02544403076172,80.44049072265625,78.8107681274414,88.92433166503906,0.7299640558185836
2025-07-18,74.57711029052734,102.21424102783203,80.5633544921875,78.87767028808594,89.05323791503906,0.7296156537543595
2025-07-21,74.67935180664062,102.61067199707031,81.28164672851562,78.92544555664062,89.17296600341797,0.7277932241665158
2025-07-22,74.80944061279297,102.85608673095703,81.77311706542969,78.9827880859375,89.33872985839844,0.7273214740171254
2025-07-23,74.84661865234375,102.69561767578125,81.31944274902344,78.9158935546875,89.40318298339844,0.7288199861520952
2025-07-24,74.75370025634766,102.54459381103516,81.17768859863281,78.84898376464844,89.27427673339844,0.7289872384116184
2025-07-25,74.8001480102539,102.87496185302734,81.68806457519531,78.89677429199219,89.3663558959961,0.7270976986326118
2025-07-28,74.76297760009766,102.66728210449219,81.15878295898438,78.88721466064453,89.32952117919922,0.7282064555288974
2025-07-29,74.80944061279297,103.34689331054688,82.52922821044922,78.9541244506836,89.34793090820312,0.7238673385952515
2025-07-30,74.65147399902344,102.95990753173828,82.10392761230469,78.86811828613281,89.1913833618164,0.7250538174387101
2025-07-31,74.69792175292969,102.98820495605469,82.15116882324219,78.86811828613281,89.22821807861328,0.725305599653897
2025-08-01,74.70166015625,103.90184783935547,83.319091796875,79.26124572753906,89.227294921875,0.7189637307677876
2025-08-04,74.9538345336914,104.08191680908203,83.5467758178711,79.28044128417969,89.56065368652344,0.7201427186547649
2025-08-05,74.9164810180664,104.1577377319336,83.8029556274414,79.25164031982422,89.49585723876953,0.7192598711281135
2025-08-06,74.99120330810547,104.12932586669922,83.319091796875,79.28044128417969,89.61624145507812,0.7201737136386073
2025-08-07,74.9164810180664,104.02506256103516,83.17677307128906,79.24205780029297,89.55140686035156,0.720177226272854
2025-08-08,74.92583465576172,103.6933364868164,82.81625366210938,79.222900390625,89.56993865966797,0.7225713550579772
2025-08-11,74.92583465576172,103.8544692993164,82.91112518310547,79.222900390625,89.55140686035156,0.7214502674874763
2025-08-12,75.09394836425781,103.94923400878906,82.4936752319336,79.28044128417969,89.72736358642578,0.7224098289931459
2025-08-13,75.29008483886719,104.4989242553711,83.17677307128906,79.38591003417969,89.98665618896484,0.7204866975938978
2025-08-14,75.09394836425781,104.13877868652344,82.5600814819336,79.29960632324219,89.72736358642578,0.7210949591631393
2025-08-15,75.14998626708984,104.006103515625,81.97186279296875,79.27084350585938,89.75514221191406,0.7225536168249966
2025-08-18,75.09394836425781,103.81655883789062,81.73467254638672,79.27084350585938,89.70884704589844,0.7233330521147101
2025-08-19,75.07525634765625,103.97767639160156,82.20906066894531,79.3091812133789,89.6995849609375,0.7220324492048391
2025-08-20,75.04725646972656,104.02506256103516,82.38932037353516,79.33795928955078,89.63477325439453,0.7214343795822636
2025-08-21,74.90714263916016,103.62700653076172,81.9813461303711,79.27084350585938,89.47734069824219,0.7228534833429154
2025-08-22,75.51425170898438,104.44207000732422,82.58855438232422,79.44344329833984,90.22745513916016,0.7230252301940088
2025-08-25,75.36483001708984,104.16722869873047,82.35136413574219,79.40507507324219,90.1163330078125,0.7234984645224448
2025-08-26,75.53294372558594,104.2430419921875,82.30393981933594,79.47220611572266,90.31080627441406,0.7245849917853199
2025-08-27,75.62633514404297,104.28096008300781,82.20906066894531,79.52975463867188,90.44971466064453,0.7252170970026003
2025-08-28,75.66368103027344,104.44207000732422,82.74983215332031,79.50096130371094,90.45896911621094,0.7244559689880463
2025-08-29,75.52359008789062,104.06295776367188,82.16160583496094,79.56808471679688,90.30154418945312,0.7257490245415236
2025-09-02,75.44193267822266,103.71488189697266,81.55020904541016,79.52770233154297,90.17024993896484,0.7273973734373479
2025-09-03,75.6484146118164,104.33307647705078,82.44540405273438,79.58540344238281,90.44959259033203,0.7250664618181379
2025-09-04,75.85486602783203,105.04637145996094,83.073974609375,79.64312744140625,90.70099639892578,0.722108388643815
2025-09-05,75.89240264892578,105.73115539550781,84.34060668945312,79.7585220336914,90.79410552978516,0.717786563147216
2025-09-08,75.89240264892578,106.10208129882812,85.46438598632812,79.806640625,90.80342102050781,0.7152772284945177
2025-09-09,75.80793762207031,105.911865234375,84.97867584228516,79.73931121826172,90.6916732788086,0.7157643523160795
2025-09-10,75.86424255371094,106.22571563720703,85.46438598632812,79.74891662597656,90.77547454833984,0.7141796324800511
2025-09-11,76.05192565917969,106.72026062011719,86.03579711914062,79.77779388427734,91.03618621826172,0.7126287475055473
2025-09-12,75.97687530517578,106.53005981445312,85.66439056396484,79.76815795898438,90.96170806884766,0.7131965891834396
2025-09-15,76.19271087646484,106.86294555664062,85.86436462402344,79.7970199584961,91.24105072021484,0.7129946725647796
2025-09-16,76.13639831542969,106.76782989501953,86.04531860351562,79.83547973632812,91.17586517333984,0.713102424113064
2025-09-17,76.06132507324219,106.57760620117188,85.8262710571289,79.7970199584961,91.06413269042969,0.7136707961865056
2025-09-18,76.2302474975586,106.35888671875,84.94058990478516,79.76815795898438,91.26898956298828,0.7167266398635589
2025-09-19,76.2583999633789,106.27326202392578,84.7786865234375,79.7970199584961,91.33415985107422,0.7175690151132325
2025-09-22,76.31470489501953,106.0354995727539,84.47393798828125,79.7585220336914,91.4272689819336,0.7197090144575392
2025-09-23,76.2583999633789,106.24473571777344,85.06438446044922,79.78740692138672,91.37140655517578,0.7177616796558308
2025-09-24,76.15515899658203,105.81675720214844,84.74059295654297,79.74891662597656,91.23173522949219,0.7196890266737056
2025-09-25,75.93931579589844,105.62654113769531,84.74059295654297,79.68160247802734,90.94308471679688,0.7189416123822852
2025-09-26,76.08946990966797,105.7691879272461,84.66441345214844,79.72968292236328,91.11068725585938,0.7193916432638825
2025-09-29,76.2208480834961,106.12109375,85.35963439941406,79.7585220336914,91.30620574951172,0.7182440869207126
2025-09-30,76.19271087646484,106.0164794921875,85.11200714111328,79.7970199584961,91.24105072021484,0.7186874271002329
2025-10-01,76.3350830078125,106.44221496582031,85.33182525634766,79.8896484375,91.41706085205078,0.7171504560697509
2025-10-02,76.30679321289062,106.61402893066406,85.58029174804688,79.908935546875,91.37025451660156,0.7157293836303324
2025-10-03,76.22193145751953,106.48040008544922,85.41781616210938,79.87999725341797,91.25790405273438,0.7158306260715809
2025-10-06,76.24078369140625,106.13675689697266,84.73929595947266,79.8606948852539,91.276611328125,0.7183259213903951
2025-10-07,76.15592193603516,106.33720397949219,85.22669982910156,79.89928436279297,91.17362976074219,0.7161738233283086
2025-10-08,76.04279327392578,106.20357513427734,85.29359436035156,79.8896484375,91.04255676269531,0.7160097311016309
2025-10-09,75.82593536376953,105.99357604980469,85.22669982910156,79.87999725341797,90.76168823242188,0.7153823674006445
2025-10-10,75.38278198242188,106.28948211669922,86.60285949707031,80.01507568359375,90.19992065429688,0.7092214627563646
2025-10-13,75.85420227050781,106.6522216796875,86.5550765991211,80.16944885253906,90.74295043945312,0.7112294622265207
2025-10-14,75.93907165527344,107.00540161132812,86.83221435546875,80.111572265625,90.79912567138672,0.7096751239820976
2025-10-15,76.18421936035156,107.00540161132812,86.64108276367188,80.07295989990234,91.13618469238281,0.7119661083752834
2025-10-16,75.91077423095703,107.31085968017578,87.29093170166016,80.17909240722656,90.85530853271484,0.7073913530950914
2025-10-17,76.10877990722656,107.10086059570312,87.15714263916016,80.16944885253906,91.04255676269531,0.7106271554112987
2025-10-20,76.2596435546875,107.42539978027344,87.49163055419922,80.17909240722656,91.23917388916016,0.7098846614550005
2025-10-21,76.14649963378906,107.44449615478516,87.92168426513672,80.19840240478516,91.16427612304688,0.7087054466158227
2025-10-22,76.0710678100586,107.54948425292969,87.97901153564453,80.19840240478516,91.07064056396484,0.7073122510858195
2025-10-23,76.24078369140625,107.41584777832031,87.3769760131836,80.14048767089844,91.23917388916016,0.7097722102305456
2025-10-24,76.4482192993164,107.59722900390625,87.41517639160156,80.18875122070312,91.51068878173828,0.7105036068962427
2025-10-27,76.63678741455078,107.77860260009766,87.71143341064453,80.16944885253906,91.7728500366211,0.7110575342946721
2025-10-28,76.5613784790039,107.78812408447266,87.94078826904297,80.17909240722656,91.66985321044922,0.7102951195161666
2025-10-29,76.32564544677734,107.17721557617188,87.052001953125,80.02472686767578,91.3983383178711,0.7121443213136283
2025-10-30,76.18421936035156,106.60448455810547,86.54551696777344,80.03437805175781,91.18299102783203,0.7146436632206299
2025-10-31,76.18421936035156,106.17493438720703,86.28748321533203,80.06331634521484,91.18299102783203,0.717534885234937
2025-11-03,75.94730377197266,105.88944244384766,86.0716781616211,80.06622314453125,90.9222183227539,0.7172320678923861
2025-11-04,75.95677947998047,106.03315734863281,86.26351928710938,80.09525299072266,90.90341186523438,0.7163493135476254
2025-11-05,76.0325927734375,105.71699523925781,85.32356262207031,80.03719329833984,90.9881362915039,0.719208795155038
2025-11-06,76.0610122680664,106.27265930175781,86.09087371826172,80.13398742675781,91.03518676757812,0.715715714350326
2025-11-07,76.12736511230469,106.0618896484375,85.90862274169922,80.17269134521484,91.09168243408203,0.7177636129682722
2025-11-10,76.38323974609375,106.11937713623047,85.88946533203125,80.15332794189453,91.40234375,0.719785978841894
2025-11-11,76.4685287475586,106.54088592529297,86.28268432617188,80.22107696533203,91.56239318847656,0.7177388106306787
2025-11-12,76.31689453125,106.43551635742188,86.4361572265625,80.19205474853516,91.34586334228516,0.717024703248206
2025-11-13,76.004150390625,105.90861511230469,85.72639465332031,80.14366149902344,90.94104766845703,0.7176389787557016
2025-11-14,76.02310943603516,105.62120056152344,85.23725128173828,80.17269134521484,90.96929931640625,0.7197713056835815
2025-11-17,75.89990997314453,105.68826293945312,85.44825744628906,80.16301727294922,90.80925750732422,0.7181489018948698
2025-11-18,75.91886901855469,105.73616027832031,85.41947937011719,80.21141052246094,90.76219177246094,0.7180028934162154
2025-11-19,75.95677947998047,105.74574279785156,85.246826171875,80.20172119140625,90.83748626708984,0.7182963348716832
2025-11-20,75.90938568115234,105.88944244384766,85.58253479003906,80.26948547363281,90.81866455078125,0.7168739765667054
2025-11-21,76.16526794433594,106.26307678222656,85.84149932861328,80.36627197265625,91.09168243408203,0.7167613648193861
2025-11-24,76.37374877929688,106.68460845947266,86.33064270019531,80.37596130371094,91.35529327392578,0.7158834801208436
2025-11-25,76.63911437988281,106.98157501220703,86.55123901367188,80.4243392944336,91.71300506591797,0.7163767627382377
2025-11-26,76.71492004394531,107.34564208984375,86.93489837646484,80.4146728515625,91.85421752929688,0.7146533250016631
2025-11-28,76.75281524658203,107.16360473632812,86.5224838256836,80.4146728515625,91.9295425415039,0.716220916937512
2025-12-01,76.6147689819336,106.58955383300781,85.44538116455078,80.34573364257812,91.77619934082031,0.7187830910894397
2025-12-02,76.75759887695312,106.6568603515625,85.4838638305664,80.39427947998047,91.9181900024414,0.7196686516361406
2025-12-03,76.8242416381836,106.89724731445312,85.7245101928711,80.44281768798828,92.06017303466797,0.7186737130114716
2025-12-04,76.88136291503906,106.7049331665039,85.26250457763672,80.38457489013672,92.08856201171875,0.7205042975386365
2025-12-05,76.88136291503906,106.59916687011719,84.86785888671875,80.35543823242188,92.08856201171875,0.7212191724604474
2025-12-08,76.6909408569336,106.37801361083984,84.58869934082031,80.33602142333984,91.88978576660156,0.7209284912716103
2025-12-09,76.60525512695312,106.2433853149414,84.67534637451172,80.29721069335938,91.75728607177734,0.7210355251752303
2025-12-10,76.86231994628906,106.73379516601562,85.00260162353516,80.43312072753906,92.07909393310547,0.7201310496524185
2025-12-11,76.8528060913086,106.57991790771484,84.88710021972656,80.44281768798828,92.06962585449219,0.7210814907725273
2025-12-12,76.7099838256836,105.93568420410156,84.06893157958984,80.45252990722656,91.88032531738281,0.7241184535882157
2025-12-15,76.74806213378906,106.06069946289062,84.1266860961914,80.5010757446289,91.9749755859375,0.7236239485733572
2025-12-16,76.7956771850586,106.30108642578125,84.58869934082031,80.5398941040039,91.98444366455078,0.7224354874178718
2025-12-17,76.70045471191406,106.18568420410156,84.51171875,80.54960632324219,91.88032531738281,0.72232387338096
2025-12-18,76.909912109375,106.58955383300781,84.91597747802734,80.60786437988281,92.13814544677734,0.7215520596874676
2025-12-19,76.87261199951172,106.31539154052734,84.59903717041016,80.59325408935547,92.10960388183594,0.7230619281518419
2025-12-22,76.9395751953125,106.29608154296875,84.41543579101562,80.55431365966797,92.19522094726562,0.7238232499117169
2025-12-23,76.9969711303711,106.40227508544922,84.55072021484375,80.51536560058594,92.27132415771484,0.7236402705537697
2025-12-24,77.14046478271484,106.81737518310547,85.06285858154297,80.56404876708984,92.48062896728516,0.7221715067467375
2025-12-26,77.1021957397461,106.80770874023438,84.78263854980469,80.62248229980469,92.43306732177734,0.7218785670916819
2025-12-29,77.13090515136719,106.95254516601562,85.10150909423828,80.66143035888672,92.46160888671875,0.7211694217434639
2025-12-30,77.20742797851562,106.82703399658203,84.89859008789062,80.68090057373047,92.56625366210938,0.7227330488365511
2025-12-31,77.13090515136719,106.37332153320312,84.22218322753906,80.65169525146484,92.48062896728516,0.7250963309187607
2026-01-02,77.16915130615234,106.34435272216797,84.0965576171875,80.69063568115234,92.50917053222656,0.7256534957503773
2026-01-05,77.37004089355469,106.64361572265625,84.51206970214844,80.71986389160156,92.75651550292969,0.7255009160113985
2026-01-06,77.38917541503906,106.64361572265625,84.33814239501953,80.7295913696289,92.79458618164062,0.7256803409245047
2026-01-07,77.37004089355469,106.7208480834961,84.8309555053711,80.71986389160156,92.76603698730469,0.7249758813106698
2026-01-08,77.42745208740234,106.42156219482422,84.40577697753906,80.69063568115234,92.8421401977539,0.7275541769031465
2026-01-09,77.4848403930664,106.80770874023438,84.96623229980469,80.66143035888672,92.9372787475586,0.7254611236115576
2026-01-12,77.52310943603516,106.68222045898438,84.7149887084961,80.66143035888672,92.92776489257812,0.7266731898014825
2026-01-13,77.52310943603516,106.9139175415039,84.85993194580078,80.68090057373047,92.95630645751953,0.7250983896080764
2026-01-14,77.52310943603516,107.18421936035156,85.35273742675781,80.70037841796875,92.98484802246094,0.7232698050018329
2026-01-15,77.52310943603516,107.04906463623047,85.33341217041016,80.6419448852539,92.98484802246094,0.7241829688047332
2026-01-16,77.57093048095703,106.74015045166016,84.84061431884766,80.62248229980469,93.06095123291016,0.7267268235310095
2026-01-20,77.37004089355469,106.0933609008789,83.7293701171875,80.63221740722656,92.8421401977539,0.7292637374909832
2026-01-21,77.59962463378906,106.73049926757812,84.36711120605469,80.67115783691406,93.09900665283203,0.7270613851364393
2026-01-22,77.65702819824219,106.9332275390625,84.73431396484375,80.6419448852539,93.15608978271484,0.726219810113505
2026-01-23,77.6187744140625,107.00078582763672,84.96623229980469,80.67115783691406,93.1085205078125,0.7254037791750004
2026-01-26,77.65702819824219,107.08768463134766,85.37208557128906,80.70037841796875,93.15608978271484,0.725172352596647
2026-01-27,77.6474609375,106.97183990478516,84.84061431884766,80.71986389160156,93.14657592773438,0.7258682379083451
2026-01-28,77.52310943603516,106.81737518310547,84.6473388671875,80.71986389160156,92.99435424804688,0.7257537390630099
2026-01-29,77.5135269165039,106.8463363647461,84.66667938232422,80.74906921386719,93.00386810302734,0.7254673351821117
2026-01-30,77.59962463378906,106.74015045166016,84.19319152832031,80.81724548339844,93.06095123291016,0.7269956460191792
2026-02-02,77.64672088623047,106.64131164550781,83.95262908935547,80.77816009521484,93.17576599121094,0.7281110827325545
2026-02-03,77.59867095947266,106.68975830078125,84.15633392333984,80.76840209960938,93.08965301513672,0.7273300848681783
2026-02-04,77.50254821777344,106.55411529541016,83.94293975830078,80.8074722290039,92.91742706298828,0.7273538708749607
2026-02-05,77.41602325439453,107.0676498413086,84.85472106933594,80.9344482421875,92.86958312988281,0.7230570893181786
2026-02-06,77.68519592285156,107.12578582763672,84.91293334960938,80.9344482421875,93.19490814208984,0.7251773727741472
2026-02-09,77.79094696044922,107.12578582763672,84.89351654052734,80.95397186279297,93.32887268066406,0.7261645397459517
2026-02-10,77.71403503417969,107.3777084350586,85.87320709228516,81.00282287597656,93.28102111816406,0.7237445850428134
2026-02-11,77.70442199707031,107.26143646240234,85.41731262207031,80.92469024658203,93.27145385742188,0.7244395055655212
2026-02-12,77.66595458984375,107.76528930664062,86.55220794677734,81.00282287597656,93.16619873046875,0.7206954585242122
2026-02-13,77.7236328125,108.12378692626953,87.02750396728516,81.12979888916016,93.27145385742188,0.7188393509145251
2026-02-17,77.68519592285156,108.23037719726562,87.17300415039062,81.10049438476562,93.18533325195312,0.717776265172383
2026-02-18,77.78131866455078,108.12378692626953,86.84320831298828,81.0516586303711,93.31930541992188,0.7193728676705569
2026-02-19,77.81016540527344,108.21100616455078,86.93050384521484,81.0516586303711,93.33843231201172,0.719059623999352
2026-02-20,77.86784362792969,108.12378692626953,86.726806640625,81.06143188476562,93.40540313720703,0.7201731075237717
2026-02-23,77.74287414550781,108.24006652832031,87.0468978881836,81.12979888916016,93.29058837890625,0.718244885087602
2026-02-24,77.68519592285156,108.21100616455078,87.20210266113281,81.12979888916016,93.18533325195312,0.7179047554988979
2026-02-25,77.79094696044922,108.18192291259766,87.2118148803711,81.11026000976562,93.3479995727539,0.7190752841701481
2026-02-26,77.7236328125,108.24974822998047,87.56098937988281,81.13957214355469,93.27145385742188,0.7180028968508394
2026-02-27,77.59867095947266,108.21100616455078,88.09449005126953,81.24701690673828,93.05138397216797,0.7171051606476373
2026-03-02,77.55423736572266,107.84443664550781,87.20984649658203,81.10304260253906,93.00810241699219,0.7191306272074919
2026-03-03,77.39966583251953,107.79583740234375,87.03466796875,81.09324645996094,92.79644775390625,0.7180209152569436
2026-03-04,77.67015838623047,107.89306640625,86.76215362548828,81.04427337646484,93.12353515625,0.7198809059127012
2026-03-05,77.36103057861328,107.46524810791016,86.41179656982422,80.98551940917969,92.719482421875,0.7198702086550991
2026-03-06,76.98426818847656,107.10552978515625,86.09064483642578,81.02468872070312,92.267333984375,0.7187702478378087
2026-03-09,77.44795989990234,107.7472152709961,86.84001159667969,81.0638656616211,92.76758575439453,0.7187931465802825
2026-03-10,77.32237243652344,107.00828552246094,85.91546630859375,81.01490020751953,92.65214538574219,0.7225830416682412
2026-03-11,77.14848327636719,106.13325500488281,84.80599975585938,80.93653869628906,92.4597396850586,0.7269020748757574
2026-03-12,76.65579986572266,105.5595932006836,84.64054870605469,80.79943084716797,91.84404754638672,0.7261850632560627
2026-03-13,76.51089477539062,105.1706771850586,84.2220687866211,80.8484115600586,91.63240051269531,0.7274926512145763
2026-03-16,76.7524185180664,105.67628479003906,84.87413024902344,80.94633483886719,92.01720428466797,0.7262974722338177
2026-03-17,77.1001968383789,106.26936340332031,85.10768127441406,80.95613861083984,92.38277435302734,0.7255166905043299
2026-03-18,76.70411682128906,105.69571685791016,84.63082122802734,80.80923461914062,91.94986724853516,0.7257069548466628
2026-03-19,76.95529174804688,106.16242218017578,85.14662170410156,80.78964233398438,92.15189361572266,0.7248825918594867
2026-03-20,76.24040222167969,104.85956573486328,83.53107452392578,80.61334991455078,91.34379577636719,0.727071504515411
2026-03-23,76.74275207519531,105.54988098144531,84.07608032226562,80.73086547851562,91.8729019165039,0.7270756855584326
2026-03-24,76.4819107055664,105.33597564697266,83.70626068115234,80.61334991455078,91.6131591796875,0.7260758751776415
2026-03-25,76.72344207763672,105.71516418457031,84.5140380859375,80.70149993896484,91.9210205078125,0.7257562589950072
2026-03-26,76.24040222167969,104.88873291015625,83.80358123779297,80.52519989013672,91.34379577636719,0.72686932243699
2026-03-27,76.04720306396484,104.63595581054688,83.34617614746094,80.69170379638672,91.0648193359375,0.7267788827929796
2026-03-30,76.13414001464844,105.30680847167969,84.45564270019531,80.79943084716797,91.16101837158203,0.7229745267147024
2026-03-31,76.85867309570312,105.96796417236328,84.36805725097656,80.86798858642578,92.08454895019531,0.7253010256070208
2026-04-01,77.04700469970703,106.0811996459961,84.28500366210938,80.86504364013672,92.35057067871094,0.7263021624644219
2026-04-02,77.2314453125,106.53028106689453,84.80284881591797,80.90432739257812,92.59239959716797,0.7249717595695008
2026-04-06,77.36734771728516,106.36431884765625,84.66606903076172,80.82574462890625,92.77619171142578,0.727380653169011
2026-04-07,77.38676452636719,106.4814682006836,84.65628814697266,80.88468170166016,92.7858657836914,0.7267627488054337
2026-04-08,77.84300231933594,106.8915023803711,84.92988586425781,80.96326446533203,93.32756805419922,0.7282431305187694
2026-04-09,77.93036651611328,106.8915023803711,84.71491241455078,80.98291015625,93.41461944580078,0.7290604470952214
2026-04-10,77.61973571777344,106.60839080810547,84.50973510742188,80.95345306396484,93.09540557861328,0.7280828003256192
2026-04-13,77.91095733642578,107.01842498779297,84.7637710571289,81.01239776611328,93.42430114746094,0.7280144269111855
2026-04-14,78.14392852783203,107.369873046875,85.21324157714844,81.07133483886719,93.70482635498047,0.7278012566310509
2026-04-15,78.1051025390625,107.33082580566406,84.84194946289062,81.05168914794922,93.64678955078125,0.7277042914072197
2026-04-16,77.9983139038086,106.83291625976562,84.30453491210938,81.022216796875,93.550048828125,0.7300962721466357
2026-04-17,78.28954315185547,107.4284439086914,85.07644653320312,81.17938232421875,93.907958984375,0.7287599103492322
2026-04-20,78.22157287597656,107.41868591308594,85.0569076538086,81.14009094238281,93.82089233398438,0.728193351194659
2026-04-21,78.01773834228516,107.00865936279297,84.58789825439453,81.022216796875,93.58875274658203,0.7290787381774452
2026-04-22,78.14392852783203,107.21366882324219,84.75399780273438,81.0615005493164,93.74352264404297,0.7288616217085531
2026-04-23,78.01773834228516,106.92079162597656,84.56835174560547,81.022216796875,93.57907104492188,0.7296778966545795
2026-04-24,78.12451934814453,106.99889373779297,84.72468566894531,81.11062622070312,93.72417449951172,0.7301432437198203
2026-04-27,78.15364074707031,106.69624328613281,84.30453491210938,81.09098052978516,93.74352264404297,0.7324872773400435
2026-04-28,78.04685974121094,106.74505615234375,84.39248657226562,81.04186248779297,93.63711547851562,0.7311519854355082
2026-04-29,77.78475189208984,106.1495361328125,83.7378158569336,80.93380737304688,93.3469009399414,0.7327846613928382
2026-04-30,78.0274429321289,106.26668548583984,83.65966033935547,81.022216796875,93.6661376953125,0.7342606252881215
2026-05-01,78.12403869628906,106.43821716308594,83.95877075195312,81.0350341796875,93.7604751586914,0.733984848473988
2026-05-04,77.8703384399414,106.09517669677734,83.32130432128906,80.93650817871094,93.46868896484375,0.7339668104092684
2026-05-05,77.98743438720703,106.48722076416016,83.78223419189453,80.97591400146484,93.58539581298828,0.7323642576786533
2026-05-06,78.22161865234375,107.01646423339844,84.4197006225586,81.08428192138672,93.89664459228516,0.7309306956894565
2026-05-07,77.92888641357422,106.57542419433594,83.99800109863281,81.01531982421875,93.56594848632812,0.7312087847895784
2026-05-08,78.20211029052734,107.0262680053711,84.4197006225586,81.08428192138672,93.87718200683594,0.7306814649147888
2026-05-11,78.04598236083984,106.76165008544922,83.90973663330078,81.00546264648438,93.68267059326172,0.7310301245660206
2026-05-12,77.93864440917969,106.39900207519531,83.35072326660156,80.94635772705078,93.54650115966797,0.7325129267105169
2026-05-13,77.9776840209961,106.45781707763672,83.16438293457031,80.97591400146484,93.54650115966797,0.7324749479329371
2026-05-14,77.91912841796875,106.38920593261719,83.28206634521484,80.94635772705078,93.48814392089844,0.7323969357128176
2026-05-15,77.53855895996094,105.71294403076172,82.04637908935547,80.84782409667969,93.09909057617188,0.7334821640895534
2026-05-18,77.61662292480469,105.51692962646484,81.94829559326172,80.88723754882812,93.14772033691406,0.7355845474235403
2026-05-19,77.43121337890625,104.9876708984375,81.41871643066406,80.828125,92.92401885986328,0.7375267278175102
2026-05-20,77.92888641357422,105.8011474609375,82.29154968261719,80.93650817871094,93.48814392089844,0.7365599361041533
2026-05-21,77.9679183959961,106.01676940917969,82.59557342529297,80.92664337158203,93.56594848632812,0.7354300534764746
2026-05-22,77.9776840209961,106.2127914428711,83.04671478271484,80.90693664550781,93.61457824707031,0.7341647174666163
2026-05-26,78.24114227294922,106.6146240234375,83.45861053466797,80.99561309814453,93.91609191894531,0.7338687632172222
2026-05-27,78.19233703613281,106.76165008544922,83.65474700927734,81.00546264648438,93.87718200683594,0.7324009789428106
2026-05-28,78.2899398803711,107.08506774902344,84.08624267578125,81.04488372802734,93.97444915771484,0.7311004374938639
2026-05-29,78.36799621582031,107.1830825805664,84.10588073730469,81.08428192138672,94.1203384399414,0.731160126477174
2026-06-01,78.30815887451172,107.1663589477539,84.15116882324219,81.037841796875,94.0450439453125,0.7307158668392267
2026-06-02,78.36701965332031,107.15650939941406,84.3283920288086,81.037841796875,94.08415985107422,0.731332329622794
2026-06-03,78.15123748779297,106.86137390136719,83.9936294555664,80.99832153320312,93.8788070678711,0.7313328907779755
2026-06-04,78.29835510253906,107.087646484375,84.18069458007812,81.05760192871094,94.02548217773438,0.7311614147198898
2026-06-05,77.90603637695312,106.41866302490234,83.74749755859375,80.8896255493164,93.61477661132812,0.7320711815250192
2026-06-08,78.01393127441406,106.31043243408203,83.31427764892578,80.92915344238281,93.68321228027344,0.7338313793689696
2026-06-09,78.09239196777344,106.65476989746094,83.80656433105469,80.96868133544922,93.80056762695312,0.732197838341898
2026-06-10,77.94526672363281,106.40882873535156,83.57026672363281,80.96868133544922,93.61477661132812,0.7325075151187856
2026-06-11,78.40625762939453,107.31392669677734,84.65330505371094,81.11688995361328,94.15261840820312,0.7306251857779525
2026-06-12,78.40625762939453,107.24505615234375,84.44652557373047,81.09713745117188,94.17216491699219,0.7310943780757303
2026-06-15,78.50432586669922,107.22537994384766,84.39730834960938,81.13665771484375,94.31886291503906,0.7321431354014392
2026-06-16,78.49452209472656,107.35327911376953,84.86006164550781,81.15641021728516,94.29930114746094,0.7311795479627652
2026-06-17,78.2002944946289,107.00894165039062,84.9979019165039,80.90937805175781,93.9374771118164,0.7307828045820454
2026-06-18,78.47490692138672,107.30408477783203,85.41141510009766,81.01808166503906,94.26018524169922,0.7313319626542201
2026-06-22,78.40625762939453,107.0187759399414,84.76158905029297,80.93903350830078,94.17216491699219,0.7326402020650644
2026-06-23,78.33759307861328,107.14668273925781,84.8698959350586,80.99832153320312,94.1232681274414,0.7311247635099292
2026-06-24,78.31797790527344,107.63858032226562,86.03168487548828,81.09713745117188,94.06460571289062,0.7276013644066331
2026-06-25,78.34739685058594,107.72712707519531,86.00215911865234,81.11688995361328,94.15261840820312,0.7272763971130332
2026-06-26,78.29835510253906,107.72712707519531,86.01200103759766,81.21571350097656,94.09394073486328,0.7268211566422403
2026-06-29,78.47490692138672,107.92388916015625,86.10061645507812,81.1959457397461,94.26997375488281,0.7271319402225396
2026-06-30,78.43568420410156,107.30408477783203,85.08650207519531,81.13665771484375,94.24063110351562,0.7309664340038768
2026-07-01,78.4248275756836,107.07898712158203,84.51136779785156,81.10494995117188,94.28093719482422,0.7324016567941263
2026-07-02,78.54307556152344,107.25669860839844,84.5014877319336,81.20405578613281,94.38910675048828,0.7322906315463763
2026-07-06,78.70073699951172,107.28630828857422,84.44219970703125,81.24369812011719,94.54644775390625,0.7335580677063263
2026-07-07,78.59235382080078,106.5063705444336,83.55281066894531,81.12477111816406,94.44811248779297,0.7379122339730156
2026-07-08,78.49382019042969,106.29904174804688,83.36505126953125,81.10494995117188,94.30061340332031,0.7384245323347134
2026-07-09,78.5824966430664,106.33853912353516,83.4935073852539,81.17432403564453,94.39894104003906,0.7389841659548838
2026-07-10,78.54307556152344,106.09171295166016,83.4737548828125,81.14458465576172,94.33010864257812,0.7403318635953307
2026-07-13,78.3558578491211,105.59809112548828,82.97965240478516,81.0553970336914,94.1629409790039,0.7420196427225785
2026-07-14,78.51351928710938,105.84490203857422,83.0883560180664,81.19413757324219,94.30061340332031,0.7417789404585196
2026-07-15,78.64161682128906,106.21018981933594,83.2464599609375,81.26351165771484,94.46776580810547,0.7404338223579003
2026-07-16,78.63176727294922,106.1312026977539,83.2168197631836,81.26351165771484,94.47760772705078,0.7408920776756008
2026-07-17,78.48395538330078,106.1904525756836,83.52316284179688,81.25360107421875,94.3792724609375,0.7390867397176224
2026-07-20,78.51351928710938,105.7856674194336,82.90059661865234,81.22386932373047,94.34976959228516,0.742194299118123
2026-07-21,78.48395538330078,105.48948669433594,82.67330932617188,81.15449523925781,94.30061340332031,0.7439978887252926
2026-07-22,78.3558578491211,105.31177520751953,82.45589447021484,81.09504699707031,94.15310668945312,0.7440370053084651
2026-07-23,78.07010650634766,104.9070053100586,82.18907928466797,81.03557586669922,93.80895233154297,0.7441839205647615
2026-07-24,78.07010650634766,104.87738037109375,82.26814270019531,81.11486053466797,93.79911041259766,0.7443941317956994
2026-07-27,78.1095199584961,105.15382385253906,82.76223754882812,81.13468170166016,93.86795043945312,0.7428119786497906
2026-07-28,78.25732421875,105.46974182128906,83.2464599609375,81.20405578613281,94.01544952392578,0.7419883927596167
2026-07-29,78.0799560546875,104.86751556396484,81.87285614013672,81.25360107421875,93.79911041259766,0.7445580801145418
2026-07-30,78.30658721923828,105.05509185791016,81.82345581054688,81.27342224121094,94.06461334228516,0.7453859287958174
2026-07-31,78.31645202636719,104.89712524414062,81.27993774414062,81.26351165771484,94.08428192138672,0.7466024625945773
2026-08-03,78.52833557128906,105.21244049072266,81.5478286743164,81.28438568115234,94.37793731689453,0.7463788046834012
2026-08-04,78.76597595214844,105.85694122314453,82.17289733886719,81.38379669189453,94.67456817626953,0.7440794627355722
2026-08-05,78.73626708984375,105.83710479736328,82.35150146484375,81.41361999511719,94.59547424316406,0.7439382175144809
2026-08-06,78.6768569946289,105.4603271484375,81.875244140625,81.314208984375,94.53614807128906,0.7460327416194117
2026-08-07,78.82538604736328,105.64871978759766,82.11337280273438,81.4334945678711,94.73390197753906,0.7461082936531406
2026-08-10,78.69667053222656,105.06370544433594,81.41883850097656,81.37385559082031,94.57569885253906,0.7490376452972244
2026-08-11,78.72637176513672,105.09345245361328,81.5478286743164,81.38379669189453,94.61524963378906,0.7491082453484473
2026-08-12,78.82538604736328,105.22235870361328,81.46845245361328,81.4334945678711,94.77345275878906,0.7491315250724982
2026-08-13,79.00361633300781,105.64871978759766,81.94469451904297,81.54283905029297,94.96131896972656,0.7477953021280456
2026-08-14,78.92440032958984,105.22235870361328,81.39900207519531,81.51302337646484,94.89210510253906,0.7500725254781769
2026-08-17,78.82538604736328,104.805908203125,80.71438598632812,81.51302337646484,94.77345275878906,0.7521082293814133
2026-08-18,78.74617767333984,104.94471740722656,81.02196502685547,81.53289794921875,94.66468811035156,0.7503586613871556
2026-08-19,78.92440032958984,105.66854858398438,82.371337890625,81.57266235351562,94.88221740722656,0.7469053127654296
2026-08-20,78.77587127685547,105.1628646850586,81.6966552734375,81.53289794921875,94.69434356689453,0.7490844939682196
2026-08-21,78.82538604736328,105.02404022216797,81.40892028808594,81.51302337646484,94.79322814941406,0.7505461214462514
2026-08-24,78.91449737548828,105.28185272216797,81.91493225097656,81.51302337646484,94.87232208251953,0.7495546035244892
2026-08-25,79.13232421875,105.95609283447266,82.81782531738281,81.5925521850586,95.11951446533203,0.7468407158271924
2026-08-26,79.1125259399414,105.87677001953125,82.64915466308594,81.56272888183594,95.09973907470703,0.7472132548560689
2026-08-27,79.08282470703125,105.82719421386719,82.48047637939453,81.55278778076172,95.05030822753906,0.7472826365141271
2026-08-28,78.9541015625,105.45040893554688,82.23242950439453,81.40367126464844,94.89210510253906,0.7487320567031477
2026-08-31,79.02340698242188,105.31159210205078,81.875244140625,81.40367126464844,94.98108673095703,0.7503770990931873
2026-09-01,78.74962615966797,104.76793670654297,81.54159545898438,81.34783935546875,94.6649169921875,0.7516576982922476
2026-09-02,78.75958251953125,104.89737701416016,81.62126922607422,81.39769744873047,94.6649169921875,0.7508250898294573
2026-09-03,78.85913848876953,105.0467300415039,81.74079132080078,81.46749114990234,94.75440216064453,0.7507053142693002
2026-09-04,78.80936431884766,105.02682495117188,81.8802261352539,81.44754791259766,94.72457122802734,0.7503736722069528
2026-09-08,78.76954650878906,105.02682495117188,81.8702621459961,81.41764068603516,94.6649169921875,0.7499945518243543
2026-09-09,78.63016510009766,104.8575439453125,81.40216064453125,81.38772583007812,94.49588775634766,0.749876090375591
2026-09-10,78.27175903320312,103.91162872314453,80.45596313476562,81.1783447265625,94.0882339477539,0.7532531247464648
2026-09-11,78.25184631347656,103.8718032836914,80.54560852050781,81.12850189208984,94.06835174560547,0.7533502244084237
2026-09-14,78.1821517944336,103.85189056396484,80.60536193847656,81.09857940673828,93.94903564453125,0.7528235775956275
2026-09-15,78.0328140258789,103.83197784423828,80.38624572753906,81.06867218017578,93.76012420654297,0.7515296890803569
2026-09-16,78.07263946533203,104.0012435913086,80.55555725097656,80.9988784790039,93.849609375,0.7506894799463396
2026-09-17,78.3713150024414,104.70819854736328,81.45195007324219,81.1185302734375,94.19760131835938,0.7484735301504709
2026-09-18,78.1821517944336,104.25016784667969,80.92407989501953,80.9988784790039,94.00869750976562,0.7499474908224203
2026-09-21,78.33148956298828,104.63848876953125,81.47187805175781,81.04873657226562,94.16777801513672,0.7485915601812182
2026-09-22,78.321533203125,104.63848876953125,81.42207336425781,81.07864379882812,94.17771911621094,0.7484964101080438
2026-09-23,77.75405883789062,103.44364929199219,80.13724517822266,80.87924194335938,93.43201446533203,0.7516561854697613
2026-09-24,77.54499053955078,102.70683288574219,79.1014175415039,80.84932708740234,93.1436767578125,0.7550129661365073
2026-09-25,77.51512145996094,102.76657104492188,79.00182342529297,80.9689712524414,93.0740737915039,0.7542834276924265
2026-09-28,77.19654083251953,102.02975463867188,78.30463409423828,80.86927032470703,92.62665557861328,0.7566081199146595
2026-09-29,77.017333984375,101.97001647949219,77.91619873046875,80.91912078857422,92.37808227539062,0.7552939250516295
2026-09-30,76.86800384521484,101.74099731445312,77.4679946899414,80.95899963378906,92.21900177001953,0.755526345074417
2026-10-01,76.9000015258789,102.02999877929688,77.70999908447266,81.0999984741211,92.30000305175781,0.7536999161611561
2026-10-02,76.91000366210938,101.83000183105469,77.4800033569336,81.05000305175781,92.38999938964844,0.7552784275670555
2026-10-05,76.9800033569336,101.83000183105469,77.11000061035156,81.08000183105469,92.5199966430664,0.7559658447679347
2026-10-06,77.2699966430664,102.13999938964844,77.27999877929688,81.12999725341797,92.87999725341797,0.756510643281808
2026-10-07,77.18000030517578,102.0999984741211,77.1500015258789,81.16000366210938,92.76000213623047,0.7559255774596149
2026-10-08,77.13999938964844,102.47000122070312,77.87000274658203,81.19999694824219,92.7300033569336,0.7528056843046373
2026-10-09,77.2249984741211,102.36000061035156,77.90989685058594,81.19999694824219,92.81999969482422,0.7544450763349391
