country,year,ev_sales,ice_sales,hybrid_sales,total_sales,ev_fleet,ice_fleet,total_fleet,ev_fleet_share,ev_sales_share,ev_sales_share_12m,ev_fleet_share_yoy_pp,brent,last_month,focus_country
Albania,2019,106.5,42574.5,165.0,42681.0,106.5,42574.5,42681.0,0.2495,0.2526,0.2495,,64.174,2019-12-01,False
Albania,2020,354.0,43285.0,230.0,43639.0,460.5,85859.5,86320.0,0.5335,0.8552,0.8112,0.284,43.1676,2020-12-01,False
Albania,2021,403.0,57439.0,214.0,57842.0,863.5,143298.5,144162.0,0.599,0.7147,0.6967,0.0655,70.7687,2021-12-01,False
Albania,2022,1044.0,48219.0,498.0,49263.0,1907.5,191517.5,193425.0,0.9862,2.1147,2.1192,0.3872,98.8268,2022-12-01,False
Albania,2023,2384.5,63286.5,815.0,65671.0,4292.0,254804.0,259096.0,1.6565,3.574,3.631,0.6704,82.2337,2023-12-01,False
Albania,2024,3935.0,79062.0,2006.0,82997.0,8227.0,333866.0,342093.0,2.4049,4.8503,4.7411,0.7484,79.7926,2024-12-01,False
Albania,2025,6829.0,73910.0,2212.0,80739.0,15056.0,407776.0,422832.0,3.5608,8.4759,8.4581,1.1559,68.1728,2025-12-01,False
Albania,2026,6765.5,39680.5,1395.0,46446.0,21821.5,447456.5,469278.0,4.65,14.8691,12.8885,1.6987,87.0656,2026-07-01,False
Australia,2020,20079.0,436308.0,36302.0,456387.0,20079.0,436308.0,456387.0,4.3996,4.4906,4.3996,,44.2766,2020-12-01,False
Australia,2021,43754.0,962756.0,70466.0,1006510.0,63833.0,1399064.0,1462897.0,4.3635,4.368,4.3471,-0.0361,70.7687,2021-12-01,False
Australia,2022,80240.0,953830.0,81786.0,1034070.0,144073.0,2352894.0,2496967.0,5.7699,7.6742,7.7596,1.4065,98.8268,2022-12-01,False
Australia,2023,145814.5,1023560.5,101739.0,1169375.0,289887.5,3376454.5,3666342.0,7.9067,12.373,12.4694,2.1368,82.2337,2023-12-01,False
Australia,2024,200660.5,984624.5,174307.0,1185285.0,490548.0,4361079.0,4851627.0,10.111,16.8826,16.9293,2.2043,79.7926,2024-12-01,False
Australia,2025,256327.5,939507.5,199153.0,1195835.0,746875.5,5300586.5,6047462.0,12.3502,21.3164,21.435,2.2392,68.1728,2025-12-01,False
Australia,2026,253605.5,463563.5,123563.0,717169.0,1000481.0,5764150.0,6764631.0,14.7899,34.5824,30.5697,3.4406,87.0656,2026-07-01,False
Austria,2018,12586.5,328481.5,7143.0,341068.0,12586.5,328481.5,341068.0,3.6903,3.8729,3.6903,,71.5553,2018-12-01,False
Austria,2019,18572.5,310790.5,14349.0,329363.0,31159.0,639272.0,670431.0,4.6476,5.756,5.6389,0.9573,64.174,2019-12-01,False
Austria,2020,36626.0,212114.0,26026.0,248740.0,67785.0,851386.0,919171.0,7.3746,14.5744,14.7246,2.727,43.1676,2020-12-01,False
Austria,2021,68977.0,170826.0,41970.0,239803.0,136762.0,1022212.0,1158974.0,11.8003,29.1328,28.764,4.4257,70.7687,2021-12-01,False
Austria,2022,67862.0,147188.0,40858.0,215050.0,204624.0,1169400.0,1374024.0,14.8923,31.4831,31.5564,3.0921,98.8268,2022-12-01,False
Austria,2023,89892.0,149258.0,50630.0,239150.0,294516.0,1318658.0,1613174.0,18.2569,37.6387,37.5881,3.3646,82.2337,2023-12-01,False
Austria,2024,93595.0,160194.0,64090.0,253789.0,388111.0,1478852.0,1866963.0,20.7884,37.0754,36.8791,2.5314,79.7926,2024-12-01,False
Austria,2025,130993.0,153985.0,83044.0,284978.0,519104.0,1632837.0,2151941.0,24.1226,45.8802,45.966,3.3342,68.1728,2025-12-01,False
Austria,2026,97157.5,93194.5,56943.0,190352.0,616261.5,1726031.5,2342293.0,26.3102,50.7712,49.454,3.4964,87.0656,2026-07-01,False
Belgium,2013,3768.0,483412.0,5884.0,487180.0,3768.0,483412.0,487180.0,0.7734,0.7975,0.7734,,108.7664,2013-12-01,False
Belgium,2014,5795.5,478397.5,7511.0,484193.0,9563.5,961809.5,971373.0,0.9845,1.2296,1.1969,0.2111,99.4725,2014-12-01,False
Belgium,2015,7289.0,495113.0,6888.0,502402.0,16852.5,1456922.5,1473775.0,1.1435,1.4589,1.4508,0.159,53.5526,2015-12-01,False
Belgium,2016,13898.0,527030.0,9228.0,540928.0,30750.5,1983952.5,2014703.0,1.5263,2.6114,2.5693,0.3828,45.0342,2016-12-01,False
Belgium,2017,20747.0,527511.0,12370.0,548258.0,51497.5,2511463.5,2562961.0,2.0093,3.9082,3.7842,0.483,54.82,2017-12-01,False
Belgium,2018,20821.0,530428.0,15306.0,551249.0,72318.5,3041891.5,3114210.0,2.3222,3.8725,3.7771,0.3129,71.5553,2018-12-01,False
Belgium,2019,30328.5,521153.5,27013.0,551482.0,102647.0,3563045.0,3665692.0,2.8002,5.7214,5.4995,0.478,64.174,2019-12-01,False
Belgium,2020,66433.5,366190.5,39835.0,432624.0,169080.5,3929235.5,4098316.0,4.1256,16.1182,15.3559,1.3254,43.1676,2020-12-01,False
Belgium,2021,104018.5,280612.5,67589.0,384631.0,273099.0,4209848.0,4482947.0,6.092,28.0432,27.0437,1.9663,70.7687,2021-12-01,False
Belgium,2022,133691.0,234087.0,74126.0,367778.0,406790.0,4443935.0,4850725.0,8.3862,36.5092,36.351,2.2942,98.8268,2022-12-01,False
Belgium,2023,239517.0,238800.0,92194.0,478317.0,646307.0,4682735.0,5329042.0,12.128,50.5952,50.075,3.7418,82.2337,2023-12-01,False
Belgium,2024,247198.0,202978.0,106552.0,450176.0,893505.0,4885713.0,5779218.0,15.4607,55.1771,54.9114,3.3326,79.7926,2024-12-01,False
Belgium,2025,241890.0,169494.0,123582.0,411384.0,1135395.0,5055207.0,6190602.0,18.3406,59.1819,58.7991,2.88,68.1728,2025-12-01,False
Belgium,2026,153917.0,107144.0,88298.0,261061.0,1289312.0,5162351.0,6451663.0,19.9842,59.1029,60.3201,2.7394,87.0656,2026-07-01,False
Belgium including used,2013,4738.0,1218364.0,7460.0,1223102.0,4738.0,1218364.0,1223102.0,0.3874,0.3908,0.3874,,108.7664,2013-12-01,False
Belgium including used,2014,7285.0,1211934.0,9744.0,1219219.0,12023.0,2430298.0,2442321.0,0.4923,0.6019,0.5975,0.1049,99.4725,2014-12-01,False
Belgium including used,2015,9437.0,1239992.0,9530.0,1249429.0,21460.0,3670290.0,3691750.0,0.5813,0.7551,0.7553,0.089,53.5526,2015-12-01,False
Belgium including used,2016,17100.5,1239445.5,12703.0,1256546.0,38560.5,4909735.5,4948296.0,0.7793,1.3678,1.3609,0.198,45.0342,2016-12-01,False
Belgium including used,2017,25640.5,1247156.5,16607.0,1272797.0,64201.0,6156892.0,6221093.0,1.032,2.0418,2.0145,0.2527,54.82,2017-12-01,False
Belgium including used,2018,26959.0,1239488.0,20384.0,1266447.0,91160.0,7396380.0,7487540.0,1.2175,2.1369,2.1287,0.1855,71.5553,2018-12-01,False
Belgium including used,2019,38188.5,1218016.5,33725.0,1256205.0,129348.5,8614396.5,8743745.0,1.4793,3.08,3.04,0.2618,64.174,2019-12-01,False
Belgium including used,2020,78032.0,1016737.0,48822.0,1094769.0,207380.5,9631133.5,9838514.0,2.1078,7.2314,7.1277,0.6285,43.1676,2020-12-01,False
Belgium including used,2021,129801.5,962929.5,85815.0,1092731.0,337182.0,10594063.0,10931245.0,3.0846,11.969,11.8786,0.9767,70.7687,2021-12-01,False
Belgium including used,2022,170953.5,841015.5,96109.0,1011969.0,508135.5,11435078.5,11943214.0,4.2546,16.9169,16.8932,1.17,98.8268,2022-12-01,False
Belgium including used,2023,292908.0,874212.0,123832.0,1167120.0,801043.5,12309290.5,13110334.0,6.11,25.0925,25.0966,1.8554,82.2337,2023-12-01,False
Belgium including used,2024,320966.5,849552.5,161289.0,1170519.0,1122010.0,13158843.0,14280853.0,7.8567,27.3554,27.4209,1.7467,79.7926,2024-12-01,False
Belgium including used,2025,338150.5,789874.5,193249.0,1128025.0,1460160.5,13948717.5,15408878.0,9.4761,30.0052,29.9772,1.6194,68.1728,2025-12-01,False
Belgium including used,2026,219710.5,457143.5,136153.0,676854.0,1679871.0,14405861.0,16085732.0,10.4432,32.4115,31.8747,1.602,87.0656,2026-07-01,False
Brazil,2012,117.0,3634066.0,0.0,3634183.0,117.0,3634066.0,3634183.0,0.0032,0.0033,0.0032,,111.7008,2012-12-01,False
Brazil,2013,491.0,3579405.0,0.0,3579896.0,608.0,7213471.0,7214079.0,0.0084,0.0136,0.0137,0.0052,108.7664,2013-12-01,False
Brazil,2014,855.0,3332628.0,0.0,3333483.0,1463.0,10546099.0,10547562.0,0.0139,0.0257,0.0256,0.0054,99.4725,2014-12-01,False
Brazil,2015,846.0,2479686.0,0.0,2480532.0,2309.0,13025785.0,13028094.0,0.0177,0.0343,0.0341,0.0039,53.5526,2015-12-01,False
Brazil,2016,1091.0,1987505.0,0.0,1988596.0,3400.0,15013290.0,15016690.0,0.0226,0.0541,0.0549,0.0049,45.0342,2016-12-01,False
Brazil,2017,3296.0,2172688.0,0.0,2175984.0,6696.0,17185978.0,17192674.0,0.0389,0.1481,0.1515,0.0163,54.82,2017-12-01,False
Brazil,2018,3970.0,2471368.0,0.0,2475338.0,10666.0,19657346.0,19668012.0,0.0542,0.1609,0.1604,0.0153,71.5553,2018-12-01,False
Brazil,2019,11858.0,2653725.0,0.0,2665583.0,22524.0,22311071.0,22333595.0,0.1009,0.4274,0.4449,0.0466,64.174,2019-12-01,False
Brazil,2020,19745.0,1935083.0,0.0,1954828.0,42269.0,24246154.0,24288423.0,0.174,1.0085,1.0101,0.0732,43.1676,2020-12-01,False
Brazil,2021,18925.0,1958185.0,32130.0,1977110.0,61194.0,26204339.0,26265533.0,0.233,0.9553,0.9572,0.059,70.7687,2021-12-01,False
Brazil,2022,28851.0,1931610.0,40822.0,1960461.0,90045.0,28135949.0,28225994.0,0.319,1.4647,1.4716,0.086,98.8268,2022-12-01,False
Brazil,2023,72688.0,2107542.0,42440.0,2180230.0,162733.0,30243491.0,30406224.0,0.5352,3.2112,3.334,0.2162,82.2337,2023-12-01,False
Brazil,2024,149240.5,2338295.5,56193.0,2487536.0,311973.5,32581786.5,32893760.0,0.9484,6.0135,5.9995,0.4132,79.7926,2024-12-01,False
Brazil,2025,230526.5,2321674.5,109819.0,2552201.0,542500.0,34903461.0,35445961.0,1.5305,8.9116,9.0325,0.5821,68.1728,2025-12-01,False
Brazil,2026,259764.5,1367286.5,95697.0,1627051.0,802264.5,36270747.5,37073012.0,2.164,15.6683,13.3979,0.9236,87.0656,2026-07-01,False
Bulgaria,2022,1271.5,27409.5,503.0,28681.0,1271.5,27409.5,28681.0,4.4332,4.5023,4.4332,,98.8268,2022-12-01,False
Bulgaria,2023,2394.0,35346.0,714.0,37740.0,3665.5,62755.5,66421.0,5.5186,6.2386,6.3434,1.0853,82.2337,2023-12-01,False
Bulgaria,2024,2527.5,40413.5,1005.0,42941.0,6193.0,103169.0,109362.0,5.6628,5.9028,5.886,0.1443,79.7926,2024-12-01,False
Bulgaria,2025,4058.5,45426.5,2047.0,49485.0,10251.5,148595.5,158847.0,6.4537,8.1462,8.2015,0.7908,68.1728,2025-12-01,False
Bulgaria,2026,3278.5,22678.5,1565.0,25957.0,13530.0,171274.0,184804.0,7.3213,12.3775,10.9882,1.412,87.4911,2026-06-01,False
California,2008,75.0,769203.0,0.0,769277.9997,75.0,769203.0,769278.0,0.0097,0.0116,0.0097,,,2008-12-01,False
California,2009,502.9998,686273.0001,0.0,686775.9999,578.0,1455476.0,1456054.0,0.0397,0.0703,0.0732,0.0299,,2009-12-01,False
California,2010,228.9999,936841.9998,0.0,937071.0,807.0,2392318.0,2393125.0,0.0337,0.0242,0.0244,-0.006,80.2347,2010-12-01,False
California,2011,5916.0,1232650.0002,0.0,1238565.9999,6723.0,3624968.0,3631691.0,0.1851,0.4756,0.4776,0.1514,110.9756,2011-12-01,False
California,2012,16410.0,1499255.0001,0.0,1515665.0001,23133.0,5124223.0,5147356.0,0.4494,1.1294,1.0827,0.2643,111.7008,2012-12-01,False
California,2013,37264.9998,1592351.9997,0.0,1629616.9998,60398.0,6716575.0,6776973.0,0.8912,2.329,2.2867,0.4418,108.7664,2013-12-01,False
California,2014,55355.0001,1734250.9998,0.0,1789606.0002,115753.0,8450826.0,8566579.0,1.3512,3.0955,3.0931,0.46,99.4725,2014-12-01,False
California,2015,54174.0,1890177.0,0.0,1944351.0003,169927.0,10341003.0,10510930.0,1.6167,2.7909,2.7862,0.2655,53.5526,2015-12-01,False
California,2016,67946.0001,1976871.0,0.0,2044817.0001,237873.0,12317874.0,12555747.0,1.8945,3.3551,3.3228,0.2779,45.0342,2016-12-01,False
California,2017,88213.0002,1917681.0,0.0,2005894.0002,326086.0,14235555.0,14561641.0,2.2393,4.4111,4.3977,0.3448,54.82,2017-12-01,False
California,2018,147552.0003,1823058.9999,0.0,1970610.9999,473638.0,16058614.0,16532252.0,2.8649,7.5608,7.4876,0.6256,71.5553,2018-12-01,False
California,2019,135906.9996,1745414.9997,0.0,1881322.0002,609545.0,17804029.0,18413574.0,3.3103,7.211,7.224,0.4454,64.174,2019-12-01,False
California,2020,116044.0002,1380237.0,0.0,1496281.0002,725589.0,19184266.0,19909855.0,3.6444,7.6084,7.7555,0.3341,43.1676,2020-12-01,False
California,2021,212917.9998,1494947.0001,0.0,1707864.9999,938507.0,20679213.0,21617720.0,4.3414,12.7575,12.4669,0.697,70.7687,2021-12-01,False
California,2022,305868.0,1274915.0001,0.0,1580783.0001,1244375.0,21954128.0,23198503.0,5.364,19.359,19.3491,1.0227,98.8268,2022-12-01,False
California,2023,437160.0,1320662.9997,0.0,1757823.0,1681535.0,23274791.0,24956326.0,6.7379,24.8506,24.8694,1.3739,82.2337,2023-12-01,False
California,2024,442774.0002,1309256.0001,0.0,1752029.9997,2124309.0,24584047.0,26708356.0,7.9537,25.2603,25.2721,1.2158,79.7926,2024-12-01,False
California,2025,408368.0001,1374298.0002,0.0,1782666.0,2532677.0,25958345.0,28491022.0,8.8894,22.8581,22.9077,0.9357,68.1728,2025-12-01,False
California,2026,151353.9999,713949.0,0.0,865302.9999,2684031.0,26672294.0,29356325.0,9.1429,17.4054,20.6247,0.72,87.4911,2026-06-01,False
California CNCDA,2014,117242.5002,1731011.5002,115542.9999,1848253.9998,117242.5,1731011.5,1848254.0,6.3434,6.3323,6.3434,,99.4725,2014-12-01,False
California CNCDA,2015,121457.5002,1931292.5001,118582.9998,2052749.9997,238700.0,3662304.0,3901004.0,6.1189,5.911,5.9168,-0.2245,53.5526,2015-12-01,False
California CNCDA,2016,123609.4998,1965295.5,105588.9999,2088905.0001,362309.5,5627599.5,5989909.0,6.0487,5.9281,5.9174,-0.0703,45.0342,2016-12-01,False
California CNCDA,2017,145136.4999,1902495.5001,93251.0001,2047632.0,507446.0,7530095.0,8037541.0,6.3134,7.0944,7.088,0.2648,54.82,2017-12-01,False
California CNCDA,2018,198834.9999,1803160.0002,82352.0001,2001995.0001,706281.0,9333255.0,10039536.0,7.035,9.9292,9.9318,0.7215,71.5553,2018-12-01,False
California CNCDA,2019,198215.0001,1694457.0,104702.0001,1892672.0001,904496.0,11027712.0,11932208.0,7.5803,10.4619,10.4728,0.5453,64.174,2019-12-01,False
California CNCDA,2020,187653.4998,1451512.5,127497.0,1639165.9998,1092149.5,12479224.5,13571374.0,8.0474,11.5178,11.4481,0.4672,43.1676,2020-12-01,False
California CNCDA,2021,336006.4998,1520384.5002,196776.9999,1856391.0,1428156.0,13999609.0,15427765.0,9.2571,18.4913,18.1,1.2096,70.7687,2021-12-01,False
California CNCDA,2022,426964.5,1240866.4998,183461.0001,1667830.9998,1855120.5,15240475.5,17095596.0,10.8515,25.6065,25.6,1.5944,98.8268,2022-12-01,False
California CNCDA,2023,537818.0001,1238097.0,196534.0002,1775915.0001,2392938.5,16478572.5,18871511.0,12.6802,30.2996,30.284,1.8287,82.2337,2023-12-01,False
California CNCDA,2024,576324.0,1182816.9999,258414.0,1759140.9999,2969262.5,17661389.5,20630652.0,14.3925,32.7763,32.7617,1.7123,79.7926,2024-12-01,False
California CNCDA,2025,616017.0,1190744.9997,350538.0003,1806761.9997,3585279.5,18852134.5,22437414.0,15.979,34.1444,34.0951,1.5865,68.1728,2025-12-01,False
California CNCDA,2026,252513.9999,612334.0002,191000.0001,864848.0001,3837793.5,19464468.5,23302262.0,16.4696,29.091,32.4035,1.2753,87.4911,2026-06-01,False
Canada,2017,30759.4998,1877192.4996,23811.0003,1907952.0003,30759.5,1877192.5,1907952.0,1.6122,1.6187,1.6122,,54.82,2017-12-01,False
Canada,2018,55785.5001,1802378.5002,25810.9998,1858164.0,86545.0,3679571.0,3766116.0,2.298,2.9649,3.0022,0.6858,71.5553,2018-12-01,False
Canada,2019,74691.0,1750827.0,38616.0,1825518.0,161236.0,5430398.0,5591634.0,2.8835,4.0114,4.0915,0.5855,64.174,2019-12-01,False
Canada,2020,74024.4999,1391842.4997,40775.0001,1465867.0002,235260.5,6822240.5,7057501.0,3.3335,4.9919,5.0499,0.45,43.1676,2020-12-01,False
Canada,2021,119656.5,1458524.5002,68811.0,1578181.0002,354917.0,8280765.0,8635682.0,4.1099,7.5856,7.5819,0.7764,70.7687,2021-12-01,False
Canada,2022,158142.5001,1306679.5002,75309.0,1464822.0,513059.5,9587444.5,10100504.0,5.0795,10.8147,10.796,0.9697,98.8268,2022-12-01,False
Canada,2023,250636.5003,1402422.5001,131231.0004,1653058.9998,763696.0,10989867.0,11753563.0,6.4976,15.0186,15.162,1.418,82.2337,2023-12-01,False
Canada,2024,347486.0001,1437357.9999,157372.0002,1784844.0,1111182.0,12427225.0,13538407.0,8.2076,19.4821,19.4687,1.7101,79.7926,2024-12-01,False
Canada,2025,280484.0001,1504702.9998,212866.0002,1785187.0002,1391666.0,13931928.0,15323594.0,9.0819,15.789,15.7117,0.8742,68.1728,2025-12-01,False
Canada,2026,67288.5,312326.4999,50589.0,379614.9999,1458954.5,14244254.5,15703209.0,9.2908,17.7255,16.29,0.8807,77.9239,2026-03-01,False
Chile,2018,630.0,416408.0,866.0,417038.0,630.0,416408.0,417038.0,0.1511,0.1511,0.1511,,71.5553,2018-12-01,False
Chile,2019,746.0,372132.0,888.0,372878.0,1376.0,788540.0,789916.0,0.1742,0.2005,0.2001,0.0231,64.174,2019-12-01,False
Chile,2020,624.0,258211.0,776.0,258835.0,2000.0,1046751.0,1048751.0,0.1907,0.2186,0.2411,0.0165,43.1676,2020-12-01,False
Chile,2021,2102.0,413479.0,2492.0,415581.0,4102.0,1460230.0,1464332.0,0.2801,0.4862,0.5058,0.0894,70.7687,2021-12-01,False
Chile,2022,4336.5,422440.5,5135.0,426777.0,8438.5,1882670.5,1891109.0,0.4462,1.0379,1.0161,0.1661,98.8268,2022-12-01,False
Chile,2023,5714.5,308150.5,7239.0,313865.0,14153.0,2190821.0,2204974.0,0.6419,1.8513,1.8207,0.1956,82.2337,2023-12-01,False
Chile,2024,12377.5,289988.5,13447.0,302366.0,26530.5,2480809.5,2507340.0,1.0581,4.0516,4.0935,0.4162,79.7926,2024-12-01,False
Chile,2025,22102.5,288495.5,26701.0,310598.0,48633.0,2769305.0,2817938.0,1.7258,7.0811,7.1161,0.6677,68.1728,2025-12-01,False
Chile,2026,20150.0,133424.0,20344.0,153574.0,68783.0,2902729.0,2971512.0,2.3147,12.9481,10.3507,0.9649,87.4911,2026-06-01,False
China,2012,0.0,12865734.0,0.0,12865734.0,0.0,12865734.0,12865734.0,0.0,0.0,0.0,,111.7008,2012-12-01,True
China,2013,8318.0,15571670.0,0.0,15579988.0,8318.0,28437404.0,28445722.0,0.0292,0.0423,0.0534,0.0292,108.7664,2013-12-01,True
China,2014,44621.0,17811789.0,0.0,17856410.0,52939.0,46249193.0,46302132.0,0.1143,0.2261,0.2499,0.0851,99.4725,2014-12-01,True
China,2015,176734.0,19350143.0,0.0,19526877.0,229673.0,65599336.0,65829009.0,0.3489,0.876,0.9051,0.2346,53.5526,2015-12-01,True
China,2016,239687.0,22969510.0,0.0,23209197.0,469360.0,88568846.0,89038206.0,0.5271,1.0176,1.0327,0.1783,45.0342,2016-12-01,True
China,2017,557625.0,23222563.0,0.0,23780188.0,1026985.0,111791409.0,112818394.0,0.9103,2.0803,2.3449,0.3832,54.82,2017-12-01,True
China,2018,951792.0,21406072.0,0.0,22357864.0,1978777.0,133197481.0,135176258.0,1.4638,4.1096,4.2571,0.5536,71.5553,2018-12-01,True
China,2019,980465.0,19708674.0,0.0,20689139.0,2959242.0,152906155.0,155865397.0,1.8986,4.6264,4.739,0.4347,64.174,2019-12-01,True
China,2020,1111000.0,18181000.0,0.0,19292000.0,4070242.0,171087155.0,175157397.0,2.3238,5.4851,5.7589,0.4252,43.1676,2020-12-01,True
China,2021,2987000.0,17169000.0,0.0,20156000.0,7057242.0,188256155.0,195313397.0,3.6133,14.6993,14.8194,1.2895,70.7687,2021-12-01,True
China,2022,5679000.0,14867000.0,0.0,20546000.0,12736242.0,203123155.0,215859397.0,5.9002,27.5909,27.6404,2.287,98.8268,2022-12-01,True
China,2023,7753289.0,13964292.0,0.0,21717581.0,20489531.0,217087447.0,237576978.0,8.6244,35.1227,35.7005,2.7241,82.2337,2023-12-01,True
China,2024,10899478.0,11989743.0,0.0,22889221.0,31389009.0,229077190.0,260466199.0,12.0511,46.8884,47.6184,3.4267,79.7926,2024-12-01,True
China,2025,12808930.0,10935549.0,0.0,23744479.0,44197939.0,240012739.0,284210678.0,15.5511,53.5083,53.9449,3.5,68.1728,2025-12-01,True
China,2026,4712039.0,4000124.0,0.0,8712163.0,48909978.0,244012863.0,292922841.0,16.6972,53.6982,55.9128,3.1149,87.4911,2026-06-01,True
Colombia,2019,2030.5,261289.5,2209.0,263320.0,2030.5,261289.5,263320.0,0.7711,0.7332,0.7711,,64.174,2019-12-01,False
Colombia,2020,3655.5,184735.5,4697.0,188391.0,5686.0,446025.0,451711.0,1.2588,1.8197,1.9404,0.4877,43.1676,2020-12-01,False
Colombia,2021,9512.0,240760.0,16366.0,250272.0,15198.0,686785.0,701983.0,2.165,3.739,3.8007,0.9062,70.7687,2021-12-01,False
Colombia,2022,15556.0,246782.0,24556.0,262338.0,30754.0,933567.0,964321.0,3.1892,5.9385,5.9298,1.0242,98.8268,2022-12-01,False
Colombia,2023,17583.5,168638.5,27813.0,186222.0,48337.5,1102205.5,1150543.0,4.2013,9.4006,9.4422,1.0121,82.2337,2023-12-01,False
Colombia,2024,30512.0,170441.0,42668.0,200953.0,78849.5,1272646.5,1351496.0,5.8342,14.735,15.1836,1.633,79.7926,2024-12-01,False
Colombia,2025,53673.5,200531.5,67899.0,254205.0,132523.0,1473178.0,1605701.0,8.2533,20.7304,21.1143,2.419,68.1728,2025-12-01,False
Colombia,2026,56354.5,129898.5,54015.0,186253.0,188877.5,1603076.5,1791954.0,10.5403,29.8426,27.1439,3.4946,87.0656,2026-07-01,False
Croatia,2022,6482.0,36410.0,8376.0,42892.0,6482.0,36410.0,42892.0,15.1124,15.6834,15.1124,,98.8268,2022-12-01,False
Croatia,2023,9146.0,48385.0,13002.0,57531.0,15628.0,84795.0,100423.0,15.5622,16.562,15.8975,0.4498,82.2337,2023-12-01,False
Croatia,2024,12066.0,52954.0,17736.0,65020.0,27694.0,137749.0,165443.0,16.7393,19.5014,18.5574,1.1771,79.7926,2024-12-01,False
Croatia,2025,15064.0,54777.0,22538.0,69841.0,42758.0,192526.0,235284.0,18.1729,22.6069,21.569,1.4336,68.1728,2025-12-01,False
Croatia,2026,13236.0,30928.0,17496.0,44164.0,55994.0,223454.0,279448.0,20.0374,29.8962,27.9742,2.7574,87.4911,2026-06-01,False
Cyprus,2022,2559.0,9068.0,3926.0,11627.0,2559.0,9068.0,11627.0,22.0091,22.3642,22.0091,,98.8268,2022-12-01,False
Cyprus,2023,4115.5,10624.5,5633.0,14740.0,6674.5,19692.5,26367.0,25.3138,28.1411,27.9206,3.3047,82.2337,2023-12-01,False
Cyprus,2024,5076.0,9981.0,6438.0,15057.0,11750.5,29673.5,41424.0,28.3664,34.002,33.7119,3.0526,79.7926,2024-12-01,False
Cyprus,2025,5696.5,8937.5,6899.0,14634.0,17447.0,38611.0,56058.0,31.1231,39.5965,38.9265,2.7567,68.1728,2025-12-01,False
Cyprus,2026,3143.5,4156.5,3643.0,7300.0,20590.5,42767.5,63358.0,32.4987,43.0483,42.6493,2.8038,87.4911,2026-06-01,False
Czechia,2002,0.0,147754.0,0.0,147754.0,0.0,147754.0,147754.0,0.0,0.0,0.0,,,2002-12-01,False
Czechia,2003,0.0,149546.0,0.0,149546.0,0.0,297300.0,297300.0,0.0,0.0,0.0,0.0,,2003-12-01,False
Czechia,2004,0.0,132973.0,0.0,132973.0,0.0,430273.0,430273.0,0.0,0.0,0.0,0.0,,2004-12-01,False
Czechia,2005,0.0,127376.0,0.0,127376.0,0.0,557649.0,557649.0,0.0,0.0,0.0,0.0,,2005-12-01,False
Czechia,2006,0.0,123987.0,0.0,123987.0,0.0,681636.0,681636.0,0.0,0.0,0.0,0.0,,2006-12-01,False
Czechia,2007,0.0,132542.0,0.0,132542.0,0.0,814178.0,814178.0,0.0,0.0,0.0,0.0,,2007-12-01,False
Czechia,2008,0.0,143661.0,0.0,143661.0,0.0,957839.0,957839.0,0.0,0.0,0.0,0.0,,2008-12-01,False
Czechia,2009,5.0,161654.0,0.0,161659.0,5.0,1119493.0,1119498.0,0.0004,0.0029,0.0031,0.0004,,2009-12-01,False
Czechia,2010,6.0,169230.0,0.0,169236.0,11.0,1288723.0,1288734.0,0.0009,0.0032,0.0035,0.0004,80.2347,2010-12-01,False
Czechia,2011,56.0,173226.0,0.0,173282.0,67.0,1461949.0,1462016.0,0.0046,0.0309,0.0323,0.0037,110.9756,2011-12-01,False
Czechia,2012,267.0,173742.0,356.0,174009.0,334.0,1635691.0,1636025.0,0.0204,0.1554,0.1534,0.0158,111.7008,2012-12-01,False
Czechia,2013,256.0,164480.0,438.0,164736.0,590.0,1800171.0,1800761.0,0.0328,0.1555,0.1554,0.0123,108.7664,2013-12-01,False
Czechia,2014,390.0,191924.0,386.0,192314.0,980.0,1992095.0,1993075.0,0.0492,0.2006,0.2028,0.0164,99.4725,2014-12-01,False
Czechia,2015,780.0,230077.0,1024.0,230857.0,1760.0,2222172.0,2223932.0,0.0791,0.3356,0.3379,0.03,53.5526,2015-12-01,False
Czechia,2016,970.5,258722.5,1541.0,259693.0,2730.5,2480894.5,2483625.0,0.1099,0.3751,0.3737,0.0308,45.0342,2016-12-01,False
Czechia,2017,1720.0,269875.0,2826.0,271595.0,4450.5,2750769.5,2755220.0,0.1615,0.6393,0.6333,0.0516,54.82,2017-12-01,False
Czechia,2018,3172.5,258264.5,4553.0,261437.0,7623.0,3009034.0,3016657.0,0.2527,1.2796,1.2135,0.0912,71.5553,2018-12-01,False
Czechia,2019,5042.5,244872.5,7873.0,249915.0,12665.5,3253906.5,3266572.0,0.3877,2.0297,2.0177,0.135,64.174,2019-12-01,False
Czechia,2020,10190.5,192781.5,10693.0,202972.0,22856.0,3446688.0,3469544.0,0.6588,4.9166,5.0206,0.271,43.1676,2020-12-01,False
Czechia,2021,16050.0,190826.0,19338.0,206876.0,38906.0,3637514.0,3676420.0,1.0583,7.8486,7.7583,0.3995,70.7687,2021-12-01,False
Czechia,2022,19786.5,172300.5,24669.0,192087.0,58692.5,3809814.5,3868507.0,1.5172,10.2973,10.3008,0.4589,98.8268,2022-12-01,False
Czechia,2023,29868.5,191553.5,35151.0,221422.0,88561.0,4001368.0,4089929.0,2.1653,13.5485,13.4894,0.6482,82.2337,2023-12-01,False
Czechia,2024,39599.0,192001.0,45532.0,231600.0,128160.0,4193369.0,4321529.0,2.9656,17.0994,17.098,0.8003,79.7926,2024-12-01,False
Czechia,2025,53399.0,195320.0,57120.0,248719.0,181559.0,4388689.0,4570248.0,3.9726,21.4226,21.4696,1.007,68.1728,2025-12-01,False
Czechia,2026,35785.5,114169.5,36065.0,149955.0,217344.5,4502858.5,4720203.0,4.6046,23.7411,23.3032,1.0688,87.0656,2026-07-01,False
Denmark,2000,0.0,113633.0,0.0,113633.0,0.0,113633.0,113633.0,0.0,0.0,0.0,,,2000-12-01,False
Denmark,2001,0.0,96114.0,0.0,96114.0,0.0,209747.0,209747.0,0.0,0.0,0.0,0.0,,2001-12-01,False
Denmark,2002,0.0,111598.0,0.0,111598.0,0.0,321345.0,321345.0,0.0,0.0,0.0,0.0,,2002-12-01,False
Denmark,2003,0.0,96501.0,0.0,96501.0,0.0,417846.0,417846.0,0.0,0.0,0.0,0.0,,2003-12-01,False
Denmark,2004,0.0,122543.0,0.0,122543.0,0.0,540389.0,540389.0,0.0,0.0,0.0,0.0,,2004-12-01,False
Denmark,2005,0.0,148578.0,0.0,148578.0,0.0,688967.0,688967.0,0.0,0.0,0.0,0.0,,2005-12-01,False
Denmark,2006,0.0,156719.0,0.0,156719.0,0.0,845686.0,845686.0,0.0,0.0,0.0,0.0,,2006-12-01,False
Denmark,2007,0.0,162481.0,0.0,162481.0,0.0,1008167.0,1008167.0,0.0,0.0,0.0,0.0,,2007-12-01,False
Denmark,2008,0.0,150665.0,0.0,150665.0,0.0,1158832.0,1158832.0,0.0,0.0,0.0,0.0,,2008-12-01,False
Denmark,2009,0.0,112249.0,0.0,112249.0,0.0,1271081.0,1271081.0,0.0,0.0,0.0,0.0,,2009-12-01,False
Denmark,2010,0.0,153614.0,0.0,153614.0,0.0,1424695.0,1424695.0,0.0,0.0,0.0,0.0,80.2347,2010-12-01,False
Denmark,2011,465.0,169235.0,0.0,169700.0,465.0,1593930.0,1594395.0,0.0292,0.2623,0.274,0.0292,110.9756,2011-12-01,False
Denmark,2012,530.0,169321.0,0.0,169851.0,995.0,1763251.0,1764246.0,0.0564,0.3094,0.312,0.0272,111.7008,2012-12-01,False
Denmark,2013,533.0,180109.0,0.0,180642.0,1528.0,1943360.0,1944888.0,0.0786,0.2985,0.2951,0.0222,108.7664,2013-12-01,False
Denmark,2014,1605.0,186801.0,82.0,188406.0,3133.0,2130161.0,2133294.0,0.1469,0.8549,0.8519,0.0683,99.4725,2014-12-01,False
Denmark,2015,4504.0,202149.0,406.0,206653.0,7637.0,2332310.0,2339947.0,0.3264,2.1164,2.1795,0.1795,53.5526,2015-12-01,False
Denmark,2016,1551.0,220918.0,572.0,222469.0,9188.0,2553228.0,2562416.0,0.3586,0.7012,0.6972,0.0322,45.0342,2016-12-01,False
Denmark,2017,1001.5,220471.5,621.0,221473.0,10189.5,2773699.5,2783889.0,0.366,0.4846,0.4522,0.0074,54.82,2017-12-01,False
Denmark,2018,3107.0,215368.0,3126.0,218475.0,13296.5,2989067.5,3002364.0,0.4429,1.4658,1.4221,0.0769,71.5553,2018-12-01,False
Denmark,2019,7441.0,218179.0,3880.0,225620.0,20737.5,3207246.5,3227984.0,0.6424,3.3988,3.298,0.1996,64.174,2019-12-01,False
Denmark,2020,23335.5,175645.5,18235.0,198981.0,44073.0,3382892.0,3426965.0,1.2861,11.0153,11.7275,0.6436,43.1676,2020-12-01,False
Denmark,2021,45093.0,141491.0,40442.0,186584.0,89166.0,3524383.0,3613549.0,2.4675,23.7018,24.1677,1.1815,70.7687,2021-12-01,False
Denmark,2022,44012.5,105260.5,26439.0,149273.0,133178.5,3629643.5,3762822.0,3.5393,29.0054,29.4846,1.0718,98.8268,2022-12-01,False
Denmark,2023,71188.0,102190.0,17218.0,173378.0,204366.5,3731833.5,3936200.0,5.192,39.8602,41.0594,1.6526,82.2337,2023-12-01,False
Denmark,2024,92570.5,80866.5,7067.0,173437.0,296937.0,3812700.0,4109637.0,7.2254,52.7279,53.3741,2.0334,79.7926,2024-12-01,False
Denmark,2025,128822.0,56572.0,4826.0,185394.0,425759.0,3869272.0,4295031.0,9.9128,69.2347,69.4855,2.6874,68.1728,2025-12-01,False
Denmark,2026,92660.5,23565.5,735.0,116226.0,518419.5,3892837.5,4411257.0,11.7522,79.9953,77.6549,3.0923,87.0656,2026-07-01,False
EFTA,2022,256844.5,160077.5,69251.0,416922.0,256844.5,160077.5,416922.0,61.6049,59.6764,61.6049,,98.8268,2022-12-01,False
EFTA,2023,240761.5,155953.5,79559.0,396715.0,497606.0,316031.0,813637.0,61.1582,59.7135,60.6888,-0.4467,82.2337,2023-12-01,False
EFTA,2024,233578.5,143907.5,89341.0,377486.0,731184.5,459938.5,1191123.0,61.3861,61.5141,61.8774,0.2279,79.7926,2024-12-01,False
EFTA,2025,308140.5,120342.5,87797.0,428483.0,1039325.0,580281.0,1619606.0,64.1715,70.8387,71.9143,2.7853,68.1728,2025-12-01,False
EFTA,2026,141671.0,55775.0,44808.0,197446.0,1180996.0,636056.0,1817052.0,64.9952,70.1752,73.4701,2.618,87.4911,2026-06-01,False
EU + EFTA + UK,2022,3912909.0,7380500.0,2647680.0,11293409.0,3912909.0,7380500.0,11293409.0,34.6477,34.3045,34.6477,,98.8268,2022-12-01,False
EU + EFTA + UK,2023,4709160.5,8140290.5,3399977.0,12849451.0,8622069.5,15520790.5,24142860.0,35.7127,36.5913,36.6487,1.065,82.2337,2023-12-01,False
EU + EFTA + UK,2024,4978801.5,7983756.5,4065157.0,12962558.0,13600871.0,23504547.0,37105418.0,36.6547,38.4367,38.4091,0.942,79.7926,2024-12-01,False
EU + EFTA + UK,2025,6142511.5,7131176.5,4569239.0,13273688.0,19743382.5,30635723.5,50379106.0,39.1896,46.22,46.2758,2.5349,68.1728,2025-12-01,False
EU + EFTA + UK,2026,3686314.0,3547729.0,2670888.0,7234043.0,23429696.5,34183452.5,57613149.0,40.6673,50.7576,50.0464,2.9239,87.4911,2026-06-01,False
EUROPEAN UNION,2022,3047425.0,6214997.0,2098456.0,9262422.0,3047425.0,6214997.0,9262422.0,32.901,32.6529,32.901,,98.8268,2022-12-01,False
EUROPEAN UNION,2023,3711868.5,6837813.5,2719347.0,10549682.0,6759293.5,13052810.5,19812104.0,34.117,35.1702,35.1846,1.216,82.2337,2023-12-01,False
EUROPEAN UNION,2024,3851088.5,6781205.5,3285843.0,10632294.0,10610382.0,19834016.0,30444398.0,34.8517,36.314,36.2207,0.7347,79.7926,2024-12-01,False
EUROPEAN UNION,2025,4763206.0,6061466.0,3736014.0,10824672.0,15373588.0,25895482.0,41269070.0,37.2521,44.0092,44.0032,2.4004,68.1728,2025-12-01,False
EUROPEAN UNION,2026,2897432.5,3001235.5,2197081.0,5898668.0,18271020.5,28896717.5,47167738.0,38.7363,49.0213,47.9853,2.8623,87.4911,2026-06-01,False
Ecuador,2021,2148.0,90788.0,3638.0,92936.0,2148.0,90788.0,92936.0,2.3113,2.2862,2.3113,,73.9936,2021-12-01,False
Ecuador,2022,3713.0,135804.0,6674.0,139517.0,5861.0,226592.0,232453.0,2.5214,2.6663,2.6613,0.2101,98.8268,2022-12-01,False
Ecuador,2023,6521.5,125866.5,11507.0,132388.0,12382.5,352458.5,364841.0,3.3939,5.004,4.9261,0.8726,82.2337,2023-12-01,False
Ecuador,2024,7960.0,100306.0,13088.0,108266.0,20342.5,452764.5,473107.0,4.2998,7.4018,7.3523,0.9058,79.7926,2024-12-01,False
Ecuador,2025,13461.0,111044.0,18370.0,124505.0,33803.5,563808.5,597612.0,5.6564,10.7113,10.8116,1.3567,68.1728,2025-12-01,False
Ecuador,2026,12526.5,66658.5,14139.0,79185.0,46330.0,630467.0,676797.0,6.8455,15.7442,13.791,1.9509,87.4911,2026-06-01,False
Estonia,2022,4486.5,15939.5,6747.0,20426.0,4486.5,15939.5,20426.0,21.9647,21.9984,21.9647,,98.8268,2022-12-01,False
Estonia,2023,6538.5,16281.5,9067.0,22820.0,11025.0,32221.0,43246.0,25.4937,28.86,28.6525,3.529,82.2337,2023-12-01,False
Estonia,2024,8356.5,17029.5,11535.0,25386.0,19381.5,49250.5,68632.0,28.2397,32.9802,32.9177,2.7461,79.7926,2024-12-01,False
Estonia,2025,5645.0,7410.0,6748.0,13055.0,25026.5,56660.5,81687.0,30.6371,43.8011,43.2401,2.3973,68.1728,2025-12-01,False
Estonia,2026,4391.0,5588.0,5820.0,9979.0,29417.5,62248.5,91666.0,32.0921,43.5928,43.3434,2.5392,87.4911,2026-06-01,False
Finland,2014,446.0,105790.0,0.0,106236.0,446.0,105790.0,106236.0,0.4198,0.4314,0.4198,,99.4725,2014-12-01,False
Finland,2015,657.0,108162.0,0.0,108819.0,1103.0,213952.0,215055.0,0.5129,0.6068,0.6038,0.0931,53.5526,2015-12-01,False
Finland,2016,1431.0,117569.0,0.0,119000.0,2534.0,331521.0,334055.0,0.7586,1.2294,1.2025,0.2457,45.0342,2016-12-01,False
Finland,2017,3055.0,115532.0,0.0,118587.0,5589.0,447053.0,452642.0,1.2348,2.635,2.5762,0.4762,54.82,2017-12-01,False
Finland,2018,5708.0,114797.0,0.0,120505.0,11297.0,561850.0,573147.0,1.971,4.8082,4.7367,0.7363,71.5553,2018-12-01,False
Finland,2019,7864.0,106339.0,0.0,114203.0,19161.0,668189.0,687350.0,2.7877,7.0523,6.886,0.8166,64.174,2019-12-01,False
Finland,2020,17477.0,78941.0,0.0,96418.0,36638.0,747130.0,783768.0,4.6746,18.0416,18.1263,1.8869,43.1676,2020-12-01,False
Finland,2021,30297.0,68188.0,0.0,98485.0,66935.0,815318.0,882253.0,7.5868,31.309,30.7631,2.9122,70.7687,2021-12-01,False
Finland,2022,30702.0,50998.0,0.0,81700.0,97637.0,866316.0,963953.0,10.1288,37.7947,37.5789,2.542,98.8268,2022-12-01,False
Finland,2023,47624.0,39885.0,0.0,87509.0,145261.0,906201.0,1051462.0,13.8151,54.571,54.4218,3.6863,82.2337,2023-12-01,False
Finland,2024,36734.0,37341.0,0.0,74075.0,181995.0,943542.0,1125537.0,16.1696,49.9101,49.5903,2.3545,79.7926,2024-12-01,False
Finland,2025,41268.0,30623.0,0.0,71891.0,223263.0,974165.0,1197428.0,18.6452,57.5232,57.4036,2.4756,68.1728,2025-12-01,False
Finland,2026,17997.0,11696.0,0.0,29693.0,241260.0,985861.0,1227121.0,19.6607,60.561,59.4736,2.4733,88.0656,2026-05-01,False
Finland including used,2014,472.0,124810.0,0.0,125282.0,472.0,124810.0,125282.0,0.3768,0.3852,0.3768,,99.4725,2014-12-01,False
Finland including used,2015,756.0,129926.0,0.0,130682.0,1228.0,254736.0,255964.0,0.4798,0.5788,0.5785,0.103,53.5526,2015-12-01,False
Finland including used,2016,1698.0,142013.0,0.0,143711.0,2926.0,396749.0,399675.0,0.7321,1.1997,1.1815,0.2523,45.0342,2016-12-01,False
Finland including used,2017,4011.0,143948.0,0.0,147959.0,6937.0,540697.0,547634.0,1.2667,2.7493,2.7109,0.5346,54.82,2017-12-01,False
Finland including used,2018,8456.0,151734.0,0.0,160190.0,15393.0,692431.0,707824.0,2.1747,5.3698,5.2787,0.908,71.5553,2018-12-01,False
Finland including used,2019,14199.0,145918.0,0.0,160117.0,29592.0,838349.0,867941.0,3.4094,8.9403,8.8679,1.2348,64.174,2019-12-01,False
Finland including used,2020,26667.0,113655.0,0.0,140322.0,56259.0,952004.0,1008263.0,5.5798,18.9728,19.0041,2.1703,43.1676,2020-12-01,False
Finland including used,2021,45676.0,98177.0,0.0,143853.0,101935.0,1050181.0,1152116.0,8.8476,32.0362,31.7519,3.2678,70.7687,2021-12-01,False
Finland including used,2022,52023.0,71078.0,0.0,123101.0,153958.0,1121259.0,1275217.0,12.0731,42.5561,42.2604,3.2254,98.8268,2022-12-01,False
Finland including used,2023,72174.0,53589.0,0.0,125763.0,226132.0,1174848.0,1400980.0,16.141,57.3995,57.3889,4.0679,82.2337,2023-12-01,False
Finland including used,2024,69629.0,47673.0,0.0,117302.0,295761.0,1222521.0,1518282.0,19.48,59.4943,59.3587,3.339,79.7926,2024-12-01,False
Finland including used,2025,71173.0,41811.0,0.0,112984.0,366934.0,1264332.0,1631266.0,22.4938,63.1225,62.9939,3.0138,68.1728,2025-12-01,False
Finland including used,2026,41383.0,23745.0,0.0,65128.0,408317.0,1288077.0,1696394.0,24.0697,63.5516,63.483,2.7545,87.0656,2026-07-01,False
France,2011,9652.5,2217853.5,13919.0,2227506.0,9652.5,2217853.5,2227506.0,0.4333,0.4421,0.4333,,110.9756,2011-12-01,False
France,2012,20249.5,1900422.5,27823.0,1920672.0,29902.0,4118276.0,4148178.0,0.7208,1.1052,1.0543,0.2875,111.7008,2012-12-01,False
France,2013,33428.0,1783250.0,47346.0,1816678.0,63330.0,5901526.0,5964856.0,1.0617,1.8362,1.8401,0.3409,108.7664,2013-12-01,False
France,2014,34226.0,1792953.0,42854.0,1827179.0,97556.0,7694479.0,7792035.0,1.252,1.8904,1.8732,0.1903,99.4725,2014-12-01,False
France,2015,51828.5,1904108.5,56937.0,1955937.0,149384.5,9598587.5,9747972.0,1.5325,2.6507,2.6498,0.2805,53.5526,2015-12-01,False
France,2016,56428.5,2003740.5,53153.0,2060169.0,205813.0,11602328.0,11808141.0,1.743,2.7519,2.739,0.2105,45.0342,2016-12-01,False
France,2017,73189.5,2084480.5,71351.0,2157670.0,279002.5,13686808.5,13965811.0,1.9978,3.4169,3.3921,0.2548,54.82,2017-12-01,False
France,2018,93236.5,2130344.5,93521.0,2223581.0,372239.0,15817153.0,16189392.0,2.2993,4.2313,4.1931,0.3015,71.5553,2018-12-01,False
France,2019,117108.5,2141168.5,109385.0,2258277.0,489347.5,17958321.5,18447669.0,2.6526,5.2036,5.1857,0.3533,64.174,2019-12-01,False
France,2020,274329.0,1419201.0,173316.0,1693530.0,763676.5,19377522.5,20141199.0,3.7916,15.5668,16.1987,1.139,43.1676,2020-12-01,False
France,2021,456607.0,1252068.0,299476.0,1708675.0,1220283.5,20629590.5,21849874.0,5.5849,26.766,26.7229,1.7932,70.7687,2021-12-01,False
France,2022,505918.5,1071031.5,342237.0,1576950.0,1726202.0,21700622.0,23426824.0,7.3685,31.9109,32.0821,1.7836,98.8268,2022-12-01,False
France,2023,687780.0,1129566.0,442100.0,1817346.0,2413982.0,22830188.0,25244170.0,9.5625,37.5291,37.8453,2.194,82.2337,2023-12-01,False
France,2024,742538.5,1012628.5,599721.0,1755167.0,3156520.5,23842816.5,26999337.0,11.6911,42.0931,42.3059,2.1286,79.7926,2024-12-01,False
France,2025,802756.5,861917.5,723585.0,1664674.0,3959277.0,24704734.0,28664011.0,13.8127,48.0394,48.223,2.1216,68.1728,2025-12-01,False
France,2026,563310.5,432138.5,437595.0,995449.0,4522587.5,25136872.5,29659460.0,15.2484,56.617,54.6125,2.3761,87.0656,2026-07-01,False
Germany,2009,4349.0,3802826.0,8374.0,3807175.0,4349.0,3802826.0,3807175.0,0.1142,0.1183,0.1142,,,2009-12-01,False
Germany,2010,5871.5,2910388.5,10661.0,2916260.0,10220.5,6713214.5,6723435.0,0.152,0.2018,0.2013,0.0378,80.2347,2010-12-01,False
Germany,2011,8465.0,3165169.0,12622.0,3173634.0,18685.5,9878383.5,9897069.0,0.1888,0.2678,0.2667,0.0368,110.9756,2011-12-01,False
Germany,2012,13675.0,3068829.0,21438.0,3082504.0,32360.5,12947212.5,12979573.0,0.2493,0.4438,0.4436,0.0605,111.7008,2012-12-01,False
Germany,2013,19225.0,2933206.0,26348.0,2952431.0,51585.5,15880418.5,15932004.0,0.3238,0.6564,0.6512,0.0745,108.7664,2013-12-01,False
Germany,2014,24503.0,3012270.0,22908.0,3036773.0,76088.5,18892688.5,18968777.0,0.4011,0.8097,0.8069,0.0773,99.4725,2014-12-01,False
Germany,2015,34728.5,3171313.5,22529.0,3206042.0,110817.0,22064002.0,22174819.0,0.4997,1.0822,1.0832,0.0986,53.5526,2015-12-01,False
Germany,2016,42280.0,3309327.0,34252.0,3351607.0,153097.0,25373329.0,25526426.0,0.5998,1.2751,1.2615,0.1,45.0342,2016-12-01,False
Germany,2017,82110.5,3359151.5,55237.0,3441262.0,235207.5,28732480.5,28967688.0,0.812,2.4027,2.3861,0.2122,54.82,2017-12-01,False
Germany,2018,116892.5,3318885.5,98815.0,3435778.0,352100.0,32051366.0,32403466.0,1.0866,3.4584,3.4022,0.2746,71.5553,2018-12-01,False
Germany,2019,205477.5,3401780.5,193901.0,3607258.0,557577.5,35453146.5,36010724.0,1.5484,5.7471,5.6962,0.4618,64.174,2019-12-01,False
Germany,2020,558254.5,2359423.5,327395.0,2917678.0,1115832.0,37812570.0,38928402.0,2.8664,18.1093,19.1335,1.318,43.1676,2020-12-01,False
Germany,2021,895966.5,1726165.5,429135.0,2622132.0,2011798.5,39538735.5,41550534.0,4.8418,34.3758,34.1694,1.9754,70.7687,2021-12-01,False
Germany,2022,1065264.5,1586092.5,465227.0,2651357.0,3077063.0,41124828.0,44201891.0,6.9614,38.9976,40.1781,2.1196,98.8268,2022-12-01,False
Germany,2023,1032232.0,1812377.0,664580.0,2844609.0,4109295.0,42937205.0,47046500.0,8.7345,35.9076,36.2873,1.7732,82.2337,2023-12-01,False
Germany,2024,950258.0,1867073.0,755492.0,2817331.0,5059553.0,44804278.0,49863831.0,10.1467,33.8303,33.729,1.4122,79.7926,2024-12-01,False
Germany,2025,1264584.5,1593006.5,816101.0,2857591.0,6324137.5,46397284.5,52721422.0,11.9954,44.1645,44.2535,1.8486,68.1728,2025-12-01,False
Germany,2026,744691.0,739688.0,425788.0,1484379.0,7068828.5,47136972.5,54205801.0,13.0407,49.9731,48.3694,2.0254,87.4911,2026-06-01,False
Greece,2020,7991.0,72987.0,11718.0,80978.0,7991.0,72987.0,80978.0,9.8681,10.1027,9.8681,,43.1676,2020-12-01,False
Greece,2021,18628.0,82299.0,23326.0,100927.0,26619.0,155286.0,181905.0,14.6335,19.1175,18.4569,4.7654,70.7687,2021-12-01,False
Greece,2022,22829.5,82453.5,29019.0,105283.0,49448.5,237739.5,287188.0,17.2182,21.8469,21.6839,2.5847,98.8268,2022-12-01,False
Greece,2023,35985.0,98499.0,41560.0,134484.0,85433.5,336238.5,421672.0,20.2607,26.8824,26.7578,3.0425,82.2337,2023-12-01,False
Greece,2024,45927.5,91147.5,57917.0,137075.0,131361.0,427386.0,558747.0,23.5099,34.2559,33.5054,3.2493,79.7926,2024-12-01,False
Greece,2025,57110.5,87088.5,73125.0,144199.0,188471.5,514474.5,702946.0,26.8117,40.0862,39.6053,3.3017,68.1728,2025-12-01,False
Greece,2026,34263.5,49733.5,47557.0,83997.0,222735.0,564208.0,786943.0,28.3038,41.0811,42.1771,3.2681,87.4911,2026-06-01,False
Hungary,2022,30636.5,80886.5,42077.0,111523.0,30636.5,80886.5,111523.0,27.471,27.5631,27.471,,98.8268,2022-12-01,False
Hungary,2023,33871.5,73868.5,45021.0,107740.0,64508.0,154755.0,219263.0,29.4204,31.5449,31.4382,1.9494,82.2337,2023-12-01,False
Hungary,2024,42277.0,79334.0,56034.0,121611.0,106785.0,234089.0,340874.0,31.3268,34.7215,34.7641,1.9064,79.7926,2024-12-01,False
Hungary,2025,50819.5,78618.5,65365.0,129438.0,157604.5,312707.5,470312.0,33.5106,39.213,39.2617,2.1838,68.1728,2025-12-01,False
Hungary,2026,32775.5,42129.5,38433.0,74905.0,190380.0,354837.0,545217.0,34.9182,43.7426,42.4051,2.5429,87.4911,2026-06-01,False
Iceland,2010,15.0,3107.0,26.0,3122.0,15.0,3107.0,3122.0,0.4805,0.7583,0.4805,,80.2347,2010-12-01,False
Iceland,2011,41.5,5055.5,83.0,5097.0,56.5,8162.5,8219.0,0.6874,1.2211,0.8142,0.207,110.9756,2011-12-01,False
Iceland,2012,116.0,7842.0,196.0,7958.0,172.5,16004.5,16177.0,1.0663,1.8281,1.4577,0.3789,111.7008,2012-12-01,False
Iceland,2013,159.5,7139.5,187.0,7299.0,332.0,23144.0,23476.0,1.4142,2.8594,2.1852,0.3479,108.7664,2013-12-01,False
Iceland,2014,209.5,9385.5,181.0,9595.0,541.5,32529.5,33071.0,1.6374,2.9512,2.1834,0.2232,99.4725,2014-12-01,False
Iceland,2015,544.5,13520.5,249.0,14065.0,1086.0,46050.0,47136.0,2.304,4.7548,3.8713,0.6666,53.5526,2015-12-01,False
Iceland,2016,1176.0,17341.0,696.0,18517.0,2262.0,63391.0,65653.0,3.4454,7.8567,6.3509,1.1414,45.0342,2016-12-01,False
Iceland,2017,2386.5,18977.5,1051.0,21364.0,4648.5,82368.5,87017.0,5.3421,13.6795,11.1707,1.8967,54.82,2017-12-01,False
Iceland,2018,3117.0,14877.0,904.0,17994.0,7765.5,97245.5,105011.0,7.3949,19.6932,17.3224,2.0529,71.5553,2018-12-01,False
Iceland,2019,2649.5,9060.5,1051.0,11710.0,10415.0,106306.0,116721.0,8.923,24.4396,22.626,1.528,64.174,2019-12-01,False
Iceland,2020,4801.0,4584.0,1168.0,9385.0,15216.0,110890.0,126106.0,12.066,52.3016,51.1561,3.1431,43.1676,2020-12-01,False
Iceland,2021,8116.5,4663.5,2269.0,12780.0,23332.5,115553.5,138886.0,16.7997,64.361,63.5094,4.7337,70.7687,2021-12-01,False
Iceland,2022,10812.5,5860.5,2985.0,16673.0,34145.0,121414.0,155559.0,21.9499,66.843,64.8504,5.1501,98.8268,2022-12-01,False
Iceland,2023,11975.5,5567.5,2889.0,17543.0,46120.5,126981.5,173102.0,26.6435,70.5339,68.2637,4.6937,82.2337,2023-12-01,False
Iceland,2024,5352.5,4880.5,2091.0,10233.0,51473.0,131862.0,183335.0,28.0759,59.2105,52.3063,1.4324,79.7926,2024-12-01,False
Iceland,2025,10112.0,3985.0,3082.0,14097.0,61585.0,135847.0,197432.0,31.193,73.9876,71.7316,3.1171,68.1728,2025-12-01,False
Iceland,2026,6421.0,1985.0,1996.0,8406.0,68006.0,137832.0,205838.0,33.0386,76.2551,79.4777,3.2841,87.0656,2026-07-01,False
India,2001,94.0,541447.0,2.0,541541.0,94.0,541447.0,541541.0,0.0174,0.0184,0.0174,,,2001-12-01,True
India,2002,144.5,587469.5,1.0,587614.0,238.5,1128916.5,1129155.0,0.0211,0.0247,0.0246,0.0038,,2002-12-01,True
India,2003,264.0,695243.0,4.0,695507.0,502.5,1824159.5,1824662.0,0.0275,0.0378,0.038,0.0064,,2003-12-01,True
India,2004,205.0,868017.0,6.0,868222.0,707.5,2692176.5,2692884.0,0.0263,0.0233,0.0236,-0.0013,,2004-12-01,True
India,2005,170.0,933747.0,4.0,933917.0,877.5,3625923.5,3626801.0,0.0242,0.0182,0.0182,-0.0021,,2005-12-01,True
India,2006,219.0,1116177.0,2.0,1116396.0,1096.5,4742100.5,4743197.0,0.0231,0.0198,0.0196,-0.0011,,2006-12-01,True
India,2007,265.0,1327805.0,6.0,1328070.0,1361.5,6069905.5,6071267.0,0.0224,0.02,0.02,-0.0007,,2007-12-01,True
India,2008,513.0,1404730.0,2.0,1405243.0,1874.5,7474635.5,7476510.0,0.0251,0.0376,0.0365,0.0026,,2008-12-01,True
India,2009,342.0,1621064.0,8.0,1621406.0,2216.5,9095699.5,9097916.0,0.0244,0.0212,0.0211,-0.0007,,2009-12-01,True
India,2010,268.0,2091933.0,4.0,2092201.0,2484.5,11187632.5,11190117.0,0.0222,0.0129,0.0128,-0.0022,80.2347,2010-12-01,True
India,2011,617.0,2274061.0,2.0,2274678.0,3101.5,13461693.5,13464795.0,0.023,0.0272,0.0271,0.0008,110.9756,2011-12-01,True
India,2012,414.0,2478707.0,4.0,2479121.0,3515.5,15940400.5,15943916.0,0.022,0.0156,0.0167,-0.001,111.7008,2012-12-01,True
India,2013,364.5,2302755.5,5.0,2303120.0,3880.0,18243156.0,18247036.0,0.0213,0.0162,0.0158,-0.0008,108.7664,2013-12-01,True
India,2014,476.0,2366237.0,4.0,2366713.0,4356.0,20609393.0,20613749.0,0.0211,0.0202,0.0201,-0.0001,99.4725,2014-12-01,True
India,2015,720.0,2485648.0,88.0,2486368.0,5076.0,23095041.0,23100117.0,0.022,0.0291,0.029,0.0008,53.5526,2015-12-01,True
India,2016,866.0,2610870.0,514.0,2611736.0,5942.0,25705911.0,25711853.0,0.0231,0.0331,0.0332,0.0011,45.0342,2016-12-01,True
India,2017,1156.5,2873285.5,673.0,2874442.0,7098.5,28579196.5,28586295.0,0.0248,0.0403,0.0402,0.0017,54.82,2017-12-01,True
India,2018,6919.5,2916209.5,11693.0,2923129.0,14018.0,31495406.0,31509424.0,0.0445,0.2392,0.2367,0.0197,71.5553,2018-12-01,True
India,2019,38679.0,2732673.0,75324.0,2771352.0,52697.0,34228079.0,34280776.0,0.1537,1.4095,1.3957,0.1092,64.174,2019-12-01,True
India,2020,46064.0,2340753.0,85598.0,2386817.0,98761.0,36568832.0,36667593.0,0.2693,1.9543,1.9299,0.1156,43.1676,2020-12-01,True
India,2021,74723.5,2861606.5,124879.0,2936330.0,173484.5,39430438.5,39603923.0,0.438,2.5094,2.5448,0.1687,70.7687,2021-12-01,True
India,2022,127889.0,3208255.0,189368.0,3336144.0,301373.5,42638693.5,42940067.0,0.7018,3.797,3.8334,0.2638,98.8268,2022-12-01,True
India,2023,234606.5,3354723.5,322675.0,3589330.0,535980.0,45993417.0,46529397.0,1.1519,6.5743,6.5362,0.4501,82.2337,2023-12-01,True
India,2024,258261.0,3464788.0,336972.0,3723049.0,794241.0,49458205.0,50252446.0,1.5805,6.9802,6.9368,0.4286,79.7926,2024-12-01,True
India,2025,344935.0,3755415.0,347814.0,4100350.0,1139176.0,53213620.0,54352796.0,2.0959,8.5518,8.4123,0.5154,68.1728,2025-12-01,True
India,2026,302920.5,2547771.5,248683.0,2850692.0,1442096.5,55761391.5,57203488.0,2.521,10.7267,9.827,0.6541,87.0656,2026-07-01,True
Indonesia,2010,0.0,541475.0,0.0,541475.0,0.0,541475.0,541475.0,0.0,0.0,0.0,,80.2347,2010-12-01,False
Indonesia,2011,2.0,601996.0,0.0,601998.0,2.0,1143471.0,1143473.0,0.0002,0.0003,0.0003,0.0002,110.9756,2011-12-01,False
Indonesia,2012,0.0,780785.0,0.0,780785.0,2.0,1924256.0,1924258.0,0.0001,0.0,0.0,-0.0001,111.7008,2012-12-01,False
Indonesia,2013,1.0,880031.0,0.0,880032.0,3.0,2804287.0,2804290.0,0.0001,0.0001,0.0001,0.0,108.7664,2013-12-01,False
Indonesia,2014,0.0,879464.0,0.0,879464.0,3.0,3683751.0,3683754.0,0.0001,0.0,0.0,-0.0,99.4725,2014-12-01,False
Indonesia,2015,0.0,736797.0,0.0,736797.0,3.0,4420548.0,4420551.0,0.0001,0.0,0.0,-0.0,53.5526,2015-12-01,False
Indonesia,2016,0.0,817032.0,0.0,817032.0,3.0,5237580.0,5237583.0,0.0001,0.0,0.0,-0.0,45.0342,2016-12-01,False
Indonesia,2017,0.0,842474.0,0.0,842474.0,3.0,6080054.0,6080057.0,0.0,0.0,0.0,-0.0,54.82,2017-12-01,False
Indonesia,2018,0.0,874677.0,0.0,874677.0,3.0,6954731.0,6954734.0,0.0,0.0,0.0,-0.0,71.5553,2018-12-01,False
Indonesia,2019,165.5,782852.5,331.0,783018.0,168.5,7737583.5,7737752.0,0.0022,0.0213,0.0211,0.0021,64.174,2019-12-01,False
Indonesia,2020,680.0,388222.0,1108.0,388902.0,848.5,8125805.5,8126654.0,0.0104,0.1777,0.1749,0.0083,43.1676,2020-12-01,False
Indonesia,2021,1921.5,654727.5,2473.0,656649.0,2770.0,8780533.0,8783303.0,0.0315,0.318,0.2926,0.0211,70.7687,2021-12-01,False
Indonesia,2022,12887.0,770684.0,5100.0,783571.0,15657.0,9551217.0,9566874.0,0.1637,1.5367,1.6446,0.1321,98.8268,2022-12-01,False
Indonesia,2023,43349.0,735978.0,52434.0,779327.0,59006.0,10287195.0,10346201.0,0.5703,5.6089,5.5624,0.4067,82.2337,2023-12-01,False
Indonesia,2024,71680.0,601378.0,56684.0,673058.0,130686.0,10888573.0,11019259.0,1.186,10.5719,10.6499,0.6157,79.7926,2024-12-01,False
Indonesia,2025,140287.5,462254.5,64671.0,602542.0,270973.5,11350827.5,11621801.0,2.3316,22.7866,23.2826,1.1456,68.1728,2025-12-01,False
Indonesia,2026,95273.5,227136.5,40405.0,322410.0,366247.0,11577964.0,11944211.0,3.0663,29.484,28.9542,1.4421,87.4911,2026-06-01,False
Ireland,2007,533.5,186012.5,1067.0,186546.0,533.5,186012.5,186546.0,0.286,0.2899,0.286,,,2007-12-01,False
Ireland,2008,616.5,150992.5,1221.0,151609.0,1150.0,337005.0,338155.0,0.3401,0.413,0.4066,0.0541,,2008-12-01,False
Ireland,2009,151.0,57315.0,292.0,57466.0,1301.0,394320.0,395621.0,0.3289,0.3497,0.2628,-0.0112,,2009-12-01,False
Ireland,2010,386.0,88079.0,736.0,88465.0,1687.0,482399.0,484086.0,0.3485,0.4554,0.4363,0.0196,80.2347,2010-12-01,False
Ireland,2011,322.5,89587.5,553.0,89910.0,2009.5,571986.5,573996.0,0.3501,0.5387,0.3587,0.0016,110.9756,2011-12-01,False
Ireland,2012,455.5,79118.5,635.0,79574.0,2465.0,651105.0,653570.0,0.3772,0.7525,0.5724,0.0271,111.7008,2012-12-01,False
Ireland,2013,340.0,74024.0,582.0,74364.0,2805.0,725129.0,727934.0,0.3853,0.5713,0.4572,0.0082,108.7664,2013-12-01,False
Ireland,2014,756.5,95527.5,1001.0,96284.0,3561.5,820656.5,824218.0,0.4321,0.9175,0.7857,0.0468,99.4725,2014-12-01,False
Ireland,2015,1332.5,123471.5,1499.0,124804.0,4894.0,944128.0,949022.0,0.5157,1.2829,1.0677,0.0836,53.5526,2015-12-01,False
Ireland,2016,1975.0,144675.0,2570.0,146650.0,6869.0,1088803.0,1095672.0,0.6269,1.8227,1.3467,0.1112,45.0342,2016-12-01,False
Ireland,2017,3165.5,128167.5,4435.0,131333.0,10034.5,1216970.5,1227005.0,0.8178,2.7603,2.4103,0.1909,54.82,2017-12-01,False
Ireland,2018,5435.5,120235.5,6927.0,125671.0,15470.0,1337206.0,1352676.0,1.1437,5.5397,4.3252,0.3259,71.5553,2018-12-01,False
Ireland,2019,9887.0,107222.0,10194.0,117109.0,25357.0,1444428.0,1469785.0,1.7252,12.2564,8.4426,0.5816,64.174,2019-12-01,False
Ireland,2020,11998.0,76326.0,10986.0,88324.0,37355.0,1520754.0,1558109.0,2.3975,16.327,13.5841,0.6722,43.1676,2020-12-01,False
Ireland,2021,26160.5,78771.5,19247.0,104932.0,63515.5,1599525.5,1663041.0,3.8192,30.5557,24.9309,1.4218,70.7687,2021-12-01,False
Ireland,2022,33982.0,71416.0,21252.0,105398.0,97497.5,1670941.5,1768439.0,5.5132,34.8032,32.2416,1.694,98.8268,2022-12-01,False
Ireland,2023,45753.5,76646.5,25039.0,122400.0,143251.0,1747588.0,1890839.0,7.5761,45.6989,37.3803,2.0629,82.2337,2023-12-01,False
Ireland,2024,43418.0,77879.0,26840.0,121297.0,186669.0,1825467.0,2012136.0,9.2772,45.0586,35.7948,1.7011,79.7926,2024-12-01,False
Ireland,2025,57393.0,67625.0,29672.0,125018.0,244062.0,1893092.0,2137154.0,11.42,53.4591,45.9078,2.1428,68.1728,2025-12-01,False
Ireland,2026,61916.5,52580.5,29971.0,114497.0,305978.5,1945672.5,2251651.0,13.5891,56.1202,54.4254,2.5232,87.0656,2026-07-01,False
Israel,2018,23255.601,188992.779,31060.772,212248.38,23255.601,188992.779,212248.38,10.9568,11.1041,10.9568,,71.5553,2018-12-01,False
Israel,2019,43941.5905,184509.8605,59780.791,228451.451,67197.1915,373502.6395,440699.831,15.2478,20.911,19.2345,4.2911,64.174,2019-12-01,False
Israel,2020,26649.547,151523.389,36788.93,178172.936,93846.7385,525026.0285,618872.767,15.1641,13.5245,14.9571,-0.0837,43.1676,2020-12-01,False
Israel,2021,46631.2305,165948.8555,43591.151,212580.086,140477.969,690974.884,831452.853,16.8955,21.0856,21.9358,1.7313,70.7687,2021-12-01,False
Israel,2022,75652.3175,163486.1185,33888.445,239138.436,216130.2865,854461.0025,1070591.289,20.1879,28.4126,31.6354,3.2925,98.8268,2022-12-01,False
Israel,2023,86362.0,183661.0,45972.0,270023.0,302492.2865,1038122.0025,1340614.289,22.5637,34.1306,31.9832,2.3758,82.2337,2023-12-01,False
Israel,2024,102794.5,167228.5,59159.0,270023.0,405286.7865,1205350.5025,1610637.289,25.1631,39.1318,38.0688,2.5994,79.7926,2024-12-01,False
Israel,2025,130316.0,163275.0,76878.0,293591.0,535602.7865,1368625.5025,1904228.289,28.127,45.6145,44.3869,2.9639,68.1728,2025-12-01,False
Israel,2026,56198.5,97328.5,63617.0,153527.0,591801.2865,1465954.0025,2057755.289,28.7596,37.0063,43.0579,2.0927,87.0656,2026-07-01,False
Italy,2011,199.0,112625.0,360.0,112824.0,199.0,112625.0,112824.0,0.1764,0.1764,,,107.7229,2011-12-01,False
Italy,2012,3939.5,1407766.5,6839.0,1411706.0,4138.5,1520391.5,1524530.0,0.2715,0.2891,0.2791,0.0951,111.7008,2012-12-01,False
Italy,2013,8004.0,1296523.0,14306.0,1304527.0,12142.5,2816914.5,2829057.0,0.4292,0.618,0.6136,0.1577,108.7664,2013-12-01,False
Italy,2014,11314.5,1352251.5,20471.0,1363566.0,23457.0,4169166.0,4192623.0,0.5595,0.8241,0.8298,0.1303,99.4725,2014-12-01,False
Italy,2015,14085.5,1562230.5,25331.0,1576316.0,37542.5,5731396.5,5768939.0,0.6508,0.8931,0.8936,0.0913,53.5526,2015-12-01,False
Italy,2016,20400.0,1816494.0,38060.0,1836894.0,57942.5,7547890.5,7605833.0,0.7618,1.1247,1.1106,0.111,45.0342,2016-12-01,False
Italy,2017,34899.5,1946276.5,66041.0,1981176.0,92842.0,9494167.0,9587009.0,0.9684,1.7926,1.7616,0.2066,54.82,2017-12-01,False
Italy,2018,50198.5,1867983.5,82027.0,1918182.0,143040.5,11362150.5,11505191.0,1.2433,2.6835,2.617,0.2749,71.5553,2018-12-01,False
Italy,2019,71621.0,1847909.0,108544.0,1919530.0,214661.5,13210059.5,13424721.0,1.599,3.768,3.7312,0.3557,64.174,2019-12-01,False
Italy,2020,171277.0,1218256.0,222956.0,1389533.0,385938.5,14428315.5,14814254.0,2.6052,12.4822,12.3262,1.0062,43.1676,2020-12-01,False
Italy,2021,350304.0,1121317.0,427158.0,1471621.0,736242.5,15549632.5,16285875.0,4.5207,24.3725,23.804,1.9156,70.7687,2021-12-01,False
Italy,2022,344610.5,990137.5,454725.0,1334748.0,1080853.0,16539770.0,17620623.0,6.134,25.8482,25.8184,1.6133,98.8268,2022-12-01,False
Italy,2023,424300.0,1165012.0,575066.0,1589312.0,1505153.0,17704782.0,19209935.0,7.8353,26.6734,26.6971,1.7013,82.2337,2023-12-01,False
Italy,2024,435466.0,1141796.0,633694.0,1577262.0,1940619.0,18846578.0,20787197.0,9.3356,27.6831,27.609,1.5004,79.7926,2024-12-01,False
Italy,2025,528343.5,993896.5,675815.0,1522240.0,2468962.5,19840474.5,22309437.0,11.0669,34.7389,34.7083,1.7313,68.1728,2025-12-01,False
Italy,2026,451774.0,618098.0,526692.0,1069872.0,2920736.5,20458572.5,23379309.0,12.4928,42.1526,40.7542,2.0927,87.0656,2026-07-01,False
Japan,2018,602075.0,2293379.0,1104740.0,2895454.0,602075.0,2293379.0,2895454.0,20.7938,20.8112,20.7938,,71.5553,2018-12-01,False
Japan,2019,588295.0,2233591.0,1098704.0,2821886.0,1190370.0,4526970.0,5717340.0,20.8203,20.7991,20.8476,0.0265,64.174,2019-12-01,False
Japan,2020,489482.5,1989349.5,920275.0,2478832.0,1679852.5,6516319.5,8196172.0,20.4956,19.7432,19.7465,-0.3248,43.1676,2020-12-01,False
Japan,2021,557468.0,1842394.0,1027104.0,2399862.0,2237320.5,8358713.5,10596034.0,21.1147,23.4536,23.2292,0.6191,70.7687,2021-12-01,False
Japan,2022,613902.5,1609400.5,1089077.0,2223303.0,2851223.0,9968114.0,12819337.0,22.2416,27.6316,27.6122,1.1269,98.8268,2022-12-01,False
Japan,2023,826201.0,1825196.0,1460134.0,2651397.0,3677424.0,11793310.0,15470734.0,23.7702,31.1926,31.161,1.5286,82.2337,2023-12-01,False
Japan,2024,848581.0,1674524.0,1542784.0,2523105.0,4526005.0,13467834.0,17993839.0,25.1531,33.6161,33.6324,1.3829,79.7926,2024-12-01,False
Japan,2025,846080.5,1687442.5,1530019.0,2533523.0,5372085.5,15155276.5,20527362.0,26.1704,33.4112,33.3954,1.0173,68.1728,2025-12-01,False
Japan,2026,567991.0,1010245.0,961974.0,1578236.0,5940076.5,16165521.5,22105598.0,26.8714,35.8574,35.1001,1.0805,87.0656,2026-07-01,False
Latvia,2022,3536.5,13217.5,4347.0,16754.0,3536.5,13217.5,16754.0,21.1084,21.0057,21.1084,,98.8268,2022-12-01,False
Latvia,2023,4730.5,13948.5,5271.0,18679.0,8267.0,27166.0,35433.0,23.3314,25.3852,25.3252,2.223,82.2337,2023-12-01,False
Latvia,2024,2024.0,15107.0,0.0,17131.0,10291.0,42273.0,52564.0,19.578,11.8428,11.8148,-3.7533,79.7926,2024-12-01,False
Latvia,2025,4355.0,18201.0,0.0,22556.0,14646.0,60474.0,75120.0,19.4968,19.1714,19.3075,-0.0812,68.1728,2025-12-01,False
Latvia,2026,2053.0,9293.0,0.0,11346.0,16699.0,69767.0,86466.0,19.3128,17.6479,19.633,0.1134,87.4911,2026-06-01,False
Lithuania,2022,6224.5,19271.5,9749.0,25496.0,6224.5,19271.5,25496.0,24.4136,24.6776,24.4136,,98.8268,2022-12-01,False
Lithuania,2023,8487.0,19114.0,10874.0,27601.0,14711.5,38385.5,53097.0,27.7068,30.9285,30.7489,3.2932,82.2337,2023-12-01,False
Lithuania,2024,10409.5,19712.5,13891.0,30122.0,25121.0,58098.0,83219.0,30.1866,34.5507,34.5578,2.4798,79.7926,2024-12-01,False
Lithuania,2025,17399.5,24572.5,19603.0,41972.0,42520.5,82670.5,125191.0,33.9645,41.5203,41.455,3.7779,68.1728,2025-12-01,False
Lithuania,2026,11092.0,13019.0,12652.0,24111.0,53612.5,95689.5,149302.0,35.9088,45.9973,45.0002,3.9589,87.4911,2026-06-01,False
Luxembourg,2010,123.5,49602.5,245.0,49726.0,123.5,49602.5,49726.0,0.2484,0.266,0.2484,,80.2347,2010-12-01,False
Luxembourg,2011,188.5,49692.5,273.0,49881.0,312.0,99295.0,99607.0,0.3132,0.3819,0.3779,0.0649,110.9756,2011-12-01,False
Luxembourg,2012,373.0,50025.0,550.0,50398.0,685.0,149320.0,150005.0,0.4567,0.7839,0.7401,0.1434,111.7008,2012-12-01,False
Luxembourg,2013,342.0,46282.0,346.0,46624.0,1027.0,195602.0,196629.0,0.5223,0.7491,0.7335,0.0657,108.7664,2013-12-01,False
Luxembourg,2014,590.5,49202.5,445.0,49793.0,1617.5,244804.5,246422.0,0.6564,1.224,1.1859,0.1341,99.4725,2014-12-01,False
Luxembourg,2015,332.0,46141.0,468.0,46473.0,1949.5,290945.5,292895.0,0.6656,0.7294,0.7144,0.0092,53.5526,2015-12-01,False
Luxembourg,2016,594.0,49967.0,682.0,50561.0,2543.5,340912.5,343456.0,0.7406,1.1983,1.1748,0.075,45.0342,2016-12-01,False
Luxembourg,2017,1504.5,51270.5,863.0,52775.0,4048.0,392183.0,396231.0,1.0216,2.8803,2.8508,0.2811,54.82,2017-12-01,False
Luxembourg,2018,1685.5,51125.5,1085.0,52811.0,5733.5,443308.5,449042.0,1.2768,3.2713,3.1916,0.2552,71.5553,2018-12-01,False
Luxembourg,2019,3021.5,51986.5,2245.0,55008.0,8755.0,495295.0,504050.0,1.7369,5.6753,5.4928,0.4601,64.174,2019-12-01,False
Luxembourg,2020,7056.5,38132.5,3797.0,45189.0,15811.5,533427.5,549239.0,2.8788,15.8149,15.6155,1.1419,43.1676,2020-12-01,False
Luxembourg,2021,12705.0,31667.0,7224.0,44372.0,28516.5,565094.5,593611.0,4.8039,29.1832,28.6329,1.9251,70.7687,2021-12-01,False
Luxembourg,2022,14259.0,27835.0,8028.0,42094.0,42775.5,592929.5,635705.0,6.7288,33.8474,33.8742,1.9249,98.8268,2022-12-01,False
Luxembourg,2023,20591.0,28564.0,9474.0,49155.0,63366.5,621493.5,684860.0,9.2525,42.075,41.8899,2.5236,82.2337,2023-12-01,False
Luxembourg,2024,21805.0,24830.0,10416.0,46635.0,85171.5,646323.5,731495.0,11.6435,46.9486,46.7567,2.391,79.7926,2024-12-01,False
Luxembourg,2025,23291.0,23870.0,13818.0,47161.0,108462.5,670193.5,778656.0,13.9295,49.5122,49.3861,2.286,68.1728,2025-12-01,False
Luxembourg,2026,16025.0,14838.0,10104.0,30863.0,124487.5,685031.5,809519.0,15.378,51.9236,51.6789,2.3006,87.0656,2026-07-01,False
Malaysia,2000,0.0,337776.0,0.0,337776.0,0.0,337776.0,337776.0,0.0,0.0,0.0,,,2000-12-01,False
Malaysia,2001,0.0,392203.0,0.0,392203.0,0.0,729979.0,729979.0,0.0,0.0,0.0,0.0,,2001-12-01,False
Malaysia,2002,0.0,432615.0,0.0,432615.0,0.0,1162594.0,1162594.0,0.0,0.0,0.0,0.0,,2002-12-01,False
Malaysia,2003,0.0,414999.0,0.0,414999.0,0.0,1577593.0,1577593.0,0.0,0.0,0.0,0.0,,2003-12-01,False
Malaysia,2004,0.5,465183.5,1.0,465184.0,0.5,2042776.5,2042777.0,0.0,0.0001,0.0001,0.0,,2004-12-01,False
Malaysia,2005,0.0,541351.0,0.0,541351.0,0.5,2584127.5,2584128.0,0.0,0.0,0.0,-0.0,,2005-12-01,False
Malaysia,2006,0.0,458819.0,0.0,458819.0,0.5,3042946.5,3042947.0,0.0,0.0,0.0,-0.0,,2006-12-01,False
Malaysia,2007,0.0,464433.0,0.0,464433.0,0.5,3507379.5,3507380.0,0.0,0.0,0.0,-0.0,,2007-12-01,False
Malaysia,2008,0.0,535593.0,0.0,535593.0,0.5,4042972.5,4042973.0,0.0,0.0,0.0,-0.0,,2008-12-01,False
Malaysia,2009,2.0,522447.0,2.0,522449.0,2.5,4565419.5,4565422.0,0.0001,0.0004,0.0004,0.0,,2009-12-01,False
Malaysia,2010,1.0,588988.0,2.0,588989.0,3.5,5154407.5,5154411.0,0.0001,0.0001,0.0002,0.0,80.2347,2010-12-01,False
Malaysia,2011,196.5,589112.5,381.0,589309.0,200.0,5743520.0,5743720.0,0.0035,0.0347,0.0333,0.0034,110.9756,2011-12-01,False
Malaysia,2012,6398.0,606568.0,12746.0,612966.0,6598.0,6350088.0,6356686.0,0.1038,1.0223,1.0438,0.1003,111.7008,2012-12-01,False
Malaysia,2013,7421.5,633274.5,14809.0,640696.0,14019.5,6983362.5,6997382.0,0.2004,1.1478,1.1583,0.0966,108.7664,2013-12-01,False
Malaysia,2014,2672.5,647884.5,5291.0,650557.0,16692.0,7631247.0,7647939.0,0.2183,0.4123,0.4108,0.0179,99.4725,2014-12-01,False
Malaysia,2015,3551.5,650546.5,6993.0,654098.0,20243.5,8281793.5,8302037.0,0.2438,0.5517,0.543,0.0256,53.5526,2015-12-01,False
Malaysia,2016,1625.0,563227.0,3168.0,564852.0,21868.5,8845020.5,8866889.0,0.2466,0.2906,0.2877,0.0028,45.0342,2016-12-01,False
Malaysia,2017,3231.0,553355.0,6412.0,556586.0,25099.5,9398375.5,9423475.0,0.2664,0.5831,0.5805,0.0197,54.82,2017-12-01,False
Malaysia,2018,3426.0,575750.0,6832.0,579176.0,28525.5,9974125.5,10002651.0,0.2852,0.5375,0.5915,0.0188,71.5553,2018-12-01,False
Malaysia,2019,3022.5,585382.5,5957.0,588405.0,31548.0,10559508.0,10591056.0,0.2979,0.511,0.5137,0.0127,64.174,2019-12-01,False
Malaysia,2020,1033.0,530815.0,1924.0,531848.0,32581.0,11090323.0,11122904.0,0.2929,0.2287,0.1942,-0.005,43.1676,2020-12-01,False
Malaysia,2021,1620.5,508199.5,2727.0,509820.0,34201.5,11598522.5,11632724.0,0.294,0.3415,0.3179,0.0011,70.7687,2021-12-01,False
Malaysia,2022,10807.5,703043.5,15371.0,713851.0,45009.0,12301566.0,12346575.0,0.3645,1.4456,1.514,0.0705,98.8268,2022-12-01,False
Malaysia,2023,24392.0,774506.0,22210.0,798898.0,69401.0,13076072.0,13145473.0,0.5279,2.9795,3.0532,0.1634,82.2337,2023-12-01,False
Malaysia,2024,33917.5,791002.5,24509.0,824920.0,103318.5,13867074.5,13970393.0,0.7396,4.0981,4.1116,0.2116,79.7926,2024-12-01,False
Malaysia,2025,57664.0,777813.0,31088.0,835477.0,160982.5,14644887.5,14805870.0,1.0873,6.7685,6.9019,0.3477,68.1728,2025-12-01,False
Malaysia,2026,51359.5,417351.5,27079.0,468711.0,212342.0,15062239.0,15274581.0,1.3902,10.8582,9.6535,0.488,87.0656,2026-07-01,False
Malta,2022,2793.0,3616.0,1150.0,6409.0,2793.0,3616.0,6409.0,43.5793,44.0422,43.5793,,98.8268,2022-12-01,False
Malta,2023,3285.5,4139.5,1677.0,7425.0,6078.5,7755.5,13834.0,43.9388,45.3448,44.2492,0.3595,82.2337,2023-12-01,False
Malta,2024,4106.0,3557.0,1410.0,7663.0,10184.5,11312.5,21497.0,47.3764,54.5034,53.5821,3.4375,79.7926,2024-12-01,False
Malta,2025,2972.5,3288.5,1619.0,6261.0,13157.0,14601.0,27758.0,47.3989,47.3615,47.4764,0.0226,68.1728,2025-12-01,False
Malta,2026,1840.5,1831.5,1141.0,3672.0,14997.5,16432.5,31430.0,47.7171,49.1468,48.8903,0.3352,87.4911,2026-06-01,False
Mexico,2005,0.0,1131768.0,0.0,1131768.0,0.0,1131768.0,1131768.0,0.0,0.0,0.0,,,2005-12-01,False
Mexico,2006,0.0,1139736.0,0.0,1139736.0,0.0,2271504.0,2271504.0,0.0,0.0,0.0,0.0,,2006-12-01,False
Mexico,2007,0.0,1099890.0,0.0,1099890.0,0.0,3371394.0,3371394.0,0.0,0.0,0.0,0.0,,2007-12-01,False
Mexico,2008,0.0,1025544.0,0.0,1025544.0,0.0,4396938.0,4396938.0,0.0,0.0,0.0,0.0,,2008-12-01,False
Mexico,2009,0.0,754925.0,0.0,754925.0,0.0,5151863.0,5151863.0,0.0,0.0,0.0,0.0,,2009-12-01,False
Mexico,2010,0.0,820413.0,0.0,820413.0,0.0,5972276.0,5972276.0,0.0,0.0,0.0,0.0,80.2347,2010-12-01,False
Mexico,2011,0.0,905893.0,0.0,905893.0,0.0,6878169.0,6878169.0,0.0,0.0,0.0,0.0,110.9756,2011-12-01,False
Mexico,2012,0.0,988042.0,0.0,988042.0,0.0,7866211.0,7866211.0,0.0,0.0,0.0,0.0,111.7008,2012-12-01,False
Mexico,2013,0.0,1065098.0,0.0,1065098.0,0.0,8931309.0,8931309.0,0.0,0.0,0.0,0.0,108.7664,2013-12-01,False
Mexico,2014,0.0,1136965.0,0.0,1136965.0,0.0,10068274.0,10068274.0,0.0,0.0,0.0,0.0,99.4725,2014-12-01,False
Mexico,2015,0.0,1354444.0,0.0,1354444.0,0.0,11422718.0,11422718.0,0.0,0.0,0.0,0.0,53.5526,2015-12-01,False
Mexico,2016,4520.0,1602645.0,7490.0,1607165.0,4520.0,13025363.0,13029883.0,0.0347,0.2731,0.2812,0.0347,45.0342,2016-12-01,False
Mexico,2017,5879.5,1529063.5,9349.0,1534943.0,10399.5,14554426.5,14564826.0,0.0714,0.3811,0.383,0.0367,54.82,2017-12-01,False
Mexico,2018,9892.0,1417194.0,16022.0,1427086.0,20291.5,15971620.5,15991912.0,0.1269,0.6896,0.6932,0.0555,71.5553,2018-12-01,False
Mexico,2019,13639.0,1304292.0,23938.0,1317931.0,33930.5,17275912.5,17309843.0,0.196,1.0257,1.0349,0.0691,64.174,2019-12-01,False
Mexico,2020,13420.0,936643.0,21970.0,950063.0,47350.5,18212555.5,18259906.0,0.2593,1.4261,1.4125,0.0633,43.1676,2020-12-01,False
Mexico,2021,25855.5,988879.5,42447.0,1014735.0,73206.0,19201435.0,19274641.0,0.3798,2.5556,2.548,0.1205,70.7687,2021-12-01,False
Mexico,2022,30635.5,1064092.5,40859.0,1094728.0,103841.5,20265527.5,20369369.0,0.5098,2.7771,2.7985,0.13,98.8268,2022-12-01,False
Mexico,2023,47134.0,1316580.0,54368.0,1363714.0,150975.5,21582107.5,21733083.0,0.6947,3.3986,3.4563,0.1849,82.2337,2023-12-01,False
Mexico,2024,78297.0,1426025.0,92026.0,1504322.0,229272.5,23008132.5,23237405.0,0.9867,5.1826,5.2048,0.292,79.7926,2024-12-01,False
Mexico,2025,90665.5,1433969.5,112117.0,1524635.0,319938.0,24442102.0,24762040.0,1.2921,5.9137,5.9467,0.3054,68.1728,2025-12-01,False
Mexico,2026,73807.0,811546.0,77012.0,885353.0,393745.0,25253648.0,25647393.0,1.5352,8.3362,7.5167,0.3893,87.0656,2026-07-01,False
Nepal,2020,104.5,6757.5,1.0,6862.0,104.5,6757.5,6862.0,1.5229,1.9578,1.5229,,44.2766,2020-12-01,False
Nepal,2021,2131.0,17185.0,2.0,19316.0,2235.5,23942.5,26178.0,8.5396,9.3356,11.0323,7.0167,70.7687,2021-12-01,False
Nepal,2022,3823.0,6948.0,0.0,10771.0,6058.5,30890.5,36949.0,16.3969,37.4554,35.4935,7.8573,98.8268,2022-12-01,False
Nepal,2023,11419.0,3971.0,16.0,15390.0,17477.5,34861.5,52339.0,33.3929,64.0013,74.1975,16.996,82.2337,2023-12-01,False
Nepal,2024,17868.5,4011.48,19.0,21879.98,35346.0,38872.98,74218.98,47.6239,73.9119,81.666,14.2311,79.7926,2024-12-01,False
Nepal,2025,17681.0,5675.25,14.0,23356.25,53027.0,44548.23,97575.23,54.3447,66.2413,75.7014,6.7208,68.1728,2025-12-01,False
Nepal,2026,7103.5,2082.5,9.0,9186.0,60130.5,46630.73,106761.23,56.3224,73.565,74.1807,4.5003,87.4911,2026-06-01,False
Nepal Comtrade,2017,404.877,25686.303,166.0,26091.18,404.877,25686.303,26091.18,1.5518,1.7521,1.5518,,54.82,2017-12-01,False
Nepal Comtrade,2018,1081.2905,35083.3476,119.0,36164.638,1486.1675,60769.6505,62255.818,2.3872,3.1915,2.9899,0.8354,71.5553,2018-12-01,False
Nepal Comtrade,2019,2249.967,24468.634,32.0,26718.601,3736.1345,85238.2845,88974.419,4.1991,8.9823,8.421,1.8119,64.174,2019-12-01,False
Nepal Comtrade,2020,1525.376,11412.225,10.0,12937.601,5261.5105,96650.5095,101912.02,5.1628,13.2364,11.7903,0.9637,43.1676,2020-12-01,False
Nepal Comtrade,2021,4648.927,22577.388,133.456,27226.315,9910.4375,119227.8975,129138.335,7.6743,15.7879,17.0751,2.5115,70.7687,2021-12-01,False
Nepal Comtrade,2022,4897.78,10231.659,117.304,15129.439,14808.2175,129459.5565,144267.774,10.2644,39.5522,32.3725,2.5901,98.8268,2022-12-01,False
Nepal Comtrade,2023,11150.312,8024.065,35.0,19174.377,25958.5295,137483.6215,163442.151,15.8824,56.247,58.1521,5.618,82.2337,2023-12-01,False
Nepal Comtrade,2024,20532.587,8927.95,33.954,29460.537,46491.1165,146411.5715,192902.688,24.1008,67.0066,69.6952,8.2184,79.7926,2024-12-01,False
Netherlands,2018,27730.0,414356.0,0.0,442086.0,27730.0,414356.0,442086.0,6.2725,7.5261,6.2725,,71.5553,2018-12-01,False
Netherlands,2019,66187.0,376162.0,0.0,442349.0,93917.0,790518.0,884435.0,10.6189,14.457,14.9626,4.3463,64.174,2019-12-01,False
Netherlands,2020,87192.0,264766.0,0.0,351958.0,181109.0,1055284.0,1236393.0,14.6482,22.8035,24.7734,4.0293,43.1676,2020-12-01,False
Netherlands,2021,93042.0,221700.0,0.0,314742.0,274151.0,1276984.0,1551135.0,17.6742,28.6856,29.5614,3.026,70.7687,2021-12-01,False
Netherlands,2022,104804.0,199448.0,0.0,304252.0,378955.0,1476432.0,1855387.0,20.4246,34.3188,34.4464,2.7504,98.8268,2022-12-01,False
Netherlands,2023,157174.0,205062.0,0.0,362236.0,536129.0,1681494.0,2217623.0,24.1758,43.3387,43.3899,3.7513,82.2337,2023-12-01,False
Netherlands,2024,182180.0,194038.0,0.0,376218.0,718309.0,1875532.0,2593841.0,27.6929,48.2556,48.4241,3.517,79.7926,2024-12-01,False
Netherlands,2025,226346.0,155554.0,0.0,381900.0,944655.0,2031086.0,2975741.0,31.7452,58.3881,59.2684,4.0523,68.1728,2025-12-01,False
Netherlands,2026,103529.1796,68413.3051,0.0,171942.4848,1048184.1796,2099499.3051,3147683.4848,33.3002,59.6849,61.709,3.8265,87.4911,2026-06-01,False
Netherlands including used,2018,30225.0,613638.0,0.0,643863.0,30225.0,613638.0,643863.0,4.6943,5.1973,4.6943,,71.5553,2018-12-01,False
Netherlands including used,2019,69593.0,583994.0,0.0,653587.0,99818.0,1197632.0,1297450.0,7.6934,10.4194,10.6479,2.9991,64.174,2019-12-01,False
Netherlands including used,2020,93720.0,483216.0,0.0,576936.0,193538.0,1680848.0,1874386.0,10.3254,15.075,16.2444,2.632,43.1676,2020-12-01,False
Netherlands including used,2021,111570.0,477925.0,0.0,589495.0,305108.0,2158773.0,2463881.0,12.3832,18.5071,18.9264,2.0578,70.7687,2021-12-01,False
Netherlands including used,2022,141267.0,394764.0,0.0,536031.0,446375.0,2553537.0,2999912.0,14.8796,26.3472,26.3543,2.4964,98.8268,2022-12-01,False
Netherlands including used,2023,210751.0,388834.0,0.0,599585.0,657126.0,2942371.0,3599497.0,18.2561,35.1219,35.1495,3.3764,82.2337,2023-12-01,False
Netherlands including used,2024,263795.0,382440.0,0.0,646235.0,920921.0,3324811.0,4245732.0,21.6905,40.7184,40.8203,3.4345,79.7926,2024-12-01,False
Netherlands including used,2025,328487.0,345033.0,0.0,673520.0,1249408.0,3669844.0,4919252.0,25.3983,48.3365,48.7717,3.7078,68.1728,2025-12-01,False
Netherlands including used,2026,171566.7252,171782.1473,0.0,343348.8726,1420974.7252,3841626.1473,5262600.8726,27.0014,49.8808,50.8151,3.6035,87.4911,2026-06-01,False
New Zealand,2016,3294.0,248282.0,4282.0,251576.0,3294.0,248282.0,251576.0,1.3093,1.3008,1.3093,,45.0342,2016-12-01,False
New Zealand,2017,6592.5,267094.5,6313.0,273687.0,9886.5,515376.5,525263.0,1.8822,2.3968,2.4088,0.5729,54.82,2017-12-01,False
New Zealand,2018,10485.0,244832.0,9912.0,255317.0,20371.5,760208.5,780580.0,2.6098,4.1039,4.1067,0.7276,71.5553,2018-12-01,False
New Zealand,2019,16431.0,227968.0,18834.0,244399.0,36802.5,988176.5,1024979.0,3.5906,6.7078,6.723,0.9808,64.174,2019-12-01,False
New Zealand,2020,17918.0,175728.0,24972.0,193646.0,54720.5,1163904.5,1218625.0,4.4903,9.0691,9.253,0.8998,43.1676,2020-12-01,False
New Zealand,2021,32440.5,201312.5,38775.0,233753.0,87161.0,1365217.0,1452378.0,6.0013,13.924,13.8781,1.5109,70.7687,2021-12-01,False
New Zealand,2022,54867.0,172206.0,52318.0,227073.0,142028.0,1537423.0,1679451.0,8.4568,25.433,24.1627,2.4555,98.8268,2022-12-01,False
New Zealand,2023,82231.5,143144.5,88859.0,225376.0,224259.5,1680567.5,1904827.0,11.7732,36.4921,36.4864,3.3164,82.2337,2023-12-01,False
New Zealand,2024,49771.0,135454.0,75696.0,185225.0,274030.5,1816021.5,2090052.0,13.1112,26.9247,26.8706,1.338,79.7926,2024-12-01,False
New Zealand,2025,54437.5,128610.5,80415.0,183048.0,328468.0,1944632.0,2273100.0,14.4502,29.7362,29.7395,1.339,68.1728,2025-12-01,False
New Zealand,2026,36136.5,59496.5,39495.0,95633.0,364604.5,2004128.5,2368733.0,15.3924,37.517,34.1706,1.6576,87.4911,2026-06-01,False
Norway,1960,0.0,1506.0,0.0,1506.0,0.0,1506.0,1506.0,0.0,0.0,0.0,,,1960-12-01,False
Norway,1961,0.0,2691.0,0.0,2691.0,0.0,4197.0,4197.0,0.0,0.0,0.0,0.0,,1961-12-01,False
Norway,1962,0.0,3080.0,0.0,3080.0,0.0,7277.0,7277.0,0.0,0.0,0.0,0.0,,1962-12-01,False
Norway,1963,0.0,3997.0,0.0,3997.0,0.0,11274.0,11274.0,0.0,0.0,0.0,0.0,,1963-12-01,False
Norway,1964,0.0,5937.0,0.0,5937.0,0.0,17211.0,17211.0,0.0,0.0,0.0,0.0,,1964-12-01,False
Norway,1965,0.0,7820.0,0.0,7820.0,0.0,25031.0,25031.0,0.0,0.0,0.0,0.0,,1965-12-01,False
Norway,1966,0.0,11118.0,0.0,11118.0,0.0,36149.0,36149.0,0.0,0.0,0.0,0.0,,1966-12-01,False
Norway,1967,0.0,16548.0,0.0,16548.0,0.0,52697.0,52697.0,0.0,0.0,0.0,0.0,,1967-12-01,False
Norway,1968,0.0,20920.0,0.0,20920.0,0.0,73617.0,73617.0,0.0,0.0,0.0,0.0,,1968-12-01,False
Norway,1969,0.0,37955.0,0.0,37955.0,0.0,111572.0,111572.0,0.0,0.0,0.0,0.0,,1969-12-01,False
Norway,1970,0.0,29233.0,0.0,29233.0,0.0,140805.0,140805.0,0.0,0.0,0.0,0.0,,1970-12-01,False
Norway,1971,0.0,42645.0,0.0,42645.0,0.0,183450.0,183450.0,0.0,0.0,0.0,0.0,,1971-12-01,False
Norway,1972,0.0,46979.0,0.0,46979.0,0.0,230429.0,230429.0,0.0,0.0,0.0,0.0,,1972-12-01,False
Norway,1973,0.0,56618.0,0.0,56618.0,0.0,287047.0,287047.0,0.0,0.0,0.0,0.0,,1973-12-01,False
Norway,1974,1.0,63465.0,0.0,63466.0,1.0,350512.0,350513.0,0.0003,0.0018,0.0016,0.0003,,1974-12-01,False
Norway,1975,0.0,82359.0,0.0,82359.0,1.0,432871.0,432872.0,0.0002,0.0,0.0,-0.0001,,1975-12-01,False
Norway,1976,0.0,111743.0,0.0,111743.0,1.0,544614.0,544615.0,0.0002,0.0,0.0,-0.0,,1976-12-01,False
Norway,1977,0.0,137495.0,0.0,137495.0,1.0,682109.0,682110.0,0.0001,0.0,0.0,-0.0,,1977-12-01,False
Norway,1978,0.0,78256.0,0.0,78256.0,1.0,760365.0,760366.0,0.0001,0.0,0.0,-0.0,,1978-12-01,False
Norway,1979,0.0,93452.0,0.0,93452.0,1.0,853817.0,853818.0,0.0001,0.0,0.0,-0.0,,1979-12-01,False
Norway,1980,0.0,97028.0,0.0,97028.0,1.0,950845.0,950846.0,0.0001,0.0,0.0,-0.0,,1980-12-01,False
Norway,1981,0.0,107999.0,0.0,107999.0,1.0,1058844.0,1058845.0,0.0001,0.0,0.0,-0.0,,1981-12-01,False
Norway,1982,0.0,119515.0,0.0,119515.0,1.0,1178359.0,1178360.0,0.0001,0.0,0.0,-0.0,,1982-12-01,False
Norway,1983,0.0,115563.0,0.0,115563.0,1.0,1293922.0,1293923.0,0.0001,0.0,0.0,-0.0,,1983-12-01,False
Norway,1984,1.0,114288.0,0.0,114289.0,2.0,1408210.0,1408212.0,0.0001,0.0009,0.0009,0.0001,,1984-12-01,False
Norway,1985,1.0,172618.0,0.0,172619.0,3.0,1580828.0,1580831.0,0.0002,0.0006,0.0006,0.0,,1985-12-01,False
Norway,1986,1.0,175445.0,0.0,175446.0,4.0,1756273.0,1756277.0,0.0002,0.0006,0.0006,0.0,,1986-12-01,False
Norway,1987,0.0,120743.0,0.0,120743.0,4.0,1877016.0,1877020.0,0.0002,0.0,0.0,-0.0,,1987-12-01,False
Norway,1988,0.0,72503.0,0.0,72503.0,4.0,1949519.0,1949523.0,0.0002,0.0,0.0,-0.0,,1988-12-01,False
Norway,1989,0.0,58654.0,0.0,58654.0,4.0,2008173.0,2008177.0,0.0002,0.0,0.0,-0.0,,1989-12-01,False
Norway,1990,2.0,66549.0,0.0,66551.0,6.0,2074722.0,2074728.0,0.0003,0.0027,0.003,0.0001,,1990-12-01,False
Norway,1991,0.0,57775.0,0.0,57775.0,6.0,2132497.0,2132503.0,0.0003,0.0,0.0,-0.0,,1991-12-01,False
Norway,1992,42.0,66381.0,0.0,66423.0,48.0,2198878.0,2198926.0,0.0022,0.0626,0.0632,0.0019,,1992-12-01,False
Norway,1993,13.0,69167.0,0.0,69180.0,61.0,2268045.0,2268106.0,0.0027,0.0184,0.0188,0.0005,,1993-12-01,False
Norway,1994,20.0,93997.0,0.0,94017.0,81.0,2362042.0,2362123.0,0.0034,0.0245,0.0213,0.0007,,1994-12-01,False
Norway,1995,7.0,102076.0,0.0,102083.0,88.0,2464118.0,2464206.0,0.0036,0.0062,0.0069,0.0001,,1995-12-01,False
Norway,1996,48.0,136051.0,0.0,136099.0,136.0,2600169.0,2600305.0,0.0052,0.0326,0.0353,0.0017,,1996-12-01,False
Norway,1997,25.0,137882.0,0.0,137907.0,161.0,2738051.0,2738212.0,0.0059,0.0179,0.0181,0.0006,,1997-12-01,False
Norway,1998,40.0,126994.0,0.0,127034.0,201.0,2865045.0,2865246.0,0.007,0.0284,0.0315,0.0011,,1998-12-01,False
Norway,1999,84.0,110202.0,0.0,110286.0,285.0,2975247.0,2975532.0,0.0096,0.0741,0.0762,0.0026,,1999-12-01,False
Norway,2000,190.0,107893.0,0.0,108083.0,475.0,3083140.0,3083615.0,0.0154,0.1738,0.1758,0.0058,,2000-12-01,False
Norway,2001,141.0,103119.0,0.0,103260.0,616.0,3186259.0,3186875.0,0.0193,0.1326,0.1365,0.0039,,2001-12-01,False
Norway,2002,189.0,95098.0,0.0,95287.0,805.0,3281357.0,3282162.0,0.0245,0.2009,0.1983,0.0052,,2002-12-01,False
Norway,2003,31.0,97834.0,0.0,97865.0,836.0,3379191.0,3380027.0,0.0247,0.0311,0.0317,0.0002,,2003-12-01,False
Norway,2004,32.0,125297.0,0.0,125329.0,868.0,3504488.0,3505356.0,0.0248,0.0258,0.0255,0.0,,2004-12-01,False
Norway,2005,5.0,119299.0,0.0,119304.0,873.0,3623787.0,3624660.0,0.0241,0.0045,0.0042,-0.0007,,2005-12-01,False
Norway,2006,13.0,120808.0,0.0,120821.0,886.0,3744595.0,3745481.0,0.0237,0.0101,0.0108,-0.0004,,2006-12-01,False
Norway,2007,5.5,137843.5,1.0,137849.0,891.5,3882438.5,3883330.0,0.023,0.004,0.004,-0.0007,,2007-12-01,False
Norway,2008,166.0,116675.0,2.0,116841.0,1057.5,3999113.5,4000171.0,0.0264,0.1575,0.1421,0.0035,,2008-12-01,False
Norway,2009,111.0,102099.0,2.0,102210.0,1168.5,4101212.5,4102381.0,0.0285,0.1163,0.1086,0.002,,2009-12-01,False
Norway,2010,410.5,131568.5,145.0,131979.0,1579.0,4232781.0,4234360.0,0.0373,0.3069,0.311,0.0088,80.2347,2010-12-01,False
Norway,2011,2604.5,140387.5,1451.0,142992.0,4183.5,4373168.5,4377352.0,0.0956,1.7997,1.8214,0.0583,110.9756,2011-12-01,False
Norway,2012,6331.5,135721.5,4519.0,142053.0,10515.0,4508890.0,4519405.0,0.2327,4.4611,4.4571,0.1371,111.7008,2012-12-01,False
Norway,2013,12501.0,132837.0,9164.0,145338.0,23016.0,4641727.0,4664743.0,0.4934,8.6117,8.6013,0.2607,108.7664,2013-12-01,False
Norway,2014,24208.5,121015.5,9957.0,145224.0,47224.5,4762742.5,4809967.0,0.9818,16.5953,16.6698,0.4884,99.4725,2014-12-01,False
Norway,2015,38738.0,113105.0,10714.0,151843.0,85962.5,4875847.5,4961810.0,1.7325,25.4117,25.5119,0.7507,53.5526,2015-12-01,False
Norway,2016,53372.0,103314.0,17446.0,156686.0,139334.5,4979161.5,5118496.0,2.7222,33.961,34.063,0.9897,45.0342,2016-12-01,False
Norway,2017,72209.0,89118.0,20514.0,161327.0,211543.5,5068279.5,5279823.0,4.0066,44.4801,44.7594,1.2845,54.82,2017-12-01,False
Norway,2018,80822.5,70688.5,16649.0,151511.0,292366.0,5138968.0,5431334.0,5.383,53.2539,53.3443,1.3763,71.5553,2018-12-01,False
Norway,2019,89009.0,56554.0,19194.0,145563.0,381375.0,5195522.0,5576897.0,6.8385,60.5977,61.1481,1.4555,64.174,2019-12-01,False
Norway,2020,113536.0,31188.0,15898.0,144724.0,494911.0,5226710.0,5721621.0,8.6498,76.7911,78.45,1.8114,43.1676,2020-12-01,False
Norway,2021,158959.5,20350.5,14331.0,179310.0,653870.5,5247060.5,5900931.0,11.0808,88.2353,88.6507,2.431,70.7687,2021-12-01,False
Norway,2022,160706.0,15619.0,12886.0,176325.0,814576.5,5262679.5,6077256.0,13.4037,90.2486,91.1419,2.3229,98.8268,2022-12-01,False
Norway,2023,119013.5,9643.5,8529.0,128657.0,933590.0,5272323.0,6205913.0,15.0436,91.7454,92.5045,1.6399,82.2337,2023-12-01,False
Norway,2024,121734.5,8569.5,7719.0,130304.0,1055324.5,5280892.5,6336217.0,16.6554,93.5181,93.4235,1.6119,79.7926,2024-12-01,False
Norway,2025,176151.0,3431.0,2340.0,179582.0,1231475.5,5284323.5,6515799.0,18.8998,97.9144,98.0895,2.2444,68.1728,2025-12-01,False
Norway,2026,81864.0,1141.0,578.0,83005.0,1313339.5,5285464.5,6598804.0,19.9027,98.2103,98.7173,2.1783,87.0656,2026-07-01,False
Peru,2019,196.5,168450.5,339.0,168647.0,196.5,168450.5,168647.0,0.1165,0.1161,0.1165,,64.174,2019-12-01,False
Peru,2020,307.0,124783.0,542.0,125090.0,503.5,293233.5,293737.0,0.1714,0.2376,0.2454,0.0549,43.1676,2020-12-01,False
Peru,2021,773.0,173978.0,1364.0,174751.0,1276.5,467211.5,468488.0,0.2725,0.4319,0.4423,0.1011,70.7687,2021-12-01,False
Peru,2022,1478.0,176065.0,2404.0,177543.0,2754.5,643276.5,646031.0,0.4264,0.8317,0.8325,0.1539,98.8268,2022-12-01,False
Peru,2023,2522.0,179290.0,3944.0,181812.0,5276.5,822566.5,827843.0,0.6374,1.4043,1.3871,0.211,82.2337,2023-12-01,False
Peru,2024,3673.0,165636.0,5946.0,169309.0,8949.5,988202.5,997152.0,0.8975,2.1877,2.1694,0.2601,79.7926,2024-12-01,False
Peru,2025,5815.0,205961.0,8848.0,211776.0,14764.5,1194163.5,1208928.0,1.2213,2.735,2.7458,0.3238,68.1728,2025-12-01,False
Peru,2026,4808.5,135912.5,6953.0,140721.0,19573.0,1330076.0,1349649.0,1.4502,3.4119,3.2192,0.407,87.4911,2026-06-01,False
Poland,2018,12516.0,524331.0,22400.0,536847.0,12516.0,524331.0,536847.0,2.3314,2.3563,2.3314,,71.5553,2018-12-01,False
Poland,2019,19773.0,535825.0,34400.0,555598.0,32289.0,1060156.0,1092445.0,2.9557,3.577,3.5589,0.6243,64.174,2019-12-01,False
Poland,2020,38492.0,389855.0,61000.0,428347.0,70781.0,1450011.0,1520792.0,4.6542,8.9193,8.9862,1.6986,43.1676,2020-12-01,False
Poland,2021,76446.0,371191.0,120152.0,447637.0,147227.0,1821202.0,1968429.0,7.4794,17.1738,17.0777,2.8252,70.7687,2021-12-01,False
Poland,2022,88117.5,331631.5,134279.0,419749.0,235344.5,2152833.5,2388178.0,9.8546,20.9297,20.9929,2.3751,98.8268,2022-12-01,False
Poland,2023,122157.0,352737.0,184038.0,474894.0,357501.5,2505570.5,2863072.0,12.4866,25.6858,25.723,2.6321,82.2337,2023-12-01,False
Poland,2024,153635.0,397929.0,245662.0,551564.0,511136.5,2903499.5,3414636.0,14.969,27.9013,27.8544,2.4823,79.7926,2024-12-01,False
Poland,2025,214076.5,383350.5,273713.0,597427.0,725213.0,3286850.0,4012063.0,18.0758,35.6855,35.8331,3.1068,68.1728,2025-12-01,False
Poland,2026,120532.5,191500.5,154745.0,312033.0,845745.5,3478350.5,4324096.0,19.5589,38.5937,38.0598,3.121,87.4911,2026-06-01,False
Portugal,2019,17446.5,207913.5,9485.0,225360.0,17446.5,207913.5,225360.0,7.7416,8.0137,7.7416,,64.174,2019-12-01,False
Portugal,2020,25707.0,120559.0,11968.0,146266.0,43153.5,328472.5,371626.0,11.6121,18.2623,17.5755,3.8705,43.1676,2020-12-01,False
Portugal,2021,38572.0,109110.0,19212.0,147682.0,81725.5,437582.5,519308.0,15.7374,26.8761,26.1183,4.1253,70.7687,2021-12-01,False
Portugal,2022,46028.5,111361.5,24245.0,157390.0,127754.0,548944.0,676698.0,18.879,29.3867,29.2449,3.1416,98.8268,2022-12-01,False
Portugal,2023,77965.5,121655.5,28859.0,199621.0,205719.5,670599.5,876319.0,23.4754,39.6346,39.0568,4.5964,82.2337,2023-12-01,False
Portugal,2024,87613.0,122114.0,35020.0,209727.0,293332.5,792713.5,1086046.0,27.0092,42.4748,41.7748,3.5338,79.7926,2024-12-01,False
Portugal,2025,111480.5,113557.5,50117.0,225038.0,404813.0,906271.0,1311084.0,30.8762,50.28,49.5385,3.867,68.1728,2025-12-01,False
Portugal,2026,83819.0,69422.0,42784.0,153241.0,488632.0,975693.0,1464325.0,33.3691,55.0406,55.2022,4.2099,87.0656,2026-07-01,False
Romania,2022,28843.0,100483.0,34410.0,129326.0,28843.0,100483.0,129326.0,22.3026,22.1412,22.3026,,98.8268,2022-12-01,False
Romania,2023,36138.5,106941.5,43401.0,143080.0,64981.5,207424.5,272406.0,23.8547,25.2737,25.2575,1.5521,82.2337,2023-12-01,False
Romania,2024,39030.0,112075.0,58470.0,151105.0,104011.5,319499.5,423511.0,24.5593,26.2004,25.8297,0.7047,79.7926,2024-12-01,False
Romania,2025,47419.0,109384.0,77140.0,156803.0,151430.5,428883.5,580314.0,26.0946,30.0804,30.2411,1.5352,68.1728,2025-12-01,False
Romania,2026,24303.5,40546.5,37563.0,64850.0,175734.0,469430.0,645164.0,27.2387,37.7614,33.4977,2.0102,87.4911,2026-06-01,False
Singapore,1990,0.0,0.0,0.0,0.0,0.0,0.0,0.0,,,,,,1990-12-01,False
Singapore,1991,0.0,0.0,0.0,0.0,0.0,0.0,0.0,,,,,,1991-12-01,False
Singapore,1992,0.0,0.0,0.0,0.0,0.0,0.0,0.0,,,,,,1992-12-01,False
Singapore,1993,0.0,0.0,0.0,0.0,0.0,0.0,0.0,,,,,,1993-12-01,False
Singapore,1994,0.0,0.0,0.0,0.0,0.0,0.0,0.0,,,,,,1994-12-01,False
Singapore,1995,0.0,0.0,0.0,0.0,0.0,0.0,0.0,,,,,,1995-12-01,False
Singapore,1996,0.0,0.0,0.0,0.0,0.0,0.0,0.0,,,,,,1996-12-01,False
Singapore,1997,0.0,0.0,0.0,0.0,0.0,0.0,0.0,,,,,,1997-12-01,False
Singapore,1998,0.0,0.0,0.0,0.0,0.0,0.0,0.0,,,,,,1998-12-01,False
Singapore,1999,0.0,0.0,0.0,0.0,0.0,0.0,0.0,,,,,,1999-12-01,False
Singapore,2000,0.0,0.0,0.0,0.0,0.0,0.0,0.0,,,,,,2000-12-01,False
Singapore,2001,0.0,0.0,0.0,0.0,0.0,0.0,0.0,,,,,,2001-12-01,False
Singapore,2002,0.0,0.0,0.0,0.0,0.0,0.0,0.0,,,,,,2002-12-01,False
Singapore,2003,0.0,0.0,0.0,0.0,0.0,0.0,0.0,,,,,,2003-12-01,False
Singapore,2004,0.0,0.0,0.0,0.0,0.0,0.0,0.0,,,,,,2004-12-01,False
Singapore,2005,0.0,0.0,0.0,0.0,0.0,0.0,0.0,,,,,,2005-12-01,False
Singapore,2006,0.0,0.0,0.0,0.0,0.0,0.0,0.0,,,,,,2006-12-01,False
Singapore,2007,0.0,0.0,0.0,0.0,0.0,0.0,0.0,,,,,,2007-12-01,False
Singapore,2008,0.0,0.0,0.0,0.0,0.0,0.0,0.0,,,,,,2008-12-01,False
Singapore,2009,0.0,0.0,0.0,0.0,0.0,0.0,0.0,,,,,,2009-12-01,False
Singapore,2010,0.0,0.0,0.0,0.0,0.0,0.0,0.0,,,,,80.2347,2010-12-01,False
Singapore,2011,0.0,0.0,0.0,0.0,0.0,0.0,0.0,,,,,110.9756,2011-12-01,False
Singapore,2012,0.0,0.0,0.0,0.0,0.0,0.0,0.0,,,,,111.7008,2012-12-01,False
Singapore,2013,0.0,0.0,0.0,0.0,0.0,0.0,0.0,,,,,108.7664,2013-12-01,False
Singapore,2014,0.0,0.0,0.0,0.0,0.0,0.0,0.0,,,,,99.4725,2014-12-01,False
Singapore,2015,0.0,0.0,0.0,0.0,0.0,0.0,0.0,,,,,53.5526,2015-12-01,False
Singapore,2016,0.0,87504.0,0.0,87504.0,0.0,87504.0,87504.0,0.0,0.0,0.0,,45.0342,2016-12-01,False
Singapore,2017,0.0,91922.0,0.0,91922.0,0.0,179426.0,179426.0,0.0,0.0,0.0,0.0,54.82,2017-12-01,False
Singapore,2018,0.0,80281.0,0.0,80281.0,0.0,259707.0,259707.0,0.0,0.0,0.0,0.0,71.5553,2018-12-01,False
Singapore,2019,0.0,13267.0,0.0,13267.0,0.0,272974.0,272974.0,0.0,0.0,0.0,0.0,64.174,2019-12-01,False
Singapore,2020,0.0,34862.0,0.0,34862.0,0.0,307836.0,307836.0,0.0,0.0,0.0,0.0,43.1676,2020-12-01,False
Singapore,2021,0.0,45442.0,0.0,45442.0,0.0,353278.0,353278.0,0.0,0.0,0.0,0.0,70.7687,2021-12-01,False
Singapore,2022,4106.0,26833.0,4560.0,30939.0,4106.0,380111.0,384217.0,1.0687,14.3083,13.2713,1.0687,98.8268,2022-12-01,False
Singapore,2023,12666.5,17558.5,13865.0,30225.0,16772.5,397669.5,414442.0,4.047,41.153,41.9074,2.9783,82.2337,2023-12-01,False
Singapore,2024,24987.0,18035.0,20658.0,43022.0,41759.5,415704.5,457464.0,9.1285,57.6916,58.0796,5.0815,79.7926,2024-12-01,False
Singapore,2025,34819.5,17858.5,20435.0,52678.0,76579.0,433563.0,510142.0,15.0113,65.8182,66.0988,5.8828,68.1728,2025-12-01,False
Singapore,2026,25624.0,6473.0,9426.0,32097.0,102203.0,440036.0,542239.0,18.8483,79.6857,75.3728,6.5348,87.0656,2026-07-01,False
Slovakia,2022,11623.5,67216.5,17355.0,78840.0,11623.5,67216.5,78840.0,14.7432,14.7895,14.7432,,98.8268,2022-12-01,False
Slovakia,2023,17477.5,72933.5,24183.0,90411.0,29101.0,140150.0,169251.0,17.194,19.3818,19.3312,2.4508,82.2337,2023-12-01,False
Slovakia,2024,18573.0,74836.0,28206.0,93409.0,47674.0,214986.0,262660.0,18.1505,19.866,19.8835,0.9565,79.7926,2024-12-01,False
Slovakia,2025,24547.0,68556.0,32168.0,93103.0,72221.0,283542.0,355763.0,20.3003,26.237,26.3654,2.1499,68.1728,2025-12-01,False
Slovakia,2026,12178.0,31326.0,15228.0,43504.0,84399.0,314868.0,399267.0,21.1385,28.0734,27.8606,1.9973,87.4911,2026-06-01,False
Slovenia,2022,5915.5,40457.5,6101.0,46373.0,5915.5,40457.5,46373.0,12.7563,12.8996,12.7563,,98.8268,2022-12-01,False
Slovenia,2023,8863.5,40075.5,6829.0,48939.0,14779.0,80533.0,95312.0,15.5059,18.2092,18.1113,2.7496,82.2337,2023-12-01,False
Slovenia,2024,7096.0,45922.0,5572.0,53018.0,21875.0,126455.0,148330.0,14.7475,13.4611,13.3841,-0.7584,79.7926,2024-12-01,False
Slovenia,2025,12342.5,45213.5,7969.0,57556.0,34217.5,171668.5,205886.0,16.6196,21.7269,21.4443,1.8721,68.1728,2025-12-01,False
Slovenia,2026,10879.5,25857.5,6927.0,36737.0,45097.0,197526.0,242623.0,18.5873,29.0937,27.3075,3.1351,87.4911,2026-06-01,False
South Korea,2017,55786.5,1737503.5,83787.0,1793290.0,55786.5,1737503.5,1793290.0,3.1108,3.0906,3.1108,,54.82,2017-12-01,False
South Korea,2018,77116.5,1735825.5,91913.0,1812942.0,132903.0,3473329.0,3606232.0,3.6854,4.2271,4.2537,0.5745,71.5553,2018-12-01,False
South Korea,2019,85041.5,1642127.5,97401.0,1727169.0,217944.5,5115456.5,5333401.0,4.0864,4.9566,4.9238,0.401,64.174,2019-12-01,False
South Korea,2020,133672.5,1754134.5,161451.0,1887807.0,351617.0,6869591.0,7221208.0,4.8692,6.8941,7.0808,0.7828,43.1676,2020-12-01,False
South Korea,2021,225920.5,1499862.5,220955.0,1725783.0,577537.5,8369453.5,8946991.0,6.4551,13.2385,13.0909,1.5859,70.7687,2021-12-01,False
South Korea,2022,297805.0,1389258.0,260944.0,1687063.0,875342.5,9758711.5,10634054.0,8.2315,17.5547,17.6523,1.7764,98.8268,2022-12-01,False
South Korea,2023,354825.5,1405604.5,374311.0,1760430.0,1230168.0,11164316.0,12394484.0,9.9251,20.0696,20.1556,1.6936,82.2337,2023-12-01,False
South Korea,2024,398675.0,1226858.0,495576.0,1625533.0,1628843.0,12391174.0,14020017.0,11.618,24.3404,24.5258,1.6929,79.7926,2024-12-01,False
South Korea,2025,518330.0,1161784.0,576520.0,1680114.0,2147173.0,13552958.0,15700131.0,13.6761,30.6078,30.8509,2.0582,68.1728,2025-12-01,False
South Korea,2026,349044.5,498582.5,284219.0,847627.0,2496217.5,14051540.5,16547758.0,15.0849,40.9551,36.8009,2.4882,87.4911,2026-06-01,False
Spain,2014,460.5,78408.5,499.0,78869.0,460.5,78408.5,78869.0,0.5839,0.5839,,,63.2036,2014-12-01,False
Spain,2015,5686.0,1064336.0,7734.0,1070022.0,6146.5,1142744.5,1148891.0,0.535,0.5459,0.5314,-0.0489,53.5526,2015-12-01,False
Spain,2016,18638.0,1174860.0,30202.0,1193498.0,24784.5,2317604.5,2342389.0,1.0581,1.5951,1.5616,0.5231,45.0342,2016-12-01,False
Spain,2017,35064.5,1258027.5,55437.0,1293092.0,59849.0,3575632.0,3635481.0,1.6462,2.7729,2.7117,0.5882,54.82,2017-12-01,False
Spain,2018,49618.5,1332542.5,75561.0,1382161.0,109467.5,4908174.5,5017642.0,2.1817,3.7047,3.5899,0.5354,71.5553,2018-12-01,False
Spain,2019,72121.5,1251774.5,108677.0,1323896.0,181589.0,6159949.0,6341538.0,2.8635,5.5375,5.4477,0.6818,64.174,2019-12-01,False
Spain,2020,110438.0,785716.0,137966.0,896154.0,292027.0,6945665.0,7237692.0,4.0348,11.6356,12.3236,1.1713,43.1676,2020-12-01,False
Spain,2021,177292.0,706667.0,219902.0,883959.0,469319.0,7652332.0,8121651.0,5.7786,20.165,20.0566,1.7438,70.7687,2021-12-01,False
Spain,2022,198902.0,630758.0,239200.0,829660.0,668221.0,8283090.0,8951311.0,7.4651,24.1116,23.9739,1.6864,98.8268,2022-12-01,False
Spain,2023,269166.0,692264.0,303266.0,961430.0,937387.0,8975354.0,9912741.0,9.4564,28.1295,27.9964,1.9913,82.2337,2023-12-01,False
Spain,2024,314268.0,722889.0,392310.0,1037157.0,1251655.0,9698243.0,10949898.0,11.4307,30.3835,30.3009,1.9744,79.7926,2024-12-01,False
Spain,2025,472085.0,701656.0,483080.0,1173741.0,1723740.0,10399899.0,12123639.0,14.218,40.3859,40.2205,2.7873,68.1728,2025-12-01,False
Spain,2026,297609.5,364327.5,306681.0,661937.0,2021349.5,10764226.5,12785576.0,15.8096,44.9501,44.36,2.9922,87.4911,2026-06-01,False
Spain ANFAC,2020,109936.5,764572.5,137425.0,874509.0,109936.5,764572.5,874509.0,12.5712,11.8781,12.5712,,43.1676,2020-12-01,False
Spain ANFAC,2021,176615.0,726079.0,219426.0,902694.0,286551.5,1490651.5,1777203.0,16.1237,19.6051,19.5653,3.5525,70.7687,2021-12-01,False
Spain ANFAC,2022,198145.0,663015.0,239672.0,861160.0,484696.5,2153666.5,2638363.0,18.3711,23.1225,23.0091,2.2474,98.8268,2022-12-01,False
Spain ANFAC,2023,265260.5,746254.5,302975.0,1011515.0,749957.0,2899921.0,3649878.0,20.5475,26.3425,26.2241,2.1763,82.2337,2023-12-01,False
Spain ANFAC,2024,312097.0,743026.0,392296.0,1055123.0,1062054.0,3642947.0,4705001.0,22.5729,29.7278,29.5792,2.0254,79.7926,2024-12-01,False
Spain ANFAC,2025,466996.0,681656.0,482796.0,1148652.0,1529050.0,4324603.0,5853653.0,26.1213,40.8365,40.656,3.5484,68.1728,2025-12-01,False
Spain ANFAC,2026,343638.0,406018.0,354304.0,749656.0,1872688.0,4730621.0,6603309.0,28.3598,45.8544,45.4046,3.7472,87.0656,2026-07-01,False
Spain including used,2014,460.5,78410.5,499.0,78871.0,460.5,78410.5,78871.0,0.5839,0.5839,,,63.2036,2014-12-01,False
Spain including used,2015,5715.0,1114816.0,7774.0,1120531.0,6175.5,1193226.5,1199402.0,0.5149,0.522,0.51,-0.069,53.5526,2015-12-01,False
Spain including used,2016,18724.0,1255840.0,30286.0,1274564.0,24899.5,2449066.5,2473966.0,1.0065,1.4953,1.4691,0.4916,45.0342,2016-12-01,False
Spain including used,2017,35316.0,1352675.0,55686.0,1387991.0,60215.5,3801741.5,3861957.0,1.5592,2.5934,2.5444,0.5527,54.82,2017-12-01,False
Spain including used,2018,50319.5,1429131.5,76053.0,1479451.0,110535.0,5230873.0,5341408.0,2.0694,3.4999,3.4012,0.5102,71.5553,2018-12-01,False
Spain including used,2019,73406.0,1348029.0,109412.0,1421435.0,183941.0,6578902.0,6762843.0,2.7199,5.2348,5.1642,0.6505,64.174,2019-12-01,False
Spain including used,2020,111719.0,866623.0,138672.0,978342.0,295660.0,7445525.0,7741185.0,3.8193,10.7806,11.4192,1.0994,43.1676,2020-12-01,False
Spain including used,2021,179677.5,813572.5,221659.0,993250.0,475337.5,8259097.5,8734435.0,5.4421,18.0352,18.0899,1.6228,70.7687,2021-12-01,False
Spain including used,2022,202756.0,751766.0,243452.0,954522.0,678093.5,9010863.5,9688957.0,6.9986,21.2933,21.2416,1.5565,98.8268,2022-12-01,False
Spain including used,2023,275362.0,805547.0,307626.0,1080909.0,953455.5,9816410.5,10769866.0,8.853,25.5461,25.475,1.8544,82.2337,2023-12-01,False
Spain including used,2024,327078.0,846864.0,399560.0,1173942.0,1280533.5,10663274.5,11943808.0,10.7213,27.8714,27.8615,1.8683,79.7926,2024-12-01,False
Spain including used,2025,493768.0,853913.0,494840.0,1347681.0,1774301.5,11517187.5,13291489.0,13.3492,36.6948,36.6383,2.6278,68.1728,2025-12-01,False
Spain including used,2026,308848.5,446376.5,313271.0,755225.0,2083150.0,11963564.0,14046714.0,14.8302,40.8158,40.1446,2.795,87.4911,2026-06-01,False
Sweden,2006,1427.5,312384.5,2851.0,313812.0,1427.5,312384.5,313812.0,0.4549,0.4592,0.4549,,,2006-12-01,False
Sweden,2007,1699.0,336839.0,3394.0,338538.0,3126.5,649223.5,652350.0,0.4793,0.5074,0.5019,0.0244,,2007-12-01,False
Sweden,2008,2124.0,274220.0,4246.0,276344.0,5250.5,923443.5,928694.0,0.5654,0.7815,0.7686,0.0861,,2008-12-01,False
Sweden,2009,1571.5,226956.5,3085.0,228528.0,6822.0,1150400.0,1157222.0,0.5895,0.6737,0.6877,0.0242,,2009-12-01,False
Sweden,2010,1871.0,306863.0,3720.0,308734.0,8693.0,1457263.0,1465956.0,0.593,0.6149,0.606,0.0035,80.2347,2010-12-01,False
Sweden,2011,1648.5,325000.5,2927.0,326649.0,10341.5,1782263.5,1792605.0,0.5769,0.5013,0.5047,-0.0161,110.9756,2011-12-01,False
Sweden,2012,2443.0,298892.0,3042.0,301335.0,12784.5,2081155.5,2093940.0,0.6105,0.8183,0.8107,0.0336,111.7008,2012-12-01,False
Sweden,2013,4146.0,288032.0,5170.0,292178.0,16930.5,2369187.5,2386118.0,0.7095,1.4504,1.419,0.099,108.7664,2013-12-01,False
Sweden,2014,8204.0,315833.0,7054.0,324037.0,25134.5,2685020.5,2710155.0,0.9274,2.5101,2.5318,0.2179,99.4725,2014-12-01,False
Sweden,2015,13052.5,348879.5,8769.0,361932.0,38187.0,3033900.0,3072087.0,1.243,3.5257,3.6063,0.3156,53.5526,2015-12-01,False
Sweden,2016,20101.0,367913.0,13636.0,388014.0,58288.0,3401813.0,3460101.0,1.6846,5.1224,5.1805,0.4415,45.0342,2016-12-01,False
Sweden,2017,29668.0,363060.0,18640.0,392728.0,87956.0,3764873.0,3852829.0,2.2829,7.5826,7.5543,0.5983,54.82,2017-12-01,False
Sweden,2018,39468.0,326067.0,21020.0,365535.0,127424.0,4090940.0,4218364.0,3.0207,12.2147,10.7973,0.7378,71.5553,2018-12-01,False
Sweden,2019,53428.0,313533.0,25452.0,366961.0,180852.0,4404473.0,4585325.0,3.9441,14.7022,14.5596,0.9235,64.174,2019-12-01,False
Sweden,2020,105546.5,197649.5,22631.0,303196.0,286398.5,4602122.5,4888521.0,5.8586,33.6044,34.8113,1.9144,43.1676,2020-12-01,False
Sweden,2021,148149.5,166163.5,24137.0,314313.0,434548.0,4768286.0,5202834.0,8.3521,47.2805,47.1344,2.4935,70.7687,2021-12-01,False
Sweden,2022,176730.0,122490.0,27584.0,299220.0,611278.0,4890776.0,5502054.0,11.11,58.1419,59.0636,2.7579,98.8268,2022-12-01,False
Sweden,2023,187280.0,110827.0,26540.0,298107.0,798558.0,5001603.0,5800161.0,13.7679,62.3196,62.8231,2.6579,82.2337,2023-12-01,False
Sweden,2024,170847.0,106491.0,25468.0,277338.0,969405.0,5108094.0,6077499.0,15.9507,61.3092,61.6024,2.1829,79.7926,2024-12-01,False
Sweden,2025,185390.0,97886.0,23604.0,283276.0,1154795.0,5205980.0,6360775.0,18.1549,65.1642,65.445,2.2042,68.1728,2025-12-01,False
Sweden,2026,113211.5,53985.5,12825.0,167197.0,1268006.5,5259965.5,6527972.0,19.4242,67.5988,67.9055,2.2206,87.0656,2026-07-01,False
Switzerland,2005,315.0,260367.0,604.0,260682.0,315.0,260367.0,260682.0,0.1208,0.1244,0.1208,,,2005-12-01,False
Switzerland,2006,794.0,268954.0,1570.0,269748.0,1109.0,529321.0,530430.0,0.2091,0.3115,0.2943,0.0882,,2006-12-01,False
Switzerland,2007,1629.5,282342.5,3219.0,283972.0,2738.5,811663.5,814402.0,0.3363,0.5773,0.5738,0.1272,,2007-12-01,False
Switzerland,2008,1585.0,286386.0,3064.0,287971.0,4323.5,1098049.5,1102373.0,0.3922,0.5524,0.5504,0.0559,,2008-12-01,False
Switzerland,2009,2019.5,264458.5,3875.0,266478.0,6343.0,1362508.0,1368851.0,0.4634,0.7594,0.7578,0.0712,,2009-12-01,False
Switzerland,2010,2342.5,294254.5,4217.0,296597.0,8685.5,1656762.5,1665448.0,0.5215,0.7932,0.7898,0.0581,80.2347,2010-12-01,False
Switzerland,2011,3243.0,324712.0,5342.0,327955.0,11928.5,1981474.5,1993403.0,0.5984,0.9869,0.9889,0.0769,110.9756,2011-12-01,False
Switzerland,2012,4389.0,329656.0,6486.0,334045.0,16317.5,2311130.5,2327448.0,0.7011,1.3378,1.3139,0.1027,111.7008,2012-12-01,False
Switzerland,2013,5225.0,304929.0,6650.0,310154.0,21542.5,2616059.5,2637602.0,0.8167,1.6884,1.6846,0.1157,108.7664,2013-12-01,False
Switzerland,2014,5798.5,298284.5,6085.0,304083.0,27341.0,2914344.0,2941685.0,0.9294,1.8961,1.9069,0.1127,99.4725,2014-12-01,False
Switzerland,2015,9520.5,317622.5,6293.0,327143.0,36861.5,3231966.5,3268828.0,1.1277,2.8659,2.9102,0.1982,53.5526,2015-12-01,False
Switzerland,2016,10292.0,309039.0,7640.0,319331.0,47153.5,3541005.5,3588159.0,1.3141,3.2236,3.223,0.1865,45.0342,2016-12-01,False
Switzerland,2017,12591.5,302440.5,8367.0,315032.0,59745.0,3843446.0,3903191.0,1.5307,3.9856,3.9969,0.2165,54.82,2017-12-01,False
Switzerland,2018,15229.0,285658.0,11228.0,300887.0,74974.0,4129104.0,4204078.0,1.7834,5.0906,5.0614,0.2527,71.5553,2018-12-01,False
Switzerland,2019,28452.0,283925.0,22132.0,312377.0,103426.0,4413029.0,4516455.0,2.29,8.8825,9.1082,0.5066,64.174,2019-12-01,False
Switzerland,2020,50481.5,187993.5,32873.0,238475.0,153907.5,4601022.5,4754930.0,3.2368,20.3034,21.1685,0.9468,43.1676,2020-12-01,False
Switzerland,2021,81035.0,160987.0,54430.0,242022.0,234942.5,4762009.5,4996952.0,4.7017,33.4253,33.4825,1.4649,70.7687,2021-12-01,False
Switzerland,2022,87339.5,142063.5,58041.0,229403.0,322282.0,4904073.0,5226355.0,6.1665,37.5513,38.0725,1.4648,98.8268,2022-12-01,False
Switzerland,2023,111389.0,144592.0,70732.0,255981.0,433671.0,5048665.0,5482336.0,7.9103,43.2484,43.5146,1.7439,82.2337,2023-12-01,False
Switzerland,2024,109382.5,136169.5,83321.0,245552.0,543053.5,5184834.5,5727888.0,9.4809,44.4713,44.5456,1.5705,79.7926,2024-12-01,False
Switzerland,2025,124959.5,117067.5,85315.0,242027.0,668013.0,5301902.0,5969915.0,11.1897,51.3161,51.6304,1.7088,68.1728,2025-12-01,False
Switzerland,2026,74558.0,60984.0,49438.0,135542.0,742571.0,5362886.0,6105457.0,12.1624,54.7285,54.8704,1.7335,87.0656,2026-07-01,False
Taiwan,2012,9033.0,313823.0,17636.0,322856.0,9033.0,313823.0,322856.0,2.7978,2.8126,2.7978,,111.7008,2012-12-01,False
Taiwan,2013,8567.0,333040.0,16934.0,341607.0,17600.0,646863.0,664463.0,2.6488,2.4986,2.5079,-0.1491,108.7664,2013-12-01,False
Taiwan,2014,8931.5,373908.5,17755.0,382840.0,26531.5,1020771.5,1047303.0,2.5333,2.334,2.333,-0.1154,99.4725,2014-12-01,False
Taiwan,2015,4216.5,374809.5,8321.0,379026.0,30748.0,1395581.0,1426329.0,2.1557,1.1113,1.1125,-0.3776,53.5526,2015-12-01,False
Taiwan,2016,4233.5,389559.5,8421.0,393793.0,34981.5,1785140.5,1820122.0,1.9219,1.0958,1.0751,-0.2338,45.0342,2016-12-01,False
Taiwan,2017,5093.5,391096.5,8483.0,396190.0,40075.0,2176237.0,2216312.0,1.8082,1.2766,1.2856,-0.1137,54.82,2017-12-01,False
Taiwan,2018,5012.5,379070.5,8507.0,384083.0,45087.5,2555307.5,2600395.0,1.7339,1.3013,1.3051,-0.0743,71.5553,2018-12-01,False
Taiwan,2019,16675.0,367312.0,26072.0,383987.0,61762.5,2922619.5,2984382.0,2.0695,4.2277,4.3426,0.3357,64.174,2019-12-01,False
Taiwan,2020,27424.0,368921.0,40788.0,396345.0,89186.5,3291540.5,3380727.0,2.6381,6.8226,6.9192,0.5686,43.1676,2020-12-01,False
Taiwan,2021,37924.5,344993.5,60041.0,382918.0,127111.0,3636534.0,3763645.0,3.3773,9.9126,9.9041,0.7393,70.7687,2021-12-01,False
Taiwan,2022,56693.5,307537.5,76703.0,364231.0,183804.5,3944071.5,4127876.0,4.4528,15.5298,15.5653,1.0754,98.8268,2022-12-01,False
Taiwan,2023,76557.0,339733.0,94650.0,416290.0,260361.5,4283804.5,4544166.0,5.7296,18.261,18.3903,1.2768,82.2337,2023-12-01,False
Taiwan,2024,98280.0,305422.0,115780.0,403702.0,358641.5,4589226.5,4947868.0,7.2484,24.221,24.3447,1.5188,79.7926,2024-12-01,False
Taiwan,2025,99473.5,264179.5,129057.0,363653.0,458115.0,4853406.0,5311521.0,8.6249,27.1457,27.354,1.3765,68.1728,2025-12-01,False
Taiwan,2026,58492.0,120930.0,73750.0,179422.0,516607.0,4974336.0,5490943.0,9.4083,32.1649,30.6954,1.5338,87.4911,2026-06-01,False
Thailand,2018,10137.0,992790.0,20056.0,1002927.0,10137.0,992790.0,1002927.0,1.0107,1.0166,1.0107,,71.5553,2018-12-01,False
Thailand,2019,13914.5,1004807.5,26447.0,1018722.0,24051.5,1997597.5,2021649.0,1.1897,1.4102,1.3659,0.179,64.174,2019-12-01,False
Thailand,2020,16559.5,802251.5,28375.0,818811.0,40611.0,2799849.0,2840460.0,1.4297,2.0179,2.0224,0.24,43.1676,2020-12-01,False
Thailand,2021,26187.5,753737.5,34339.0,779925.0,66798.5,3553586.5,3620385.0,1.8451,3.368,3.3577,0.4153,70.7687,2021-12-01,False
Thailand,2022,52789.0,837826.0,63568.0,890615.0,119587.5,4391412.5,4511000.0,2.651,6.0108,5.9273,0.806,98.8268,2022-12-01,False
Thailand,2023,130298.0,717087.0,84468.0,847385.0,249885.5,5108499.5,5358385.0,4.6634,16.0015,15.3765,2.0124,82.2337,2023-12-01,False
Thailand,2024,143256.5,506024.5,126605.0,649281.0,393142.0,5614524.0,6007666.0,6.544,22.0818,22.0639,1.8806,79.7926,2024-12-01,False
Thailand,2025,209094.5,412975.5,136185.0,622070.0,602236.5,6027499.5,6629736.0,9.0839,33.9931,33.6127,2.5399,68.1728,2025-12-01,False
Thailand,2026,189954.0,243044.0,101716.0,432998.0,792190.5,6270543.5,7062734.0,11.2165,42.1764,41.5644,3.1666,87.0656,2026-07-01,False
Turkey,2019,6636.0,380112.0,13272.0,386748.0,6636.0,380112.0,386748.0,1.7158,1.7905,1.7158,,64.174,2019-12-01,False
Turkey,2020,10787.0,590738.0,21574.0,601525.0,17423.0,970850.0,988273.0,1.763,1.7436,1.7933,0.0471,43.1676,2020-12-01,False
Turkey,2021,29128.5,584908.5,55309.0,614037.0,46551.5,1555758.5,1602310.0,2.9053,4.9339,4.7438,1.1423,70.7687,2021-12-01,False
Turkey,2022,32351.5,533928.5,48079.0,566280.0,78903.0,2089687.0,2168590.0,3.6384,5.6912,5.713,0.7332,98.8268,2022-12-01,False
Turkey,2023,109524.5,836243.5,87933.0,945768.0,188427.5,2925930.5,3114358.0,6.0503,11.3511,11.5805,2.4118,82.2337,2023-12-01,False
Turkey,2024,188566.5,826263.5,169433.0,1014830.0,376994.0,3752194.0,4129188.0,9.13,18.7166,18.5811,3.0797,79.7926,2024-12-01,False
Turkey,2025,339993.0,780434.0,306028.0,1120427.0,716987.0,4532628.0,5249615.0,13.6579,30.4399,30.3449,4.5279,68.1728,2025-12-01,False
Turkey,2026,153320.5,302729.5,144299.0,456050.0,870307.5,4835357.5,5705665.0,15.2534,33.5176,31.9898,3.857,87.4911,2026-06-01,False
USA,2010,14641.0,1130199.0,28592.0,1144840.0,14641.0,1130199.0,1144840.0,1.2789,1.2789,,,92.1859,2010-12-01,True
USA,2011,152137.5,12626811.5,268749.0,12778949.0,166778.5,13757010.5,13923789.0,1.1978,1.185,1.1905,-0.0811,110.9756,2011-12-01,True
USA,2012,270495.0,14221782.0,434648.0,14492277.0,437273.5,27978792.5,28416066.0,1.5388,1.8568,1.8665,0.341,111.7008,2012-12-01,True
USA,2013,344869.5,15236695.5,495535.0,15581565.0,782143.0,43215488.0,43997631.0,1.7777,2.2081,2.2133,0.2389,108.7664,2013-12-01,True
USA,2014,344968.0,16178580.0,452172.0,16523548.0,1127111.0,59394068.0,60521179.0,1.8623,2.0745,2.0877,0.0846,99.4725,2014-12-01,True
USA,2015,306272.0,17162663.0,384400.0,17468935.0,1433383.0,76556731.0,77990114.0,1.8379,1.7475,1.7532,-0.0244,53.5526,2015-12-01,True
USA,2016,333090.5,17213937.5,346949.0,17547028.0,1766473.5,93770668.5,95537142.0,1.849,1.8847,1.8983,0.0111,45.0342,2016-12-01,True
USA,2017,381015.0,16860372.0,370680.0,17241387.0,2147488.5,110631040.5,112778529.0,1.9042,2.1981,2.2099,0.0552,54.82,2017-12-01,True
USA,2018,500019.5,16713526.5,338149.0,17213546.0,2647508.0,127344567.0,129992075.0,2.0367,2.9008,2.9048,0.1325,71.5553,2018-12-01,True
USA,2019,519335.0,16433577.0,399444.0,16952912.0,3166843.0,143778144.0,146944987.0,2.1551,3.0785,3.0634,0.1185,64.174,2019-12-01,True
USA,2020,535122.5,13936909.5,455067.0,14472032.0,3701965.5,157715053.5,161417019.0,2.2934,3.6233,3.6976,0.1383,43.1676,2020-12-01,True
USA,2021,1035114.0,13911859.0,799046.0,14946973.0,4737079.5,171626912.5,176363992.0,2.686,7.0561,6.9252,0.3926,70.7687,2021-12-01,True
USA,2022,1314599.0,12439740.0,766412.0,13754339.0,6051678.5,184066652.5,190118331.0,3.1831,9.5364,9.5577,0.4971,98.8268,2022-12-01,True
USA,2023,2045944.0,13456535.0,1175456.0,15502479.0,8097622.5,197523187.5,205620810.0,3.9381,13.1511,13.1975,0.755,82.2337,2023-12-01,True
USA,2024,2366667.0,13491751.0,1609048.0,15858418.0,10464289.5,211014938.5,221479228.0,4.7247,14.9017,14.9237,0.7866,79.7926,2024-12-01,True
USA,2025,2538663.0,13671476.0,2064952.0,16210139.0,13002952.5,224686414.5,237689367.0,5.4706,15.6729,15.661,0.7458,68.1728,2025-12-01,True
USA,2026,1158603.5,6713904.5,1213375.0,7872508.0,14161556.0,231400319.0,245561875.0,5.767,14.6493,15.1141,0.6511,87.4911,2026-06-01,True
Ukraine,2013,105.5,74391.5,191.0,74497.0,105.5,74391.5,74497.0,0.1416,0.1745,0.1416,,108.7664,2013-12-01,False
Ukraine,2014,220.0,53303.0,342.0,53523.0,325.5,127694.5,128020.0,0.2543,0.4408,0.411,0.1126,99.4725,2014-12-01,False
Ukraine,2015,764.0,63362.0,746.0,64126.0,1089.5,191056.5,192146.0,0.567,1.1752,1.1914,0.3128,53.5526,2015-12-01,False
Ukraine,2016,1477.5,73838.5,639.0,75316.0,2567.0,264895.0,267462.0,0.9598,1.869,1.9617,0.3927,45.0342,2016-12-01,False
Ukraine,2017,2790.0,82243.0,1992.0,85033.0,5357.0,347138.0,352495.0,1.5197,3.2792,3.2811,0.56,54.82,2017-12-01,False
Ukraine,2018,3203.0,81900.0,1734.0,85103.0,8560.0,429038.0,437598.0,1.9561,3.7844,3.7637,0.4364,71.5553,2018-12-01,False
Ukraine,2019,5236.0,288227.0,4398.0,293463.0,13796.0,717265.0,731061.0,1.8871,2.4171,1.7842,-0.069,64.174,2019-12-01,False
Ukraine,2020,6248.0,214990.0,6600.0,221238.0,20044.0,932255.0,952299.0,2.1048,2.8996,2.8241,0.2177,43.1676,2020-12-01,False
Ukraine,2021,9480.0,317850.0,12028.0,327330.0,29524.0,1250105.0,1279629.0,2.3072,2.8577,2.8962,0.2024,70.7687,2021-12-01,False
Ukraine,2022,12348.5,203600.5,7367.0,215949.0,41872.5,1453705.5,1495578.0,2.7998,6.5826,5.7182,0.4925,98.8268,2022-12-01,False
Ukraine,2023,40096.5,200296.5,15527.0,240393.0,81969.0,1654002.0,1735971.0,4.7218,16.1172,16.6796,1.922,82.2337,2023-12-01,False
Ukraine,2024,57305.0,206750.0,22014.0,264055.0,139274.0,1860752.0,2000026.0,6.9636,21.7072,21.7019,2.2418,79.7926,2024-12-01,False
Ukraine,2025,118588.5,226845.5,29781.0,345434.0,257862.5,2087597.5,2345460.0,10.9941,31.6592,34.3303,4.0305,68.1728,2025-12-01,False
Ukraine,2026,22988.0,121113.0,18234.0,144101.0,280850.5,2208710.5,2489561.0,11.2811,15.7232,30.1112,3.0796,87.4911,2026-06-01,False
United Kingdom,2001,403.5,2585575.5,635.0,2585979.0,403.5,2585575.5,2585979.0,0.0156,0.0149,0.0156,,,2001-12-01,False
United Kingdom,2002,207.5,2681920.5,285.0,2682128.0,611.0,5267496.0,5268107.0,0.0116,0.0078,0.0077,-0.004,,2002-12-01,False
United Kingdom,2003,229.0,2645827.0,378.0,2646056.0,840.0,7913323.0,7914163.0,0.0106,0.0101,0.0087,-0.001,,2003-12-01,False
United Kingdom,2004,867.5,2598211.5,1555.0,2599079.0,1707.5,10511534.5,10513242.0,0.0162,0.035,0.0334,0.0056,,2004-12-01,False
United Kingdom,2005,2915.0,2440540.0,5378.0,2443455.0,4622.5,12952074.5,12956697.0,0.0357,0.1198,0.1193,0.0194,,2005-12-01,False
United Kingdom,2006,4746.5,2335296.5,8847.0,2340043.0,9369.0,15287371.0,15296740.0,0.0612,0.2045,0.2028,0.0256,,2006-12-01,False
United Kingdom,2007,8396.5,2381683.5,15893.0,2390080.0,17765.5,17669054.5,17686820.0,0.1004,0.355,0.3513,0.0392,,2007-12-01,False
United Kingdom,2008,7858.0,2104140.0,15276.0,2111998.0,25623.5,19773194.5,19798818.0,0.1294,0.3682,0.3721,0.029,,2008-12-01,False
United Kingdom,2009,7414.5,1960837.5,14463.0,1968252.0,33038.0,21734032.0,21767070.0,0.1518,0.3592,0.3767,0.0224,,2009-12-01,False
United Kingdom,2010,11177.5,1985146.5,21799.0,1996324.0,44215.5,23719178.5,23763394.0,0.1861,0.5713,0.5599,0.0343,80.2347,2010-12-01,False
United Kingdom,2011,12738.5,1894672.5,23043.0,1907411.0,56954.0,25613851.0,25670805.0,0.2219,0.6454,0.6678,0.0358,110.9756,2011-12-01,False
United Kingdom,2012,14437.5,1996387.5,24399.0,2010825.0,71391.5,27610238.5,27681630.0,0.2579,0.7052,0.718,0.036,111.7008,2012-12-01,False
United Kingdom,2013,17657.0,2207425.0,28740.0,2225082.0,89048.5,29817663.5,29906712.0,0.2978,0.7856,0.7935,0.0399,108.7664,2013-12-01,False
United Kingdom,2014,31720.0,2433362.0,36848.0,2465082.0,120768.5,32251025.5,32371794.0,0.3731,1.2747,1.2868,0.0753,99.4725,2014-12-01,False
United Kingdom,2015,49881.0,2611139.0,44682.0,2661020.0,170649.5,34862164.5,35032814.0,0.4871,1.8592,1.8745,0.114,53.5526,2015-12-01,False
United Kingdom,2016,62882.5,2660891.5,51697.0,2723774.0,233532.0,37523056.0,37756588.0,0.6185,2.2817,2.3087,0.1314,45.0342,2016-12-01,False
United Kingdom,2017,82761.0,2481569.0,72256.0,2564330.0,316293.0,40004625.0,40320918.0,0.7844,3.3113,3.2274,0.1659,54.82,2017-12-01,False
United Kingdom,2018,102070.0,2291972.0,88246.0,2394042.0,418363.0,42296597.0,42714960.0,0.9794,4.3816,4.2635,0.195,71.5553,2018-12-01,False
United Kingdom,2019,128514.0,2218062.0,110962.0,2346576.0,546877.0,44514659.0,45061536.0,1.2136,5.7329,5.4767,0.2342,64.174,2019-12-01,False
United Kingdom,2020,259072.0,1397331.0,168200.0,1656403.0,805949.0,45911990.0,46717939.0,1.7251,17.6663,15.6406,0.5115,43.1676,2020-12-01,False
United Kingdom,2021,436524.0,1240721.0,263804.0,1677245.0,1242473.0,47152711.0,48395184.0,2.5673,26.2097,26.0263,0.8422,70.7687,2021-12-01,False
United Kingdom,2022,533388.5,1118739.5,331439.0,1652128.0,1775861.5,48271450.5,50047312.0,3.5484,32.0074,32.2849,0.981,98.8268,2022-12-01,False
United Kingdom,2023,686659.5,1259172.5,462801.0,1945832.0,2462521.0,49530623.0,51993144.0,4.7362,35.2169,35.2887,1.1879,82.2337,2023-12-01,False
United Kingdom,2024,844547.0,1155559.0,588954.0,2000106.0,3307068.0,50686182.0,53993250.0,6.125,42.3212,42.2251,1.3887,79.7926,2024-12-01,False
United Kingdom,2025,1031779.0,1039615.0,663922.0,2071394.0,4338847.0,51725797.0,56064644.0,7.739,49.9299,49.8109,1.614,68.1728,2025-12-01,False
United Kingdom,2026,323082.0,308369.0,222362.0,631451.0,4661929.0,52034166.0,56696095.0,8.2227,50.5328,51.1412,1.659,77.9239,2026-03-01,False
United Kingdom SMMT,2018,60427.5,1227670.5,50525.0,1288098.0,60427.5,1227670.5,1288098.0,4.6912,4.8124,4.6912,,72.5985,2018-12-01,False
United Kingdom SMMT,2019,121952.5,2189187.5,98237.0,2311140.0,182380.0,3416858.0,3599238.0,5.0672,5.5114,5.2767,0.376,64.174,2019-12-01,False
United Kingdom SMMT,2020,230127.5,1400936.5,110087.0,1631064.0,412507.5,4817794.5,5230302.0,7.8869,16.183,14.109,2.8197,43.1676,2020-12-01,False
United Kingdom SMMT,2021,378904.0,1268277.0,147246.0,1647181.0,791411.5,6086071.5,6877483.0,11.5073,23.3572,23.0032,3.6204,70.7687,2021-12-01,False
United Kingdom SMMT,2022,462591.0,1151452.0,187948.0,1614043.0,1254002.5,7237523.5,8491526.0,14.7677,28.53,28.6604,3.2604,98.8268,2022-12-01,False
United Kingdom SMMT,2023,575203.5,1327850.5,238411.0,1903054.0,1829206.0,8565374.0,10394580.0,17.5977,30.3098,30.2253,2.83,82.2337,2023-12-01,False
United Kingdom SMMT,2024,679847.0,1272931.0,261398.0,1952778.0,2509053.0,9838305.0,12347358.0,20.3206,35.0511,34.8144,2.7229,79.7926,2024-12-01,False
United Kingdom SMMT,2025,838583.5,1181939.5,280185.0,2020523.0,3347636.5,11020244.5,14367881.0,23.2994,41.9007,41.5033,2.9789,68.1728,2025-12-01,False
United Kingdom SMMT,2026,590369.5,704130.5,182387.0,1294500.0,3938006.0,11724375.0,15662381.0,25.1431,45.5561,45.3471,3.1847,87.0656,2026-07-01,False
Uruguay,2023,3378.5,53971.5,3075.0,57350.0,3378.5,53971.5,57350.0,5.891,5.8881,5.891,,82.2337,2023-12-01,False
Uruguay,2024,7823.0,57008.0,4154.0,64831.0,11201.5,110979.5,122181.0,9.168,11.8349,12.0668,3.2769,79.7926,2024-12-01,False
Uruguay,2025,17458.5,50731.5,6143.0,68190.0,28660.0,161711.0,190371.0,15.0548,24.8944,25.6027,5.8869,68.1728,2025-12-01,False
Uruguay,2026,18220.0,24196.0,6132.0,42416.0,46880.0,185907.0,232787.0,20.1386,42.765,37.6992,8.2451,87.0656,2026-07-01,False
