date,total_stocks,ntps,week_of_year,wti_nominal,cpi_u,wti_real,year,quarter,fair_value,residual,residual_z,fair_value_plus_1sigma,fair_value_minus_1sigma,fair_value_plus_2sigma,fair_value_minus_2sigma,r2,sigma,param_a,param_b,param_c,baseline_years,cpi_series
2012-01-06,1028.164,-111.50387500000011,1,101.55999755859375,227.9394,148.87440935726988,2012,1,141.32650804155898,7.547901315710902,0.5895937504191029,154.12837595543292,128.52464012768505,166.93024386930682,115.72277221381114,0.8069124729246302,12.801867913873922,90011.12691883986,554.9749582637729,-61.643043561204735,2011-2018,CPIAUCSL
2012-01-13,1026.101,-112.86762499999986,2,98.69999694824219,228.0368,144.62020463501113,2012,1,141.95259972828762,2.6676049067235112,0.20837622483454277,154.75446764216156,129.1507318144137,167.55633555603546,116.34886390053978,0.8069124729246302,12.801867913873922,90011.12691883986,554.9749582637729,-61.643043561204735,2011-2018,CPIAUCSL
2012-01-20,1021.826,-116.94024999999988,3,98.45999908447266,228.13420000000002,144.20695342519414,2012,1,143.8455289667912,0.3614244584029507,0.02823216587098667,156.64739688066513,131.04366105291726,169.44926479453903,118.24179313904335,0.8069124729246302,12.801867913873922,90011.12691883986,554.9749582637729,-61.643043561204735,2011-2018,CPIAUCSL
2012-01-27,1029.88,-112.721,4,99.55999755859375,228.23160000000001,145.75580920543206,2012,1,141.8850995722359,3.8707096331961566,0.3023550671852586,154.68696748610984,129.08323165836197,167.48883539998374,116.28136374448806,0.8069124729246302,12.801867913873922,90011.12691883986,554.9749582637729,-61.643043561204735,2011-2018,CPIAUCSL
2012-02-03,1034.037,-111.12324999999987,5,97.83999633789062,228.4246,143.11670378924043,2012,1,141.15245151740802,1.9642522718324074,0.15343481787557461,153.95431943128196,128.3505836035341,166.75618734515587,115.54871568966018,0.8069124729246302,12.801867913873922,90011.12691883986,554.9749582637729,-61.643043561204735,2011-2018,CPIAUCSL
2012-02-10,1030.067,-114.58162500000003,6,98.66999816894531,228.5202,144.27041967488154,2012,1,142.74498895455508,1.5254307203264545,0.11915688636915878,155.54685686842902,129.94312104068115,168.34872478230292,117.14125312680724,0.8069124729246302,12.801867913873922,90011.12691883986,554.9749582637729,-61.643043561204735,2011-2018,CPIAUCSL
2012-02-17,1033.319,-106.67687500000011,7,103.23999786376953,228.6158,150.88932491201032,2012,1,139.14105585658928,11.748269055421048,0.9176995993443234,151.9429237704632,126.33918794271536,164.74479168433712,113.53732002884144,0.8069124729246302,12.801867913873922,90011.12691883986,554.9749582637729,-61.643043561204735,2011-2018,CPIAUCSL
2012-02-24,1033.857,-106.66737499999999,8,109.7699966430664,228.7114,160.36611532413522,2012,1,139.136801079254,21.22931424488121,1.6582981786489228,151.93866899312795,126.3349331653801,164.74053690700185,113.53306525150617,0.8069124729246302,12.801867913873922,90011.12691883986,554.9749582637729,-61.643043561204735,2011-2018,CPIAUCSL
2012-03-02,1032.456,-107.01687500000003,9,106.69999694824219,228.87033333333332,155.77281756473363,2012,1,139.29345090503813,16.4793666596955,1.2872626690544213,152.09531881891206,126.49158299116421,164.89718673278597,113.68971507729029,0.8069124729246302,12.801867913873922,90011.12691883986,554.9749582637729,-61.643043561204735,2011-2018,CPIAUCSL
2012-03-09,1028.013,-108.35750000000007,10,107.4000015258789,228.93366666666665,156.7513875628171,2012,1,139.89660799822707,16.854779564590018,1.3165875228507697,152.698475912101,127.09474008435315,165.5003438259749,114.29287217047923,0.8069124729246302,12.801867913873922,90011.12691883986,554.9749582637729,-61.643043561204735,2011-2018,CPIAUCSL
2012-03-16,1029.557,-107.71375000000012,11,107.05999755859375,228.997,156.2119331006541,2012,1,139.60652884918792,16.605404251466183,1.2971079191865593,152.40839676306186,126.804660935314,165.21026467693576,114.00279302144008,0.8069124729246302,12.801867913873922,90011.12691883986,554.9749582637729,-61.643043561204735,2011-2018,CPIAUCSL
2012-03-23,1035.877,-103.83875000000012,12,106.87000274658203,229.06033333333335,155.89159575592834,2012,1,137.87791101979323,18.013684736135104,1.4071137788113652,150.67977893366717,125.07604310591931,163.48164684754107,112.27417519204539,0.8069124729246302,12.801867913873922,90011.12691883986,554.9749582637729,-61.643043561204735,2011-2018,CPIAUCSL
2012-03-30,1048.243,-92.94600000000014,13,103.0199966430664,229.12366666666668,150.2340417256958,2012,1,133.17402430633013,17.060017419365664,1.332619390712273,145.97589222020406,120.3721563924562,158.77776013407797,107.57028847858228,0.8069124729246302,12.801867913873922,90011.12691883986,554.9749582637729,-61.643043561204735,2011-2018,CPIAUCSL
2012-04-06,1044.09,-100.18700000000013,14,103.30999755859375,229.09220000000002,150.67764329929383,2012,2,136.27584431452536,14.401798984768476,1.1249763770145325,149.0777122283993,123.47397640065144,161.8795801422732,110.67210848677752,0.8069124729246302,12.801867913873922,90011.12691883986,554.9749582637729,-61.643043561204735,2011-2018,CPIAUCSL
2012-04-13,1041.865,-102.75724999999989,15,102.83000183105469,228.9974,150.0396569647172,2012,2,137.40074723687138,12.638909727845828,0.9872707493059283,150.20261515074532,124.59887932299746,163.00448306461922,111.79701140912354,0.8069124729246302,12.801867913873922,90011.12691883986,554.9749582637729,-61.643043561204735,2011-2018,CPIAUCSL
2012-04-20,1041.846,-107.17499999999995,16,103.05000305175781,228.9026,150.42293346465652,2012,2,139.36440464811272,11.058528816543799,0.8638215056538122,152.16627256198666,126.5625367342388,164.96814047586057,113.76066882036488,0.8069124729246302,12.801867913873922,90011.12691883986,554.9749582637729,-61.643043561204735,2011-2018,CPIAUCSL
2012-04-27,1043.752,-110.99199999999996,17,104.93000030517578,228.8078,153.2306413154127,2012,2,141.09250122374556,12.13814009166714,0.9481538298417005,153.8943691376195,128.29063330987162,166.6962370514934,115.48876539599772,0.8069124729246302,12.801867913873922,90011.12691883986,554.9749582637729,-61.643043561204735,2011-2018,CPIAUCSL
2012-05-04,1046.923,-110.24675000000002,18,98.48999786376953,228.6752,143.9096214903023,2012,2,140.7527686366429,3.1568528536593874,0.2465931436644627,153.55463655051685,127.95090072276899,166.35650446439075,115.14903280889507,0.8069124729246302,12.801867913873922,90011.12691883986,554.9749582637729,-61.643043561204735,2011-2018,CPIAUCSL
2012-05-11,1049.795,-108.15087500000004,19,96.12999725341797,228.63739999999999,140.4845056507894,2012,2,139.80340995438107,0.6810956964083346,0.05320283735080586,152.605277868255,127.00154204050715,165.4071457821289,114.19967412663323,0.8069124729246302,12.801867913873922,90011.12691883986,554.9749582637729,-61.643043561204735,2011-2018,CPIAUCSL
2012-05-18,1050.852,-108.86524999999983,20,91.4800033569336,228.5996,133.71110448861492,2012,2,140.1259949767744,-6.414890488159472,-0.5010901949087746,152.92786289064833,127.32412706290047,165.72973080452223,114.52225914902655,0.8069124729246302,12.801867913873922,90011.12691883986,554.9749582637729,-61.643043561204735,2011-2018,CPIAUCSL
2012-05-25,1056.348,-106.08050000000003,21,90.86000061035156,228.5618,132.82684536058682,2012,2,138.8743058108136,-6.047460450226794,-0.47238891159569824,151.67617372468754,126.07243789693969,164.47804163856145,113.27056998306577,0.8069124729246302,12.801867913873922,90011.12691883986,554.9749582637729,-61.643043561204735,2011-2018,CPIAUCSL
2012-06-01,1061.481,-108.1579999999999,22,83.2300033569336,228.524,121.69279485592575,2012,2,139.8066222451295,-18.113827389203735,-1.414936282038422,152.60849015900342,127.00475433125557,165.41035807287733,114.20288641738165,0.8069124729246302,12.801867913873922,90011.12691883986,554.9749582637729,-61.643043561204735,2011-2018,CPIAUCSL
2012-06-08,1062.637,-110.02812500000005,23,84.0999984741211,228.5372,122.95773550282645,2012,2,140.65332128443418,-17.695585781607733,-1.3822659240555266,153.45518919830812,127.85145337056026,166.25705711218203,115.04958545668634,0.8069124729246302,12.801867913873922,90011.12691883986,554.9749582637729,-61.643043561204735,2011-2018,CPIAUCSL
2012-06-15,1073.718,-103.15024999999991,24,84.02999877929688,228.5504,122.84829745266357,2012,2,137.57387678988817,-14.725579337224602,-1.1502680262202887,150.3757447037621,124.77200887601425,163.17761261763602,111.97014096214033,0.8069124729246302,12.801867913873922,90011.12691883986,554.9749582637729,-61.643043561204735,2011-2018,CPIAUCSL
2012-06-22,1076.315,-101.23512499999993,25,79.76000213623047,228.5636,116.59900908885237,2012,2,136.73303083232025,-20.134021743467883,-1.5727409374102195,149.5348987461942,123.93116291844633,162.3367666600681,111.12929500457241,0.8069124729246302,12.801867913873922,90011.12691883986,554.9749582637729,-61.643043561204735,2011-2018,CPIAUCSL
2012-06-29,1072.24,-103.43675000000007,26,84.95999908447266,228.5768,124.19357281269986,2012,2,137.70027948767998,-13.506706674980123,-1.0550574936289052,150.5021474015539,124.89841157380606,163.30401531542782,112.09654365993214,0.8069124729246302,12.801867913873922,90011.12691883986,554.9749582637729,-61.643043561204735,2011-2018,CPIAUCSL
2012-07-06,1075.035,-102.05574999999999,27,84.44999694824219,228.8556,123.29766861860975,2012,3,137.0924599823297,-13.794791363719952,-1.0775608260080514,149.89432789620363,124.29059206845578,162.69619581007754,111.48872415458186,0.8069124729246302,12.801867913873922,90011.12691883986,554.9749582637729,-61.643043561204735,2011-2018,CPIAUCSL
2012-07-13,1076.465,-101.55750000000012,28,87.0999984741211,229.12120000000002,127.01927883651338,2012,3,136.87407411553994,-9.854795279026561,-0.7697935446081665,149.67594202941387,124.07220620166602,162.47780994328778,111.2703382877921,0.8069124729246302,12.801867913873922,90011.12691883986,554.9749582637729,-61.643043561204735,2011-2018,CPIAUCSL
2012-07-20,1086.595,-92.8466249999999,29,91.44000244140625,229.3868,133.1939739154542,2012,3,133.13213129799055,0.061842617463639726,0.004830749534340866,145.9339992118645,120.33026338411663,158.7358671257384,107.52839547024271,0.8069124729246302,12.801867913873922,90011.12691883986,554.9749582637729,-61.643043561204735,2011-2018,CPIAUCSL
2012-07-27,1079.372,-101.34687499999995,30,90.12999725341797,229.6524,131.13394901286378,2012,3,136.78190021922856,-5.64795120636478,-0.44118180599597173,149.5837681331025,123.98003230535464,162.3856360469764,111.17816439148072,0.8069124729246302,12.801867913873922,90011.12691883986,554.9749582637729,-61.643043561204735,2011-2018,CPIAUCSL
2012-08-03,1078.282,-100.49462500000004,31,91.4000015258789,230.10083333333333,132.72256978575382,2012,3,136.4098100627141,-3.6872402769602672,-0.2880236151291836,149.21167797658802,123.60794214884017,162.01354589046193,110.80607423496625,0.8069124729246302,12.801867913873922,90011.12691883986,554.9749582637729,-61.643043561204735,2011-2018,CPIAUCSL
2012-08-10,1073.7,-107.25862499999994,32,92.87000274658203,230.28366666666668,134.75009902736565,2012,3,139.40194906319797,-4.651850035832325,-0.3633727567826973,152.2038169770719,126.60008114932405,165.00568489094582,113.79821323545013,0.8069124729246302,12.801867913873922,90011.12691883986,554.9749582637729,-61.643043561204735,2011-2018,CPIAUCSL
2012-08-17,1070.695,-110.56799999999998,33,96.01000213623047,230.4665,139.19557950409634,2012,3,140.89907519971425,-1.703495695617903,-0.13306618276944984,153.70094311358818,128.0972072858403,166.5028110274621,115.2953393719664,0.8069124729246302,12.801867913873922,90011.12691883986,554.9749582637729,-61.643043561204735,2011-2018,CPIAUCSL
2012-08-24,1075.357,-108.04874999999993,34,96.1500015258789,230.64933333333332,139.28805124016594,2012,3,139.7573783753756,-0.4693271352096531,-0.036660832494688024,152.55924628924953,126.95551046150167,165.36111420312344,114.15364254762775,0.8069124729246302,12.801867913873922,90011.12691883986,554.9749582637729,-61.643043561204735,2011-2018,CPIAUCSL
2012-08-31,1065.745,-116.58487500000001,35,96.47000122070312,230.83216666666667,139.6409280532454,2012,3,143.67895243084757,-4.03802437760217,-0.31542462434142077,156.4808203447215,130.87708451697364,169.2826882585954,118.07521660309973,0.8069124729246302,12.801867913873922,90011.12691883986,554.9749582637729,-61.643043561204735,2011-2018,CPIAUCSL
2012-09-07,1068.515,-117.91037499999993,36,96.41999816894531,231.1396,139.38291148806982,2012,3,144.3016391369063,-4.918727648836466,-0.38421952811322435,157.10350705078022,131.49977122303235,169.90537496465413,118.69790330915845,0.8069124729246302,12.801867913873922,90011.12691883986,554.9749582637729,-61.643043561204735,2011-2018,CPIAUCSL
2012-09-14,1079.917,-106.70775000000003,37,99.0,231.2642,143.03540712310854,2012,3,139.1548851284058,3.8805219947027467,0.30312154607510533,151.95675304227973,126.35301721453187,164.75862095615364,113.55114930065795,0.8069124729246302,12.801867913873922,90011.12691883986,554.9749582637729,-61.643043561204735,2011-2018,CPIAUCSL
2012-09-21,1077.25,-108.98362500000007,38,92.88999938964844,231.3888,134.13539629430042,2012,3,140.17954850608223,-6.044152211781807,-0.47213049317838257,152.98141641995616,127.3776805922083,165.78328433383007,114.57581267833439,0.8069124729246302,12.801867913873922,90011.12691883986,554.9749582637729,-61.643043561204735,2011-2018,CPIAUCSL
2012-09-28,1074.819,-105.809125,39,92.19000244140625,231.5134,133.05293648553177,2012,3,138.75315813737987,-5.700221651848096,-0.4452648387092423,151.5550260512538,125.95129022350595,164.3568939651277,113.14942230963203,0.8069124729246302,12.801867913873922,90011.12691883986,554.9749582637729,-61.643043561204735,2011-2018,CPIAUCSL
2012-10-05,1070.293,-115.00562500000001,40,89.87999725341797,231.5602,129.692811468818,2012,4,142.94195842318555,-13.249146954367546,-1.034938576425155,155.7438263370595,130.14009050931162,168.5456942509334,117.33822259543771,0.8069124729246302,12.801867913873922,90011.12691883986,554.9749582637729,-61.643043561204735,2011-2018,CPIAUCSL
2012-10-12,1067.619,-115.30050000000006,41,91.86000061035156,231.4824,132.59441695756297,2012,4,143.07916676296128,-10.484749805398309,-0.8190015610171657,155.8810346768352,130.27729884908734,168.68290259070912,117.47543093521344,0.8069124729246302,12.801867913873922,90011.12691883986,554.9749582637729,-61.643043561204735,2011-2018,CPIAUCSL
2012-10-19,1071.589,-109.41775000000007,42,90.05000305175781,231.4046,130.0254946085207,2012,4,140.376192688145,-10.350698079624323,-0.8085302980205596,153.17806060201895,127.57432477427109,165.97992851589285,114.77245686039717,0.8069124729246302,12.801867913873922,90011.12691883986,554.9749582637729,-61.643043561204735,2011-2018,CPIAUCSL
2012-10-26,1071.486,-107.0625,43,86.27999877929688,231.3268,124.623788822243,2012,4,139.31391858212743,-14.690129759884428,-1.1474989320866307,152.11578649600136,126.51205066825351,164.91765440987527,113.71018275437959,0.8069124729246302,12.801867913873922,90011.12691883986,554.9749582637729,-61.643043561204735,2011-2018,CPIAUCSL
2012-11-02,1071.985,-101.58000000000015,44,84.86000061035156,231.24433333333332,122.61643974239676,2012,4,136.88392564799818,-14.267485905601418,-1.1144846987633066,149.68579356187212,124.08205773412426,162.48766147574602,111.28018982025034,0.8069124729246302,12.801867913873922,90011.12691883986,554.9749582637729,-61.643043561204735,2011-2018,CPIAUCSL
2012-11-09,1067.257,-104.394,45,86.06999969482422,231.23966666666666,124.36730895952672,2012,4,138.1237802870121,-13.756471327485372,-1.0745675099941396,150.92564820088603,125.32191237313818,163.72751611475994,112.52004445926426,0.8069124729246302,12.801867913873922,90011.12691883986,554.9749582637729,-61.643043561204735,2011-2018,CPIAUCSL
2012-11-16,1061.047,-107.8889999999999,46,86.66999816894531,231.235,125.2368073958867,2012,4,139.68541521748685,-14.448607821600149,-1.1286327838097427,152.48728313136078,126.88354730361293,165.2891510452347,114.08167938973901,0.8069124729246302,12.801867913873922,90011.12691883986,554.9749582637729,-61.643043561204735,2011-2018,CPIAUCSL
2012-11-23,1059.62,-108.90025000000014,47,88.27999877929688,231.23033333333333,127.56580785447082,2012,4,140.14182621808456,-12.576018363613741,-0.9823580783851537,152.9436941319585,127.33995830421064,165.7455620458324,114.53809039033672,0.8069124729246302,12.801867913873922,90011.12691883986,554.9749582637729,-61.643043561204735,2011-2018,CPIAUCSL
2012-11-30,1065.552,-102.88187500000004,48,88.91000366210938,231.22566666666665,128.4787664876777,2012,4,137.45561609761387,-8.976849609936181,-0.7012140470694587,150.2574840114878,124.65374818373995,163.0593519253617,111.85188026986603,0.8069124729246302,12.801867913873922,90011.12691883986,554.9749582637729,-61.643043561204735,2011-2018,CPIAUCSL
2012-12-07,1070.765,-97.0753749999999,49,85.93000030517578,231.3126,124.12586660635299,2012,4,134.93090017830934,-10.805033571956358,-0.8440200793078398,147.73276809218328,122.12903226443542,160.53463600605718,109.3271643505615,0.8069124729246302,12.801867913873922,90011.12691883986,554.9749582637729,-61.643043561204735,2011-2018,CPIAUCSL
2012-12-14,1068.82,-91.09587499999998,50,86.7300033569336,231.4042,125.23187890131457,2012,4,132.397020253566,-7.165141352251439,-0.5596949914227966,145.19888816743995,119.59515233969209,158.00075608131385,106.79328442581817,0.8069124729246302,12.801867913873922,90011.12691883986,554.9749582637729,-61.643043561204735,2011-2018,CPIAUCSL
2012-12-21,1071.822,-84.40300000000002,51,88.66000366210938,231.4958,127.96800496434174,2012,4,129.63721727487618,-1.6692123105344336,-0.13038818411221367,142.4390851887501,116.83534936100226,155.24095310262402,104.03348144712834,0.8069124729246302,12.801867913873922,90011.12691883986,554.9749582637729,-61.643043561204735,2011-2018,CPIAUCSL
2012-12-28,1061.799,-95.84412500000008,52,90.80000305175781,231.5874,131.00495026796315,2012,4,134.4037483281303,-3.398798060167138,-0.2654923549463995,147.20561624200423,121.60188041425637,160.00748415587813,108.80001250038245,0.8069124729246302,12.801867913873922,90011.12691883986,554.9749582637729,-61.643043561204735,2011-2018,CPIAUCSL
2013-01-04,1072.323,-67.344875,1,93.08999633789062,231.9306,134.11017591631173,2013,1,122.94591025473588,11.164265661575854,0.8720809913588212,135.7477781686098,110.14404234086196,148.54964608248372,97.34217442698804,0.8069124729246302,12.801867913873922,90011.12691883986,554.9749582637729,-61.643043561204735,2011-2018,CPIAUCSL
2013-01-11,1075.759,-63.20962499999996,2,93.55999755859375,232.1822,134.6412237641408,2013,1,121.39370350156497,13.247520262575819,1.0348115096718757,134.1955714154389,108.59183558769105,146.9974393293128,95.78996767381713,0.8069124729246302,12.801867913873922,90011.12691883986,554.9749582637729,-61.643043561204735,2011-2018,CPIAUCSL
2013-01-18,1073.122,-65.64424999999983,3,95.55999755859375,232.43380000000002,137.37054397531892,2013,1,122.3043878971935,15.066156078125431,1.1768717018082655,135.10625581106743,109.50251998331957,147.90812372494133,96.70065206944565,0.8069124729246302,12.801867913873922,90011.12691883986,554.9749582637729,-61.643043561204735,2011-2018,CPIAUCSL
2013-01-25,1075.095,-67.50600000000009,4,95.87999725341797,232.68540000000002,137.68151917688775,2013,1,123.00692315551532,14.674596021372423,1.146285535837231,135.80879106938926,110.2050552416414,148.61065898326316,97.40318732776748,0.8069124729246302,12.801867913873922,90011.12691883986,554.9749582637729,-61.643043561204735,2011-2018,CPIAUCSL
2013-02-01,1074.891,-70.26924999999983,5,97.7699966430664,232.937,140.24387172645143,2013,1,124.05959080896139,16.184280917490042,1.2642124591795278,136.86145872283532,111.25772289508747,149.66332663670923,98.45585498121355,0.8069124729246302,12.801867913873922,90011.12691883986,554.9749582637729,-61.643043561204735,2011-2018,CPIAUCSL
2013-02-08,1067.528,-77.12062500000002,6,95.72000122070312,232.77325000000002,137.3998933634975,2013,1,126.72215615155841,10.677737211939103,0.8340765022553616,139.52402406543234,113.92028823768449,152.32589197930625,101.11842032381057,0.8069124729246302,12.801867913873922,90011.12691883986,554.9749582637729,-61.643043561204735,2011-2018,CPIAUCSL
2013-02-15,1066.279,-73.71687500000007,7,95.86000061035156,232.60950000000003,137.69772027340832,2013,1,125.38992284303046,12.30779743037786,0.9614063754742683,138.1917907569044,112.58805492915654,150.9936586707783,99.78618701528262,0.8069124729246302,12.801867913873922,90011.12691883986,554.9749582637729,-61.643043561204735,2011-2018,CPIAUCSL
2013-02-22,1060.384,-80.14037499999995,8,93.12999725341797,232.44575,133.87045842860883,2013,1,127.92008029584218,5.9503781327666445,0.4648054622027438,140.72194820971612,115.11821238196826,153.52381612359002,102.31634446809434,0.8069124729246302,12.801867913873922,90011.12691883986,554.9749582637729,-61.643043561204735,2011-2018,CPIAUCSL
2013-03-01,1057.861,-81.61187499999983,9,90.68000030517578,232.282,130.44058162909172,2013,1,128.50935763203063,1.931223997061096,0.15085486040424986,141.31122554590456,115.70748971815671,154.11309345977847,102.90562180428279,0.8069124729246302,12.801867913873922,90011.12691883986,554.9749582637729,-61.643043561204735,2011-2018,CPIAUCSL
2013-03-08,1052.279,-84.0915,10,91.94999694824219,232.185,132.32269281096154,2013,1,129.5106810795506,2.8120117314109336,0.21965636189414503,142.31254899342454,116.70881316567669,155.11441690729845,103.90694525180277,0.8069124729246302,12.801867913873922,90011.12691883986,554.9749582637729,-61.643043561204735,2011-2018,CPIAUCSL
2013-03-15,1050.823,-86.44775000000004,11,93.44999694824219,232.088,134.53750702454718,2013,1,130.47200404167668,4.065502982870498,0.3175710771444956,143.27387195555062,117.67013612780276,156.07573986942452,104.86826821392884,0.8069124729246302,12.801867913873922,90011.12691883986,554.9749582637729,-61.643043561204735,2011-2018,CPIAUCSL
2013-03-22,1048.912,-90.80375000000004,12,93.70999908447266,231.991,134.96823456122837,2013,1,132.274901620112,2.693332941116381,0.21038593424304144,145.07676953398592,119.47303370623807,157.87863744785983,106.67116579236415,0.8069124729246302,12.801867913873922,90011.12691883986,554.9749582637729,-61.643043561204735,2011-2018,CPIAUCSL
2013-03-29,1048.801,-92.38800000000015,13,97.2300033569336,231.894,140.09658831904048,2013,1,132.93902433080532,7.157563988235154,0.5591030962347456,145.74089224467926,120.1371564169314,158.54276015855316,107.33528850305748,0.8069124729246302,12.801867913873922,90011.12691883986,554.9749582637729,-61.643043561204735,2011-2018,CPIAUCSL
2013-04-05,1054.287,-89.99000000000001,14,92.69999694824219,231.8162,133.61422834259687,2013,2,131.93553423824974,1.6786941043471302,0.13112884116917492,144.73740215212368,119.13366632437582,157.53927006599758,106.3317984105019,0.8069124729246302,12.801867913873922,90011.12691883986,554.9749582637729,-61.643043561204735,2011-2018,CPIAUCSL
2013-04-12,1056.915,-87.70724999999993,15,91.29000091552734,231.8354,131.57101674682153,2013,2,130.98984188532927,0.5811748614922578,0.04539766113837296,143.7917097992032,118.18797397145535,156.5935777130771,105.38610605758143,0.8069124729246302,12.801867913873922,90011.12691883986,554.9749582637729,-61.643043561204735,2011-2018,CPIAUCSL
2013-04-19,1054.975,-94.04600000000005,16,88.01000213623047,231.8546,126.83323955522478,2013,2,133.63895229753618,-6.8057127423114,-0.5316187284619429,146.4408202114101,120.83708438366226,159.24268812528402,108.03521646978834,0.8069124729246302,12.801867913873922,90011.12691883986,554.9749582637729,-61.643043561204735,2011-2018,CPIAUCSL
2013-04-26,1067.33,-87.41399999999999,17,93.0,231.8738,134.0133426027434,2013,2,130.86902428356254,3.1443183191808544,0.24561402604171728,143.67089219743647,118.06715636968862,156.47276011131038,105.2652884558147,0.8069124729246302,12.801867913873922,90011.12691883986,554.9749582637729,-61.643043561204735,2011-2018,CPIAUCSL
2013-05-03,1070.941,-86.22874999999999,18,95.61000061035156,231.985,137.70832214986905,2013,2,130.38224716538986,7.326074984479192,0.5722660969294657,143.1841150792638,117.58037925151594,155.9859829931377,104.77851133764202,0.8069124729246302,12.801867913873922,90011.12691883986,554.9749582637729,-61.643043561204735,2011-2018,CPIAUCSL
2013-05-10,1073.593,-84.35287500000004,19,96.04000091552734,232.077,138.2728212873575,2013,2,129.61684440370126,8.655976883656223,0.6761495230141671,142.4187123175752,116.81497648982734,155.2205802314491,104.01310857595342,0.8069124729246302,12.801867913873922,90011.12691883986,554.9749582637729,-61.643043561204735,2011-2018,CPIAUCSL
2013-05-17,1077.821,-81.89625000000001,20,96.0199966430664,232.16899999999998,138.18923929699667,2013,2,128.62366121015575,9.56557808684093,0.7472017483069257,141.42552912402968,115.82179329628183,154.2273970379036,103.0199253824079,0.8069124729246302,12.801867913873922,90011.12691883986,554.9749582637729,-61.643043561204735,2011-2018,CPIAUCSL
2013-05-24,1087.57,-74.85850000000005,21,94.1500015258789,232.261,135.44432410022966,2013,2,125.83465142209934,9.609672678130323,0.7506461356093135,138.63651933597328,113.03278350822542,151.43838724984718,100.2309155943515,0.8069124729246302,12.801867913873922,90011.12691883986,554.9749582637729,-61.643043561204735,2011-2018,CPIAUCSL
2013-05-31,1086.394,-83.24499999999989,22,91.97000122070312,232.353,132.25578528305962,2013,2,129.16766358601686,3.088121697042766,0.24122430553247926,141.9695314998908,116.36579567214294,154.7713994137647,103.56392775826902,0.8069124729246302,12.801867913873922,90011.12691883986,554.9749582637729,-61.643043561204735,2011-2018,CPIAUCSL
2013-06-07,1099.306,-73.35912499999995,23,96.02999877929688,232.536,137.98551416608714,2013,2,125.25099251908804,12.734521646999099,0.9947393405924898,138.05286043296198,112.44912460521412,150.85472834683588,99.6472566913402,0.8069124729246302,12.801867913873922,90011.12691883986,554.9749582637729,-61.643043561204735,2011-2018,CPIAUCSL
2013-06-14,1106.068,-70.80025,24,97.8499984741211,232.627,140.54567113944879,2013,2,124.26325303494627,16.28241810450251,1.2718783082316114,137.0651209488202,111.46138512107235,149.86698886269411,98.65951720719843,0.8069124729246302,12.801867913873922,90011.12691883986,554.9749582637729,-61.643043561204735,2011-2018,CPIAUCSL
2013-06-21,1115.384,-62.166124999999965,25,93.69000244140625,232.718,134.51788948748919,2013,2,121.00613162243476,13.51175786505442,1.055452060274045,133.8079995363087,108.20426370856084,146.6098674501826,95.40239579468692,0.8069124729246302,12.801867913873922,90011.12691883986,554.9749582637729,-61.643043561204735,2011-2018,CPIAUCSL
2013-06-28,1100.719,-74.95775000000003,26,96.55999755859375,232.809,138.58436978059476,2013,2,125.87341495162863,12.710954828966123,0.9928984515760179,138.67528286550257,113.07154703775471,151.47715077937647,100.26967912388079,0.8069124729246302,12.801867913873922,90011.12691883986,554.9749582637729,-61.643043561204735,2011-2018,CPIAUCSL
2013-07-05,1093.62,-83.47075000000018,27,103.22000122070312,233.0112,148.0143539360973,2013,3,129.25902123751516,18.75533269858215,1.465046571700385,142.0608891513891,116.45715332364124,154.862757065263,103.65528540976732,0.8069124729246302,12.801867913873922,90011.12691883986,554.9749582637729,-61.643043561204735,2011-2018,CPIAUCSL
2013-07-12,1093.41,-84.61249999999995,28,105.94999694824219,233.1224,151.85661450942985,2013,3,129.7224137312283,22.134200778201546,1.7289821241018886,142.52428164510223,116.92054581735438,155.32614955897614,104.11867790348046,0.8069124729246302,12.801867913873922,90011.12691883986,554.9749582637729,-61.643043561204735,2011-2018,CPIAUCSL
2013-07-19,1091.128,-88.313625,29,108.05000305175781,233.2336,154.79268668702488,2013,3,131.24014710152474,23.552539585500142,1.8397736755255274,144.04201501539868,118.43827918765082,156.84388292927258,105.6364112737769,0.8069124729246302,12.801867913873922,90011.12691883986,554.9749582637729,-61.643043561204735,2011-2018,CPIAUCSL
2013-07-26,1092.744,-87.97487500000011,30,104.69999694824219,233.3448,149.92198103541674,2013,3,131.1002345336718,18.82174650174494,1.4702343930097126,143.90210244754573,118.29836661979787,156.70397036141964,105.49649870592395,0.8069124729246302,12.801867913873922,90011.12691883986,554.9749582637729,-61.643043561204735,2011-2018,CPIAUCSL
2013-08-02,1093.386,-85.390625,31,106.94000244140625,233.47066666666666,153.04693504287266,2013,3,130.03951597657095,23.007419066301708,1.7971923488889932,142.8413838904449,117.23764806269703,155.6432518043188,104.43578014882311,0.8069124729246302,12.801867913873922,90011.12691883986,554.9749582637729,-61.643043561204735,2011-2018,CPIAUCSL
2013-08-09,1091.531,-89.42762500000003,32,105.97000122070312,233.48533333333333,151.64919343059987,2013,3,131.7016938853757,19.94749954522416,1.558171016872172,144.50356179924964,118.89982597150178,157.30542971312354,106.09795805762786,0.8069124729246302,12.801867913873922,90011.12691883986,554.9749582637729,-61.643043561204735,2011-2018,CPIAUCSL
2013-08-16,1088.711,-92.55199999999991,33,107.45999908447266,233.5,153.77180708391404,2013,3,133.0080335756189,20.763773508295145,1.6219331153848706,145.80990148949283,120.20616566174498,158.61176940336674,107.40429774787106,0.8069124729246302,12.801867913873922,90011.12691883986,554.9749582637729,-61.643043561204735,2011-2018,CPIAUCSL
2013-08-23,1090.878,-92.52774999999997,34,106.41999816894531,233.51466666666667,152.2740344997082,2013,3,132.99782638107604,19.276208118632155,1.5057340263401497,145.79969429494997,120.19595846720212,158.60156220882388,107.3940905533282,0.8069124729246302,12.801867913873922,90011.12691883986,554.9749582637729,-61.643043561204735,2011-2018,CPIAUCSL
2013-08-30,1092.643,-89.68687499999987,35,107.6500015258789,233.52933333333334,154.0243452350459,2013,3,131.80942203270197,22.214923202343925,1.7352876433187285,144.6112899465759,119.00755411882805,157.41315786044981,106.20568620495413,0.8069124729246302,12.801867913873922,90011.12691883986,554.9749582637729,-61.643043561204735,2011-2018,CPIAUCSL
2013-09-06,1096.331,-90.09437500000013,36,110.52999877929688,233.56900000000002,158.11815361681232,2013,3,131.97899650530334,26.13915711150898,2.0418236844313067,144.78086441917728,119.17712859142942,157.58273233305118,106.3752606775555,0.8069124729246302,12.801867913873922,90011.12691883986,554.9749582637729,-61.643043561204735,2011-2018,CPIAUCSL
2013-09-13,1090.254,-96.37075000000004,37,108.20999908447266,233.59400000000002,154.78272217648538,2013,3,134.62887304333861,20.153849133146764,1.5742897262129374,147.43074095721255,121.8270051294647,160.23260887108646,109.02513721559077,0.8069124729246302,12.801867913873922,90011.12691883986,554.9749582637729,-61.643043561204735,2011-2018,CPIAUCSL
2013-09-20,1091.735,-94.49862500000017,38,104.68000030517578,233.619,149.71741674251103,2013,3,133.83090464555175,15.88651209695928,1.2409526643953575,146.6327725594257,121.02903673167783,159.4346404732996,108.22716881780391,0.8069124729246302,12.801867913873922,90011.12691883986,554.9749582637729,-61.643043561204735,2011-2018,CPIAUCSL
2013-09-27,1096.767,-83.8611249999999,39,102.87000274658203,233.644,147.11294485507096,2013,3,129.41720677205882,17.695738083012145,1.3822778208666355,142.21907468593275,116.6153388581849,155.02094259980666,103.81347094431098,0.8069124729246302,12.801867913873922,90011.12691883986,554.9749582637729,-61.643043561204735,2011-2018,CPIAUCSL
2013-10-04,1098.421,-86.87762499999985,40,103.83999633789062,233.7552,148.42947586353472,2013,4,130.64843199847024,17.781043865064476,1.3889413626736775,143.45029991234418,117.84656408459632,156.25216782621808,105.0446961707224,0.8069124729246302,12.801867913873922,90011.12691883986,554.9749582637729,-61.643043561204735,2011-2018,CPIAUCSL
2013-10-11,1098.31,-84.60950000000003,41,102.0199966430664,233.8414,145.77420208031776,2013,4,129.7211931986365,16.05300888168125,1.2539583277752717,142.52306111251045,116.91932528476259,155.32492902638435,104.11745737088867,0.8069124729246302,12.801867913873922,90011.12691883986,554.9749582637729,-61.643043561204735,2011-2018,CPIAUCSL
2013-10-18,1102.009,-78.99775,42,100.80999755859375,233.9276,143.9921808895166,2013,4,127.46501740493773,16.527163484578864,1.2909962511539181,140.26688531881166,114.6631494910638,153.06875323268557,101.86128157718989,0.8069124729246302,12.801867913873922,90011.12691883986,554.9749582637729,-61.643043561204735,2011-2018,CPIAUCSL
2013-10-25,1096.218,-82.33050000000003,43,97.8499984741211,234.0138,139.7127769394649,2013,4,128.79847192696914,10.91430501249576,0.8525556649953768,141.60033984084308,115.99660401309522,154.40220775471698,103.1947360992213,0.8069124729246302,12.801867913873922,90011.12691883986,554.9749582637729,-61.643043561204735,2011-2018,CPIAUCSL
2013-11-01,1087.433,-86.13200000000006,44,94.61000061035156,234.1,135.03688216120196,2013,4,130.34262100368622,4.69426115751574,0.3666856422122878,143.14448891756015,117.5407530898123,155.94635683143406,104.73888517593838,0.8069124729246302,12.801867913873922,90011.12691883986,554.9749582637729,-61.643043561204735,2011-2018,CPIAUCSL
2013-11-08,1081.508,-90.14300000000003,45,94.5999984741211,234.22379999999998,134.95123932818336,2013,4,131.999250860734,2.951988467449354,0.2305904487774132,144.80111877460794,119.19738294686009,157.60298668848185,106.39551503298617,0.8069124729246302,12.801867913873922,90011.12691883986,554.9749582637729,-61.643043561204735,2011-2018,CPIAUCSL
2013-11-15,1069.774,-99.16200000000003,46,93.83999633789062,234.3476,133.79634276764827,2013,4,135.83077829260841,-2.034435524960145,-0.15891708449478234,148.63264620648235,123.0289103787345,161.43451412035625,110.22704246486057,0.8069124729246302,12.801867913873922,90011.12691883986,554.9749582637729,-61.643043561204735,2011-2018,CPIAUCSL
2013-11-22,1068.135,-100.38525000000004,47,94.83999633789062,234.4714,135.15073828354218,2013,4,136.36215823410618,-1.211419950563993,-0.09462837444613269,149.1640261479801,123.56029032023226,161.96589406185402,110.75842240635833,0.8069124729246302,12.801867913873922,90011.12691883986,554.9749582637729,-61.643043561204735,2011-2018,CPIAUCSL
2013-11-29,1061.048,-107.38587499999994,48,92.72000122070312,234.5952,132.05993442267683,2013,4,139.45910634488345,-7.3991719222066195,-0.5779759619444148,152.2609742587574,126.65723843100953,165.0628421726313,113.85537051713561,0.8069124729246302,12.801867913873922,90011.12691883986,554.9749582637729,-61.643043561204735,2011-2018,CPIAUCSL
2013-12-06,1055.906,-111.93437500000005,49,97.6500015258789,234.8328,138.94095143371558,2013,4,141.52373239360656,-2.5827809598909823,-0.20175032091152215,154.3256003074805,128.72186447973263,167.1274682213544,115.91999656585872,0.8069124729246302,12.801867913873922,90011.12691883986,554.9749582637729,-61.643043561204735,2011-2018,CPIAUCSL
2013-12-13,1043.309,-116.60687499999995,50,96.5999984741211,234.9466,137.38038384107944,2013,4,143.68925674834756,-6.308872907268125,-0.4928087799149165,156.4911246622215,130.88738883447363,169.2929925760954,118.08552092059972,0.8069124729246302,12.801867913873922,90011.12691883986,554.9749582637729,-61.643043561204735,2011-2018,CPIAUCSL
2013-12-20,1030.603,-125.62199999999984,51,99.31999969482422,235.06040000000002,141.18027033916096,2013,4,148.00061950525887,-6.8203491660979125,-0.5327620322270638,160.8024874191328,135.19875159138493,173.6043553330067,122.39688367751103,0.8069124729246302,12.801867913873922,90011.12691883986,554.9749582637729,-61.643043561204735,2011-2018,CPIAUCSL
2013-12-27,1023.985,-133.65812500000004,52,100.31999969482422,235.1742,142.5327345347887,2013,4,151.99932676983494,-9.46659223504625,-0.7394696069928128,164.80119468370887,139.197458855961,177.60306259758278,126.3955909420871,0.8069124729246302,12.801867913873922,90011.12691883986,554.9749582637729,-61.643043561204735,2011-2018,CPIAUCSL
2014-01-03,1025.775,-113.892875,1,93.95999908447266,235.33116666666666,133.40752480338952,2014,1,142.42583689026446,-9.018312086874943,-0.7044528304421435,155.2277048041384,129.62396897639053,168.0295727180123,116.82210106251662,0.8069124729246302,12.801867913873922,90011.12691883986,554.9749582637729,-61.643043561204735,2011-2018,CPIAUCSL
2014-01-10,1015.515,-123.45362499999999,2,92.72000122070312,235.37433333333334,131.62279119023776,2014,1,146.94716966892403,-15.32437847868627,-1.197042383328967,159.74903758279797,134.1453017550501,172.55090549667187,121.34343384117619,0.8069124729246302,12.801867913873922,90011.12691883986,554.9749582637729,-61.643043561204735,2011-2018,CPIAUCSL
2014-01-17,1011.556,-127.21024999999986,3,94.37000274658203,235.41750000000002,133.94052433535398,2014,1,148.7790066452751,-14.838482309921119,-1.1590872839611188,161.58087455914904,135.97713873140117,174.38274247302294,123.17527081752726,0.8069124729246302,12.801867913873922,90011.12691883986,554.9749582637729,-61.643043561204735,2011-2018,CPIAUCSL
2014-01-24,1007.787,-134.81400000000008,4,96.63999938964844,235.46066666666667,137.13721316254924,2014,1,152.587063135981,-15.449849973431753,-1.2068434135840522,165.38893104985493,139.78519522210706,178.19079896372884,126.98332730823316,0.8069124729246302,12.801867913873922,90011.12691883986,554.9749582637729,-61.643043561204735,2011-2018,CPIAUCSL
2014-01-31,1002.474,-142.68624999999986,5,97.48999786376953,235.50383333333332,138.31804780057723,2014,1,156.6775776799008,-18.35952987932356,-1.4341289882726072,169.47944559377473,143.87570976602686,182.28131350764863,131.07384185215295,0.8069124729246302,12.801867913873922,90011.12691883986,554.9749582637729,-61.643043561204735,2011-2018,CPIAUCSL
2014-02-07,1004.308,-140.34062500000005,6,99.87999725341797,235.6432,141.62514921831735,2014,1,155.44251761343773,-13.817368395120383,-1.0793243992266097,168.24438552731166,142.6406496995638,181.04625344118557,129.8387817856899,0.8069124729246302,12.801867913873922,90011.12691883986,554.9749582637729,-61.643043561204735,2011-2018,CPIAUCSL
2014-02-14,1001.808,-138.18787500000008,7,100.30000305175781,235.7394,142.1626606315571,2014,1,154.32124739997735,-12.158586768420264,-0.94975099338773,167.1231153138513,141.51937948610342,179.9249832277252,128.7175115722295,0.8069124729246302,12.801867913873922,90011.12691883986,554.9749582637729,-61.643043561204735,2011-2018,CPIAUCSL
2014-02-21,1001.31,-139.21437500000002,8,102.19999694824219,235.8356,144.7965751579198,2014,1,154.85445654388263,-10.057881385962844,-0.7856573316978763,167.65632445775657,142.0525886300087,180.45819237163047,129.2507207161348,0.8069124729246302,12.801867913873922,90011.12691883986,554.9749582637729,-61.643043561204735,2011-2018,CPIAUCSL
2014-02-28,1003.492,-135.98087499999997,9,102.58999633789062,235.93179999999998,145.28985946945573,2014,1,153.1836819564785,-7.89382248702276,-0.6166148987108274,165.98554987035243,140.38181404260456,178.78741778422634,127.57994612873065,0.8069124729246302,12.801867913873922,90011.12691883986,554.9749582637729,-61.643043561204735,2011-2018,CPIAUCSL
2014-03-07,1001.623,-134.74749999999995,10,102.58000183105469,236.11599999999999,145.16237185032838,2014,1,152.55316172898048,-7.3907898786521,-0.5773212103401247,165.35502964285442,139.75129381510655,178.15689755672832,126.94942590123264,0.8069124729246302,12.801867913873922,90011.12691883986,554.9749582637729,-61.643043561204735,2011-2018,CPIAUCSL
2014-03-14,1001.111,-136.15975000000014,11,98.88999938964844,236.20399999999998,139.88846245644706,2014,1,153.27543395060093,-13.386971494153869,-1.0457045475094964,166.07730186447486,140.473566036727,178.87916977834877,127.67169812285309,0.8069124729246302,12.801867913873922,90011.12691883986,554.9749582637729,-61.643043561204735,2011-2018,CPIAUCSL
2014-03-21,1006.569,-133.1467500000001,12,99.45999908447266,236.292,140.6423787267192,2014,1,151.7403318401746,-11.097953113455418,-0.8669010794454535,164.54219975404854,138.93846392630067,177.34406766792245,126.13659601242676,0.8069124729246302,12.801867913873922,90011.12691883986,554.9749582637729,-61.643043561204735,2011-2018,CPIAUCSL
2014-03-28,1005.298,-135.89100000000008,13,101.66999816894531,236.38,143.7139273973596,2014,1,153.13761111178218,-9.423683714422566,-0.7361178679409529,165.9394790256561,140.33574319790824,178.74134693953002,127.53387528403434,0.8069124729246302,12.801867913873922,90011.12691883986,554.9749582637729,-61.643043561204735,2011-2018,CPIAUCSL
2014-04-04,1010.677,-133.60000000000002,14,101.13999938964844,236.558,142.85718147795728,2014,2,151.96985666836838,-9.112675190411096,-0.7118238722440893,164.7717245822423,139.16798875449444,177.57359249611622,126.36612084062054,0.8069124729246302,12.801867913873922,90011.12691883986,554.9749582637729,-61.643043561204735,2011-2018,CPIAUCSL
2014-04-11,1025.138,-119.48424999999997,15,103.73999786376953,236.648,146.47387354306468,2014,2,145.04592869654755,1.4279448465171356,0.11154191373663619,157.84779661042148,132.2440607826736,170.6496645242954,119.44219286879971,0.8069124729246302,12.801867913873922,90011.12691883986,554.9749582637729,-61.643043561204735,2011-2018,CPIAUCSL
2014-04-18,1037.16,-111.86099999999988,16,104.30000305175781,236.738,147.20857792026158,2014,2,141.49009011737556,5.718487802886017,0.44669167353997236,154.2919580312495,128.68822220350162,167.0938259451234,115.88635428962772,0.8069124729246302,12.801867913873922,90011.12691883986,554.9749582637729,-61.643043561204735,2011-2018,CPIAUCSL
2014-04-25,1045.072,-109.67200000000003,17,100.5999984741211,236.828,141.93244924652723,2014,2,140.49153751095207,1.4409117355751562,0.11255480413241724,153.293405424826,127.68966959707815,166.0952733386999,114.88780168320423,0.8069124729246302,12.801867913873922,90011.12691883986,554.9749582637729,-61.643043561204735,2011-2018,CPIAUCSL
2014-05-02,1052.492,-104.67775000000006,18,99.76000213623047,236.97016666666667,140.66289331968295,2014,2,138.24966122792554,2.4132320917574077,0.18850624830631837,151.05152914179948,125.44779331405162,163.85339705567338,112.6459254001777,0.8069124729246302,12.801867913873922,90011.12691883986,554.9749582637729,-61.643043561204735,2011-2018,CPIAUCSL
2014-05-09,1055.94,-102.00587500000006,19,99.98999786376953,237.02233333333334,140.95616014898388,2014,2,137.0705778415712,3.885582307412676,0.3035168253221631,149.87244575544514,124.26870992769729,162.67431366931905,111.46684201382337,0.8069124729246302,12.801867913873922,90011.12691883986,554.9749582637729,-61.643043561204735,2011-2018,CPIAUCSL
2014-05-16,1058.017,-101.70024999999987,20,102.0199966430664,237.0745,143.78620854771145,2014,2,136.93659319730574,6.849615350405713,0.5350481192656658,149.73846111117967,124.13472528343182,162.54032902505358,111.3328573695579,0.8069124729246302,12.801867913873922,90011.12691883986,554.9749582637729,-61.643043561204735,2011-2018,CPIAUCSL
2014-05-23,1061.212,-101.2165,21,104.3499984741211,237.12666666666667,147.03774075806132,2014,2,136.72488827471437,10.312852483346944,0.8055740422200789,149.5267561885883,123.92302036084045,162.32862410246221,111.12115244696653,0.8069124729246302,12.801867913873922,90011.12691883986,554.9749582637729,-61.643043561204735,2011-2018,CPIAUCSL
2014-05-30,1070.007,-99.63199999999983,22,102.70999908447266,237.17883333333333,144.6950143981114,2014,2,136.03460860245914,8.660405795652252,0.6764954812779006,148.83647651633308,123.23274068858522,161.63834443020698,110.4308727747113,0.8069124729246302,12.801867913873922,90011.12691883986,554.9749582637729,-61.643043561204735,2011-2018,CPIAUCSL
2014-06-06,1076.058,-96.607125,23,102.66000366210938,237.2844,144.5602394579006,2014,2,134.73008820487613,9.830151253024468,0.7678685109983927,147.53195611875006,121.9282202910022,160.33382403262397,109.12635237712828,0.8069124729246302,12.801867913873922,90011.12691883986,554.9749582637729,-61.643043561204735,2011-2018,CPIAUCSL
2014-06-13,1082.101,-94.76724999999988,24,106.91000366210938,237.3378,150.51098659220852,2014,2,133.94500353697427,16.565983055234256,1.2940285876001738,146.7468714508482,121.14313562310035,159.5487393647221,108.34126770922643,0.8069124729246302,12.801867913873922,90011.12691883986,554.9749582637729,-61.643043561204735,2011-2018,CPIAUCSL
2014-06-20,1087.274,-90.27612500000009,25,107.26000213623047,237.3912,150.96975698248636,2014,2,132.05472470443593,18.915032278050433,1.4775212809024079,144.85659261830986,119.252856790562,157.65846053218377,106.45098887668809,0.8069124729246302,12.801867913873922,90011.12691883986,554.9749582637729,-61.643043561204735,2011-2018,CPIAUCSL
2014-06-27,1086.834,-88.84275000000002,26,105.73999786376953,237.44459999999998,148.79686135721417,2014,2,131.45909639627433,17.337764960939836,1.3543152513040828,144.26096431014827,118.65722848240041,157.06283222402217,105.85536056852649,0.8069124729246302,12.801867913873922,90011.12691883986,554.9749582637729,-61.643043561204735,2011-2018,CPIAUCSL
2014-07-04,1091.366,-85.72475000000009,27,104.05999755859375,237.4904,146.40453274848366,2014,3,130.17600165964086,16.2285310888428,1.2676689994008812,142.9778695735148,117.37413374576694,155.7797374873887,104.57226583189302,0.8069124729246302,12.801867913873922,90011.12691883986,554.9749582637729,-61.643043561204735,2011-2018,CPIAUCSL
2014-07-11,1092.592,-85.43049999999994,28,100.83000183105469,237.4828,141.86471332581615,2014,3,130.05579418394203,11.808919141874128,0.9224371959873376,142.85766209781596,117.2539262700681,155.65953001168987,104.45205835619419,0.8069124729246302,12.801867913873922,90011.12691883986,554.9749582637729,-61.643043561204735,2011-2018,CPIAUCSL
2014-07-18,1097.829,-81.61262499999998,29,103.12999725341797,237.4752,145.10537989769793,2014,3,128.50965891139086,16.59572098630707,1.2963515244772672,141.3115268252648,115.70779099751694,154.1133947391387,102.90592308364302,0.8069124729246302,12.801867913873922,90011.12691883986,554.9749582637729,-61.643043561204735,2011-2018,CPIAUCSL
2014-07-25,1097.336,-83.38287500000001,30,102.08999633789062,237.4676,143.6466809214214,2014,3,129.22344914133382,14.423231780087576,1.1266505698325877,142.02531705520775,116.4215812274599,154.82718496908166,103.61971331358598,0.8069124729246302,12.801867913873922,90011.12691883986,554.9749582637729,-61.643043561204735,2011-2018,CPIAUCSL
2014-08-01,1089.228,-89.5486249999999,31,97.87999725341797,237.46,137.72737034566578,2014,3,131.75195901125923,5.9754113344065445,0.466760895722939,144.55382692513317,118.95009109738531,157.35569483900707,106.14822318351139,0.8069124729246302,12.801867913873922,90011.12691883986,554.9749582637729,-61.643043561204735,2011-2018,CPIAUCSL
2014-08-08,1090.747,-90.21162499999991,32,97.6500015258789,237.4634,137.40177500972126,2014,3,132.0278432678875,5.373931741833758,0.4197771589261441,144.82971118176144,119.22597535401358,157.63157909563535,106.42410744013966,0.8069124729246302,12.801867913873922,90011.12691883986,554.9749582637729,-61.643043561204735,2011-2018,CPIAUCSL
2014-08-15,1090.065,-91.19799999999987,33,97.3499984741211,237.4668,136.97768420746206,2014,3,132.4397484252959,4.537935782166159,0.35447450424388516,145.24161633916984,119.63788051142198,158.04348425304374,106.83601259754806,0.8069124729246302,12.801867913873922,90011.12691883986,554.9749582637729,-61.643043561204735,2011-2018,CPIAUCSL
2014-08-22,1091.487,-91.91874999999982,34,93.6500015258789,237.4702,131.76966482465355,2014,3,132.7418395533876,-0.9721747287340463,-0.07594006868954332,145.54370746726153,119.93997163951367,158.34557538113543,107.13810372563975,0.8069124729246302,12.801867913873922,90011.12691883986,554.9749582637729,-61.643043561204735,2011-2018,CPIAUCSL
2014-08-29,1092.964,-89.36587499999996,35,95.95999908447266,237.4736,135.01799970225713,2014,3,131.67605212286188,3.341947579395253,0.26105155918484707,144.4779200367358,118.87418420898796,157.27978795060972,106.07231629511404,0.8069124729246302,12.801867913873922,90011.12691883986,554.9749582637729,-61.643043561204735,2011-2018,CPIAUCSL
2014-09-05,1102.718,-83.70737499999996,36,93.29000091552734,237.4676,131.2645653382022,2014,3,129.35487379068698,1.909691547515223,0.1491728832357042,142.15674170456091,116.55300587681306,154.95860961843482,103.75113796293914,0.8069124729246302,12.801867913873922,90011.12691883986,554.9749582637729,-61.643043561204735,2011-2018,CPIAUCSL
2014-09-12,1107.62,-79.00475000000006,37,92.2699966430664,237.4582,129.83449823313921,2014,3,127.4677985799016,2.3666996532376174,0.1848714319785104,140.26966649377553,114.66593066602768,153.07153440764944,101.86406275215376,0.8069124729246302,12.801867913873922,90011.12691883986,554.9749582637729,-61.643043561204735,2011-2018,CPIAUCSL
2014-09-19,1108.544,-77.68962499999998,38,92.41000366210938,237.4488,130.03665183241299,2014,3,126.94671741746541,3.089934414947578,0.2413659034552986,139.74858533133934,114.14484950359149,152.55045324521325,101.34298158971757,0.8069124729246302,12.801867913873922,90011.12691883986,554.9749582637729,-61.643043561204735,2011-2018,CPIAUCSL
2014-09-26,1102.727,-77.90112499999987,39,93.54000091552734,237.4394,131.63196186440018,2014,3,127.03032446456353,4.6016373998366475,0.3594504669783118,139.83219237843747,114.22845655068961,152.63406029231137,101.4265886368157,0.8069124729246302,12.801867913873922,90011.12691883986,554.9749582637729,-61.643043561204735,2011-2018,CPIAUCSL
2014-10-03,1106.434,-78.86462499999993,40,89.73999786376953,237.3555,126.32913594258054,2014,4,127.41214098353441,-1.0830050409538785,-0.08459742345725818,140.21400889740835,114.6102730696605,153.01587681128225,101.80840515578657,0.8069124729246302,12.801867913873922,90011.12691883986,554.9749582637729,-61.643043561204735,2011-2018,CPIAUCSL
2014-10-10,1107.479,-75.44049999999993,41,85.81999969482422,237.281,120.84879243610447,2014,4,126.06218881091456,-5.213396374810088,-0.40723716334864785,138.8640567247885,113.26032089704064,151.6659246386624,100.45845298316672,0.8069124729246302,12.801867913873922,90011.12691883986,554.9749582637729,-61.643043561204735,2011-2018,CPIAUCSL
2014-10-17,1111.871,-69.13574999999992,42,82.75,237.2065,116.56232122644194,2014,4,123.62633237185253,-7.064011145410589,-0.5517953468145866,136.42820028572646,110.8244644579786,149.23006819960037,98.02259654410469,0.8069124729246302,12.801867913873922,90011.12691883986,554.9749582637729,-61.643043561204735,2011-2018,CPIAUCSL
2014-10-24,1103.401,-75.14750000000004,43,81.01000213623047,237.132,114.14719659843809,2014,4,125.94756920726786,-11.800372608829775,-0.9217695955166992,138.7494371211418,113.14570129339394,151.5513050350157,100.34383337952002,0.8069124729246302,12.801867913873922,90011.12691883986,554.9749582637729,-61.643043561204735,2011-2018,CPIAUCSL
2014-10-31,1100.972,-72.59300000000007,44,80.54000091552734,237.0575,113.52060595385534,2014,4,124.95416509646356,-11.433559142608217,-0.8931164748401433,137.7560330103375,112.15229718258963,150.5579009242114,99.35042926871571,0.8069124729246302,12.801867913873922,90011.12691883986,554.9749582637729,-61.643043561204735,2011-2018,CPIAUCSL
2014-11-07,1094.691,-76.96000000000004,45,78.6500015258789,236.8368,110.95996762261372,2014,4,126.65886072600571,-15.698893103391995,-1.2262970692252217,139.46072863987965,113.8569928121318,152.26259655375355,101.05512489825787,0.8069124729246302,12.801867913873922,90011.12691883986,554.9749582637729,-61.643043561204735,2011-2018,CPIAUCSL
2014-11-14,1094.727,-74.20899999999983,46,75.81999969482422,236.69060000000002,107.03345345371261,2014,4,125.58137483127865,-18.54792137756604,-1.4488449265645742,138.3832427451526,112.77950691740473,151.1851106590265,99.97763900353081,0.8069124729246302,12.801867913873922,90011.12691883986,554.9749582637729,-61.643043561204735,2011-2018,CPIAUCSL
2014-11-21,1090.051,-78.4692500000001,47,76.51000213623047,236.5444,108.07427072372384,2014,4,127.25527467051225,-19.181003946788408,-1.4982972856641608,140.05714258438618,114.45340675663833,152.8590104982601,101.65153884276441,0.8069124729246302,12.801867913873922,90011.12691883986,554.9749582637729,-61.643043561204735,2011-2018,CPIAUCSL
2014-11-28,1088.914,-79.51987499999996,48,66.1500015258789,236.3982,93.49803069500292,2014,4,127.67268801317721,-34.17465731817428,-2.6695055399796597,140.47455592705114,114.87082009930329,153.27642384092505,102.06895218542937,0.8069124729246302,12.801867913873922,90011.12691883986,554.9749582637729,-61.643043561204735,2011-2018,CPIAUCSL
2014-12-05,1096.205,-71.63537500000007,49,65.83999633789062,235.95100000000002,93.23623894950956,2014,4,124.58446611436449,-31.348227164854933,-2.4487229032320776,137.38633402823842,111.78259820049057,150.18820194211233,98.98073028661665,0.8069124729246302,12.801867913873922,90011.12691883986,554.9749582637729,-61.643043561204735,2011-2018,CPIAUCSL
2014-12-12,1097.39,-62.525874999999814,50,57.810001373291016,235.65,81.96950379316401,2014,4,121.13956275878047,-39.17005896561646,-3.059714350213395,133.9414306726544,108.33769484490655,146.7432985865283,95.53582693103263,0.8069124729246302,12.801867913873922,90011.12691883986,554.9749582637729,-61.643043561204735,2011-2018,CPIAUCSL
2014-12-19,1103.824,-52.40099999999984,51,56.52000045776367,235.34900000000002,80.24289150560669,2014,4,117.45721708460857,-37.21432557900188,-2.906944973137174,130.2590849984825,104.65534917073465,143.0609529123564,91.85348125686073,0.8069124729246302,12.801867913873922,90011.12691883986,554.9749582637729,-61.643043561204735,2011-2018,CPIAUCSL
2014-12-26,1106.648,-50.995125000000144,52,54.72999954223633,235.048,77.80108521258197,2014,4,116.95760864332479,-39.15652343074282,-3.058657040845364,129.75947655719872,104.15574072945087,142.56134447107263,91.35387281557695,0.8069124729246302,12.801867913873922,90011.12691883986,554.9749582637729,-61.643043561204735,2011-2018,CPIAUCSL
2015-01-02,1111.801,-27.866875000000164,1,52.689998626708984,234.84616666666668,74.96550691470047,2015,1,109.12103647624167,-34.1555295615412,-2.6680114020334034,121.92290439011559,96.31916856236775,134.7247723039895,83.51730064849383,0.8069124729246302,12.801867913873922,90011.12691883986,554.9749582637729,-61.643043561204735,2011-2018,CPIAUCSL
2015-01-09,1121.784,-17.18462499999987,2,48.36000061035156,234.94533333333334,68.77589409708376,2015,1,105.72911125715194,-36.95321716006818,-2.88654885432933,118.53097917102586,92.92724334327802,131.33284708489978,80.1253754294041,0.8069124729246302,12.801867913873922,90011.12691883986,554.9749582637729,-61.643043561204735,2011-2018,CPIAUCSL
2015-01-16,1123.888,-14.87824999999998,3,48.689998626708984,235.04450000000003,69.21599072150549,2015,1,105.01438193615664,-35.79839121465115,-2.796341241410164,117.81624985003056,92.21251402228272,130.61811776390448,79.4106461084088,0.8069124729246302,12.801867913873922,90011.12691883986,554.9749582637729,-61.643043561204735,2011-2018,CPIAUCSL
2015-01-23,1125.856,-16.74500000000012,4,45.59000015258789,235.1436666666667,64.78181001820592,2015,1,105.59240206355867,-40.81059204535275,-3.187862296339161,118.39426997743259,92.79053414968475,131.1961378913065,79.98866623581083,0.8069124729246302,12.801867913873922,90011.12691883986,554.9749582637729,-61.643043561204735,2011-2018,CPIAUCSL
2015-01-30,1138.099,-7.061249999999973,5,48.2400016784668,235.24283333333335,68.51847417595202,2015,1,102.63670626302726,-34.11823208707524,-2.6650979620013016,115.43857417690118,89.83483834915334,128.2404420907751,77.03297043527942,0.8069124729246302,12.801867913873922,90011.12691883986,554.9749582637729,-61.643043561204735,2011-2018,CPIAUCSL
2015-02-06,1139.763,-4.885625000000118,6,51.689998626708984,235.46880000000002,73.3482776959873,2015,1,101.98697337584196,-28.63869567985465,-2.237071642398192,114.78884128971588,89.18510546196804,127.5907092035898,76.38323754809412,0.8069124729246302,12.801867913873922,90011.12691883986,554.9749582637729,-61.643043561204735,2011-2018,CPIAUCSL
2015-02-13,1138.901,-1.0948750000000018,7,52.779998779296875,235.59560000000002,74.85468222719457,2015,1,100.86709110268077,-26.0124088754862,-2.031922923317734,113.6689590165547,88.06522318880685,126.47082693042861,75.26335527493293,0.8069124729246302,12.801867913873922,90011.12691883986,554.9749582637729,-61.643043561204735,2011-2018,CPIAUCSL
2015-02-20,1141.121,0.596625000000131,8,50.34000015258789,235.7224,71.35577522961053,2015,1,100.37231077002025,-29.01653554040972,-2.2665860744402213,113.17417868389417,87.57044285614633,125.97604659776809,74.76857494227241,0.8069124729246302,12.801867913873922,90011.12691883986,554.9749582637729,-61.643043561204735,2011-2018,CPIAUCSL
2015-02-27,1143.418,3.945124999999962,9,49.7599983215332,235.8492,70.49571505509542,2015,1,99.40167394693432,-28.905958891838907,-2.2579485342535293,112.20354186080824,86.5998060330604,125.00540977468216,73.79793811918648,0.8069124729246302,12.801867913873922,90011.12691883986,554.9749582637729,-61.643043561204735,2011-2018,CPIAUCSL
2015-03-06,1146.528,10.157500000000027,10,49.61000061035156,236.0252,70.23080210900098,2015,1,97.63134530574578,-27.400543196744806,-2.140355093575812,110.4332132196197,84.82947739187186,123.23508113349362,72.02760947799794,0.8069124729246302,12.801867913873922,90011.12691883986,554.9749582637729,-61.643043561204735,2011-2018,CPIAUCSL
2015-03-13,1153.514,16.24324999999976,11,44.84000015258789,236.0744,63.4648826428632,2015,1,95.93443841793277,-32.469555775069566,-2.536313918680644,108.73630633180669,83.13257050405885,121.53817424568061,70.33070259018493,0.8069124729246302,12.801867913873922,90011.12691883986,554.9749582637729,-61.643043561204735,2011-2018,CPIAUCSL
2015-03-20,1163.991,24.275249999999915,12,45.720001220703125,236.1236,64.69692029036807,2015,1,93.7494373299744,-29.05251703960633,-2.2693967189054414,106.55130524384832,80.94756941610048,119.35317315772224,68.14570150222656,0.8069124729246302,12.801867913873922,90011.12691883986,554.9749582637729,-61.643043561204735,2011-2018,CPIAUCSL
2015-03-27,1167.195,26.005999999999858,13,48.869998931884766,236.1728,69.13997553109243,2015,1,93.28652106313817,-24.146545532045735,-1.8861736189198695,106.08838897701209,80.48465314926425,118.89025689088601,67.68278523539033,0.8069124729246302,12.801867913873922,90011.12691883986,554.9749582637729,-61.643043561204735,2011-2018,CPIAUCSL
2015-04-03,1182.063,37.78600000000006,14,49.13999938964844,236.3778,69.46167168009272,2015,2,90.20758975730368,-20.74591807721096,-1.6205383633686563,103.0094576711776,77.40572184342976,115.81132558505152,64.60385392955584,0.8069124729246302,12.801867913873922,90011.12691883986,554.9749582637729,-61.643043561204735,2011-2018,CPIAUCSL
2015-04-10,1189.307,44.68475000000012,15,51.63999938964844,236.5336,72.94745708881368,2015,2,88.46063303806838,-15.513175949254702,-1.211790033581148,101.2625009519423,75.65876512419446,114.06436886581622,62.85689721032054,0.8069124729246302,12.801867913873922,90011.12691883986,554.9749582637729,-61.643043561204735,2011-2018,CPIAUCSL
2015-04-17,1198.453,49.432000000000016,16,55.7400016784668,236.6894,78.68735355629693,2015,2,87.28165971720713,-8.594306160910207,-0.6713322007951822,100.08352763108105,74.47979180333321,112.88539554495497,61.677923889459294,0.8069124729246302,12.801867913873922,90011.12691883986,554.9749582637729,-61.643043561204735,2011-2018,CPIAUCSL
2015-04-24,1205.988,51.24400000000014,17,57.150001525878906,236.8452,80.62475895582196,2015,2,86.83652094570888,-6.211761989886924,-0.4852230964791455,99.6383888595828,74.03465303183496,112.44025677345672,61.23278511796104,0.8069124729246302,12.801867913873922,90011.12691883986,554.9749582637729,-61.643043561204735,2011-2018,CPIAUCSL
2015-05-01,1212.201,55.03125,18,59.150001525878906,237.001,83.39141674441645,2015,2,85.91467912990291,-2.5232623854864613,-0.19710111074899436,98.71654704377683,73.11281121602899,111.51841495765075,60.31094330215507,0.8069124729246302,12.801867913873922,90011.12691883986,554.9749582637729,-61.643043561204735,2011-2018,CPIAUCSL
2015-05-08,1206.646,48.700124999999844,19,59.38999938964844,237.1322,83.68344698047173,2015,2,87.46221092800525,-3.7787639475335197,-0.2951728585981046,100.26407884187917,74.66034301413133,113.06594675575309,61.85847510025741,0.8069124729246302,12.801867913873922,90011.12691883986,554.9749582637729,-61.643043561204735,2011-2018,CPIAUCSL
2015-05-15,1204.157,44.439750000000004,20,59.689998626708984,237.26340000000002,84.0596523995732,2015,2,88.52198522088912,-4.4623328213159255,-0.3485688847390706,101.32385313476304,75.7201173070152,114.12572104863696,62.91824939314128,0.8069124729246302,12.801867913873922,90011.12691883986,554.9749582637729,-61.643043561204735,2011-2018,CPIAUCSL
2015-05-22,1206.389,43.96049999999991,21,59.720001220703125,237.3946,84.05542387179302,2015,2,88.64214272542634,-4.5867188536333146,-0.3582851256153404,101.44401063930026,75.84027481155242,114.24587855317418,63.0384068976785,0.8069124729246302,12.801867913873922,90011.12691883986,554.9749582637729,-61.643043561204735,2011-2018,CPIAUCSL
2015-05-29,1213.817,44.17800000000011,22,60.29999923706055,237.5258,84.82488658107151,2015,2,88.58758732756587,-3.7627007464943603,-0.2939181041242086,101.38945524143979,75.78571941369195,114.19132315531371,62.98385149981803,0.8069124729246302,12.801867913873922,90011.12691883986,554.9749582637729,-61.643043561204735,2011-2018,CPIAUCSL
2015-06-05,1213.87,41.2048749999999,23,59.130001068115234,237.7324,83.1067468586125,2015,2,89.33678147929689,-6.230034620684393,-0.48665043746722636,102.13864939317081,76.53491356542297,114.94051730704473,63.73304565154905,0.8069124729246302,12.801867913873922,90011.12691883986,554.9749582637729,-61.643043561204735,2011-2018,CPIAUCSL
2015-06-12,1216.61,39.74174999999991,24,59.959999084472656,237.80780000000001,84.246582551514,2015,2,89.70822279487265,-5.461640243358659,-0.42662838580295376,102.51009070874657,76.90635488099873,115.3119586226205,64.10448696712481,0.8069124729246302,12.801867913873922,90011.12691883986,554.9749582637729,-61.643043561204735,2011-2018,CPIAUCSL
2015-06-19,1210.028,32.47787500000004,25,59.61000061035156,237.8832,83.7282713278507,2015,2,91.57968654081154,-7.851415212960831,-0.6133023138328058,104.38155445468546,78.77781862693762,117.18342236855938,65.9759507130637,0.8069124729246302,12.801867913873922,90011.12691883986,554.9749582637729,-61.643043561204735,2011-2018,CPIAUCSL
2015-06-26,1220.363,44.68624999999997,26,59.630001068115234,237.9586,83.7298247967941,2015,2,88.46025756686603,-4.730432770071928,-0.36951113711658906,101.26212548073995,75.65838965299211,114.06399339461387,62.85652173911819,0.8069124729246302,12.801867913873922,90011.12691883986,554.9749582637729,-61.643043561204735,2011-2018,CPIAUCSL
2015-07-03,1230.939,53.84825000000001,27,56.93000030517578,238.03383333333332,79.91333696387147,2015,3,86.20139748027819,-6.288060516406716,-0.4911830491230175,99.00326539415211,73.39952956640427,111.80513330802603,60.59766165253035,0.8069124729246302,12.801867913873922,90011.12691883986,554.9749582637729,-61.643043561204735,2011-2018,CPIAUCSL
2015-07-10,1233.897,55.8744999999999,28,52.7400016784668,238.03366666666665,74.03183653640502,2015,3,85.71098237945816,-11.679145843053135,-0.9123001363258837,98.51285029333208,72.90911446558424,111.314718207206,60.10724655171032,0.8069124729246302,12.801867913873922,90011.12691883986,554.9749582637729,-61.643043561204735,2011-2018,CPIAUCSL
2015-07-17,1236.879,57.437374999999975,29,50.88999938964844,238.0335,71.43501392057262,2015,3,85.33493521191551,-13.899921291342892,-1.0857729032088328,98.13680312578943,72.53306729804159,110.93867103966335,59.73119938416767,0.8069124729246302,12.801867913873922,90011.12691883986,554.9749582637729,-61.643043561204735,2011-2018,CPIAUCSL
2015-07-24,1237.005,56.286125000000084,30,48.13999938964844,238.03333333333333,67.57484723174326,2015,3,85.6117537477187,-18.03690651597543,-1.4089277156521884,98.41362166159261,72.80988583384477,111.21548957546653,60.008017919970854,0.8069124729246302,12.801867913873922,90011.12691883986,554.9749582637729,-61.643043561204735,2011-2018,CPIAUCSL
2015-07-31,1236.992,58.215374999999995,31,47.119998931884766,238.03316666666666,66.14310343212502,2015,3,85.14845336234549,-19.005349930220476,-1.4845763179311966,97.95032127621941,72.34658544847157,110.75218919009333,59.54471753459765,0.8069124729246302,12.801867913873922,90011.12691883986,554.9749582637729,-61.643043561204735,2011-2018,CPIAUCSL
2015-08-07,1243.009,62.05037500000003,32,43.869998931884766,237.926,61.60876328400254,2015,3,84.23609958956908,-22.627336305566537,-1.7675027158376118,97.037967503443,71.43423167569516,109.83983541731692,58.63236376182124,0.8069124729246302,12.801867913873922,90011.12691883986,554.9749582637729,-61.643043561204735,2011-2018,CPIAUCSL
2015-08-14,1243.962,62.69900000000007,33,42.5,237.819,59.7116609690563,2015,3,84.0829105843338,-24.371249615277506,-1.9037260639805038,96.88477849820772,71.28104267045988,109.68664641208164,58.47917475658596,0.8069124729246302,12.801867913873922,90011.12691883986,554.9749582637729,-61.643043561204735,2011-2018,CPIAUCSL
2015-08-21,1246.907,63.50125000000003,34,40.45000076293945,237.712,56.857033742182644,2015,3,83.89388367408054,-27.036849931897898,-2.11194570306392,96.69575158795446,71.09201576020662,109.49761950182838,58.2901478463327,0.8069124729246302,12.801867913873922,90011.12691883986,554.9749582637729,-61.643043561204735,2011-2018,CPIAUCSL
2015-08-28,1252.526,70.19612500000017,35,45.220001220703125,237.605,63.59043045337747,2015,3,82.33534783995711,-18.744917386579637,-1.4642329941761845,95.13721575383103,69.53347992608319,107.93908366770495,56.73161201220927,0.8069124729246302,12.801867913873922,90011.12691883986,554.9749582637729,-61.643043561204735,2011-2018,CPIAUCSL
2015-09-04,1255.803,69.37762500000008,36,46.04999923706055,237.545,64.77396828002391,2015,3,82.52409746079766,-17.750129180773754,-1.3865265053654547,95.32596537467158,69.72222954692374,108.1278332885455,56.92036163304982,0.8069124729246302,12.801867913873922,90011.12691883986,554.9749582637729,-61.643043561204735,2011-2018,CPIAUCSL
2015-09-11,1264.248,77.6232500000001,37,44.630001068115234,237.59199999999998,62.76417929429615,2015,3,80.64494547038626,-17.880766176090113,-1.396731031470179,93.44681338426018,67.84307755651234,106.2486812981341,55.04120964263842,0.8069124729246302,12.801867913873922,90011.12691883986,554.9749582637729,-61.643043561204735,2011-2018,CPIAUCSL
2015-09-18,1261.218,74.984375,38,44.68000030517578,237.639,62.82206700907126,2015,3,81.24098428944848,-18.418917280377215,-1.4387679520123668,94.0428522033224,68.43911637557456,106.84472011719632,55.637248461700636,0.8069124729246302,12.801867913873922,90011.12691883986,554.9749582637729,-61.643043561204735,2011-2018,CPIAUCSL
2015-09-25,1264.708,84.07987500000013,39,45.70000076293945,237.686,64.24352698485279,2015,3,79.20735335878433,-14.96382637393154,-1.168878360142633,92.00922127265825,66.40548544491041,104.81108918653217,53.60361753103649,0.8069124729246302,12.801867913873922,90011.12691883986,554.9749582637729,-61.643043561204735,2011-2018,CPIAUCSL
2015-10-02,1267.24,81.94137500000011,40,45.540000915527344,237.78033333333335,63.993206808129905,2015,4,79.68027037799453,-15.687063569864627,-1.225373021765355,92.48213829186845,66.87840246412061,105.28400620574237,54.07653455024669,0.8069124729246302,12.801867913873922,90011.12691883986,554.9749582637729,-61.643043561204735,2011-2018,CPIAUCSL
2015-10-09,1270.6,87.68049999999994,41,49.630001068115234,237.82766666666666,69.72663071253446,2015,4,78.418206617885,-8.691575905350547,-0.6789302907844503,91.22007453175893,65.61633870401108,104.02194244563285,52.814470790137165,0.8069124729246302,12.801867913873922,90011.12691883986,554.9749582637729,-61.643043561204735,2011-2018,CPIAUCSL
2015-10-16,1272.064,91.05725000000007,42,47.2599983215332,237.875,66.38373304959416,2015,4,77.6861195477785,-11.302386498184347,-0.8828701072548543,90.48798746165242,64.88425163390458,103.28985537552634,52.08238372003066,0.8069124729246302,12.801867913873922,90011.12691883986,554.9749582637729,-61.643043561204735,2011-2018,CPIAUCSL
2015-10-23,1268.66,90.11149999999998,43,44.599998474121094,237.92233333333334,62.6349022446676,2015,4,77.8903876025831,-15.255485357915504,-1.1916608935936992,90.69225551645702,65.08851968870918,103.49412343033094,52.28665177483526,0.8069124729246302,12.801867913873922,90011.12691883986,554.9749582637729,-61.643043561204735,2011-2018,CPIAUCSL
2015-10-30,1266.757,93.19200000000001,44,46.59000015258789,237.96966666666665,65.41658673998091,2015,4,77.22723634314306,-11.810649603162148,-0.9225723685496279,90.02910425701698,64.42536842926914,102.8309721708909,51.62350051539522,0.8069124729246302,12.801867913873922,90011.12691883986,554.9749582637729,-61.643043561204735,2011-2018,CPIAUCSL
2015-11-06,1269.121,97.47000000000003,45,44.290000915527344,237.9658,62.18818963021605,2015,4,76.31668128419719,-14.128491653981136,-1.1036273572756907,89.11854919807111,63.51481337032327,101.92041711194503,50.71294545644935,0.8069124729246302,12.801867913873922,90011.12691883986,554.9749582637729,-61.643043561204735,2011-2018,CPIAUCSL
2015-11-13,1269.361,100.42500000000018,46,40.7400016784668,237.9146,57.21589806101764,2015,4,75.69466264996024,-18.478764588942596,-1.4434428407839126,88.49653056383416,62.892794736086316,101.29839847770808,50.090926822212396,0.8069124729246302,12.801867913873922,90011.12691883986,554.9749582637729,-61.643043561204735,2011-2018,CPIAUCSL
2015-11-20,1271.706,103.18574999999987,47,40.38999938964844,237.86339999999998,56.73655924393001,2015,4,75.11857983665672,-18.38202059272671,-1.4358858188815824,87.92044775053064,62.3167119227828,100.72231566440456,49.51484400890888,0.8069124729246302,12.801867913873922,90011.12691883986,554.9749582637729,-61.643043561204735,2011-2018,CPIAUCSL
2015-11-27,1273.841,105.40712499999995,48,41.709999084472656,237.8122,58.603400936091305,2015,4,74.65854486769757,-16.055143931606267,-1.2541251042128496,87.46041278157149,61.85667695382365,100.26228069544541,49.05480903994973,0.8069124729246302,12.801867913873922,90011.12691883986,554.9749582637729,-61.643043561204735,2011-2018,CPIAUCSL
2015-12-04,1270.276,102.43562500000007,49,39.970001220703125,237.73919999999998,56.17591241946955,2015,4,75.2746289106494,-19.09871649117985,-1.4918695162040978,88.07649682452332,62.47276099677548,100.87836473839724,49.67089308290156,0.8069124729246302,12.801867913873922,90011.12691883986,554.9749582637729,-61.643043561204735,2011-2018,CPIAUCSL
2015-12-11,1275.094,115.17812500000014,50,35.619998931884766,237.7174,50.06678460688863,2015,4,72.67123352973775,-22.604448922849116,-1.7657148999601633,85.47310144361167,59.86936561586383,98.27496935748559,47.06749770198991,0.8069124729246302,12.801867913873922,90011.12691883986,554.9749582637729,-61.643043561204735,2011-2018,CPIAUCSL
2015-12-18,1269.935,113.71000000000004,51,34.72999954223633,237.69559999999998,48.820295693512904,2015,4,72.96612598337711,-24.145830289864207,-1.8861177487776106,85.76799389725103,60.16425806950319,98.56986181112495,47.36239015562927,0.8069124729246302,12.801867913873922,90011.12691883986,554.9749582637729,-61.643043561204735,2011-2018,CPIAUCSL
2015-12-25,1269.773,112.12987499999986,52,38.099998474121094,237.6738,53.56244815438872,2015,4,73.2849653972456,-19.72251724285688,-1.5405968391130453,86.08683331111952,60.48309748337168,98.88870122499344,47.68122956949776,0.8069124729246302,12.801867913873922,90011.12691883986,554.9749582637729,-61.643043561204735,2011-2018,CPIAUCSL
2016-01-01,1278.051,0.0,53,37.040000915527344,237.652,52.077039309183455,2016,1,100.54648513471645,-48.46944582553299,-3.786122943278037,113.34835304859037,87.74461722084253,126.15022096246429,74.94274930696861,0.8069124729246302,12.801867913873922,90011.12691883986,554.9749582637729,-61.643043561204735,2011-2018,CPIAUCSL
2016-01-08,1288.078,148.41012499999988,1,33.15999984741211,237.5888,46.63428540830062,2016,1,66.32544633223995,-19.69116092393933,-1.5381474841338731,79.12731424611387,53.52357841836603,91.92918215998779,40.72171050449211,0.8069124729246302,12.801867913873922,90011.12691883986,554.9749582637729,-61.643043561204735,2011-2018,CPIAUCSL
2016-01-15,1294.608,155.63937499999997,2,29.420000076293945,237.5256,41.38557715670299,2016,1,65.02359220088118,-23.63801504417819,-1.8464504713847796,77.8254601147551,52.22172428700726,90.62732802862902,39.41985637313334,0.8069124729246302,12.801867913873922,90011.12691883986,554.9749582637729,-61.643043561204735,2011-2018,CPIAUCSL
2016-01-22,1293.511,154.74475000000007,3,32.189998626708984,237.4624,45.294229449129205,2016,1,65.18325965508767,-19.889030205958463,-1.5536037662444466,77.98512756896159,52.38139174121375,90.78699548283551,39.57952382733983,0.8069124729246302,12.801867913873922,90011.12691883986,554.9749582637729,-61.643043561204735,2011-2018,CPIAUCSL
2016-01-29,1303.094,160.49299999999994,4,33.619998931884766,237.3992,47.318962587530145,2016,1,64.1643051525937,-16.845342565063554,-1.3158503648368023,76.96617306646762,51.36243723871978,89.76804098034154,38.56056932484586,0.8069124729246302,12.801867913873922,90011.12691883986,554.9749582637729,-61.643043561204735,2011-2018,CPIAUCSL
2016-02-05,1303.518,158.35775000000012,5,30.889999389648438,237.4848,43.460913650316236,2016,1,64.5408897928732,-21.079976142556966,-1.6466328417364555,77.34275770674712,51.73902187899928,90.14462562062104,38.93715396512536,0.8069124729246302,12.801867913873922,90011.12691883986,554.9749582637729,-61.643043561204735,2011-2018,CPIAUCSL
2016-02-12,1307.078,162.42937499999994,6,29.440000534057617,237.6336,41.39489036249589,2016,1,63.82473345840363,-22.429843095907735,-1.7520758100932734,76.62660137227755,51.02286554452971,89.42846928615147,38.22099763065579,0.8069124729246302,12.801867913873922,90011.12691883986,554.9749582637729,-61.643043561204735,2011-2018,CPIAUCSL
2016-02-19,1302.018,162.02212499999996,7,29.639999389648438,237.78240000000002,41.65002387082736,2016,1,63.895998395715,-22.245974524887636,-1.7377131739329024,76.69786630958892,51.09413048184108,89.49973422346284,38.29226256796716,0.8069124729246302,12.801867913873922,90011.12691883986,554.9749582637729,-61.643043561204735,2011-2018,CPIAUCSL
2016-02-26,1312.14,171.61562500000014,8,32.779998779296875,237.93120000000002,46.033533105894655,2016,1,62.23845035317932,-16.204917247284662,-1.2658244372075353,75.04031826705324,49.4365824393054,87.84218618092716,36.63471452543148,0.8069124729246302,12.801867913873922,90011.12691883986,554.9749582637729,-61.643043561204735,2011-2018,CPIAUCSL
2016-03-04,1311.75,172.27712500000007,9,35.91999816894531,238.2624,50.3729707590785,2016,1,62.12576919335838,-11.752798434279882,-0.9180534054364738,74.9276371072323,49.32390127948446,87.72950502110622,36.52203336561054,0.8069124729246302,12.801867913873922,90011.12691883986,554.9749582637729,-61.643043561204735,2011-2018,CPIAUCSL
2016-03-11,1313.377,177.00649999999996,10,38.5,238.44480000000001,53.94977579716563,2016,1,61.326091657523634,-7.376315860358005,-0.5761905926528098,74.12795957139755,48.52422374364971,86.92982748527147,35.72235582977579,0.8069124729246302,12.801867913873922,90011.12691883986,554.9749582637729,-61.643043561204735,2011-2018,CPIAUCSL
2016-03-18,1320.209,182.93824999999993,11,39.439998626708984,238.6272,55.224744627355555,2016,1,60.3375984856099,-5.112853858254347,-0.3993834253447759,73.13946639948382,47.53573057173598,85.94133431335774,34.73386265786206,0.8069124729246302,12.801867913873922,90011.12691883986,554.9749582637729,-61.643043561204735,2011-2018,CPIAUCSL
2016-03-25,1321.574,181.85825,12,39.459999084472656,238.8096,55.21054829493426,2016,1,60.51638941404943,-5.305841119115165,-0.4144583552033842,73.31825732792335,47.71452150017551,86.12012524179727,34.91265358630159,0.8069124729246302,12.801867913873922,90011.12691883986,554.9749582637729,-61.643043561204735,2011-2018,CPIAUCSL
2016-04-01,1322.018,180.82899999999995,13,36.790000915527344,238.992,51.43552836875739,2016,2,60.687267261304385,-9.251738892546996,-0.722686638761559,73.4891351751783,47.885399347430464,86.29100308905223,35.083531433556544,0.8069124729246302,12.801867913873922,90011.12691883986,554.9749582637729,-61.643043561204735,2011-2018,CPIAUCSL
2016-04-08,1328.711,184.43399999999997,14,39.720001220703125,239.105,55.505672101690706,2016,2,60.090843907777966,-4.58517180608726,-0.3581642801608753,72.89271182165189,47.288975993904046,85.6945797355258,34.487108080030126,0.8069124729246302,12.801867913873922,90011.12691883986,554.9749582637729,-61.643043561204735,2011-2018,CPIAUCSL
2016-04-15,1328.303,183.68075000000022,15,40.36000061035156,239.218,56.373380614909316,2016,2,60.2149830022304,-3.841602387321082,-0.300081395399946,73.01685091610432,47.41311508835648,85.81871882997824,34.61124717448256,0.8069124729246302,12.801867913873922,90011.12691883986,554.9749582637729,-61.643043561204735,2011-2018,CPIAUCSL
2016-04-22,1333.69,184.6690000000001,16,43.72999954223633,239.331,61.05163341584235,2016,2,60.052166564124164,0.9994668517181893,0.07807195468991092,72.85403447799808,47.250298650250244,85.655902391872,34.448430736376324,0.8069124729246302,12.801867913873922,90011.12691883986,554.9749582637729,-61.643043561204735,2011-2018,CPIAUCSL
2016-04-29,1335.85,181.106,17,45.91999816894531,239.444,64.07884477451039,2016,2,60.641232248827265,3.4376125256831216,0.26852429261183336,73.44310016270119,47.839364334953345,86.2449680765751,35.037496421079425,0.8069124729246302,12.801867913873922,90011.12691883986,554.9749582637729,-61.643043561204735,2011-2018,CPIAUCSL
2016-05-06,1334.025,176.85525000000007,18,44.65999984741211,239.69,62.256624844656244,2016,2,61.35150613412189,0.905118710534353,0.07070208165118137,74.15337404799581,48.54963822024797,86.95524196186973,35.74777030637405,0.8069124729246302,12.801867913873922,90011.12691883986,554.9749582637729,-61.643043561204735,2011-2018,CPIAUCSL
2016-05-13,1333.253,175.30712499999981,19,46.209999084472656,239.823,64.38161979499019,2016,2,61.61224228198974,2.7693775130004497,0.21632604957587157,74.41411019586366,48.810374368115816,87.21597810973758,36.008506454241896,0.8069124729246302,12.801867913873922,90011.12691883986,554.9749582637729,-61.643043561204735,2011-2018,CPIAUCSL
2016-05-20,1332.379,172.66174999999998,20,47.75,239.956,66.49033677007452,2016,2,62.06034563917939,4.429991130895132,0.3460425588436329,74.86221355305331,49.25847772530547,87.66408146692723,36.45660981143155,0.8069124729246302,12.801867913873922,90011.12691883986,554.9749582637729,-61.643043561204735,2011-2018,CPIAUCSL
2016-05-27,1329.747,167.31850000000009,21,49.33000183105469,240.089,68.65238658086015,2016,2,62.975455871430114,5.676930709430039,0.44344549933043054,75.77732378530403,50.173587957556194,88.57919169917795,37.371720043682274,0.8069124729246302,12.801867913873922,90011.12691883986,554.9749582637729,-61.643043561204735,2011-2018,CPIAUCSL
2016-06-03,1334.079,164.44000000000005,22,48.619998931884766,240.1978,67.63362888048762,2016,2,63.47407540456098,4.159553475926643,0.32491769981619323,76.2759433184349,50.67220749068706,89.07781123230882,37.87033957681314,0.8069124729246302,12.801867913873922,90011.12691883986,554.9749582637729,-61.643043561204735,2011-2018,CPIAUCSL
2016-06-10,1333.636,160.97087499999998,23,49.06999969482422,240.1736,68.26648752415466,2016,2,64.08033205857828,4.186155465576377,0.32699567701676285,76.8821999724522,51.27846414470436,89.68406788632612,38.47659623083044,0.8069124729246302,12.801867913873922,90011.12691883986,554.9749582637729,-61.643043561204735,2011-2018,CPIAUCSL
2016-06-17,1339.096,162.22775000000001,24,47.97999954223633,240.1494,66.75679900531487,2016,2,63.86000583014747,2.896793175167403,0.2262789457488486,76.66187374402139,51.05813791627355,89.46374165789531,38.25627000239963,0.8069124729246302,12.801867913873922,90011.12691883986,554.9749582637729,-61.643043561204735,2011-2018,CPIAUCSL
2016-06-24,1337.933,160.382875,25,47.63999938964844,240.1252,66.29042114722911,2016,2,64.1836724309443,2.1067487162848124,0.16456572825608054,76.98554034481822,51.38180451707038,89.78740825869214,38.57993660319646,0.8069124729246302,12.801867913873922,90011.12691883986,554.9749582637729,-61.643043561204735,2011-2018,CPIAUCSL
2016-07-01,1341.271,165.59424999999987,26,48.9900016784668,240.101,68.17580206174813,2016,3,63.27365546861314,4.902146593134987,0.38292432214695205,76.07552338248706,50.47178755473922,88.87739129636098,37.6699196408653,0.8069124729246302,12.801867913873922,90011.12691883986,554.9749582637729,-61.643043561204735,2011-2018,CPIAUCSL
2016-07-08,1348.469,171.37824999999998,27,45.40999984741211,240.1898,63.17041214496059,2016,3,62.278935298084065,0.8914768468765288,0.06963646655894629,75.08080321195798,49.477067384210144,87.8826711258319,36.675199470336224,0.8069124729246302,12.801867913873922,90011.12691883986,554.9749582637729,-61.643043561204735,2011-2018,CPIAUCSL
2016-07-15,1351.173,173.15049999999997,28,45.95000076293945,240.27859999999998,63.89799051984539,2016,3,61.97731045508371,1.920680064761683,0.1500312358855196,74.77917836895763,49.17544254120979,87.58104628283155,36.37357462733587,0.8069124729246302,12.801867913873922,90011.12691883986,554.9749582637729,-61.643043561204735,2011-2018,CPIAUCSL
2016-07-22,1354.09,174.648375,29,44.189998626708984,240.3674,61.427832689212,2016,3,61.723524934075414,-0.2956922448634103,-0.02309758598141418,74.52539284794933,48.92165702020149,87.32726076182325,36.11978910632757,0.8069124729246302,12.801867913873922,90011.12691883986,554.9749582637729,-61.643043561204735,2011-2018,CPIAUCSL
2016-07-29,1356.301,175.5821249999999,30,41.599998474121094,240.4562,57.80615800364705,2016,3,61.5658459025919,-3.759687898944854,-0.293682759753389,74.36771381646582,48.76397798871798,87.16958173033974,35.96211007484406,0.8069124729246302,12.801867913873922,90011.12691883986,554.9749582637729,-61.643043561204735,2011-2018,CPIAUCSL
2016-08-05,1359.005,180.22837500000014,31,41.79999923706055,240.6712,58.032184761110905,2016,3,60.7872051147028,-2.7550203535918953,-0.2152045601568943,73.58907302857672,47.98533720082888,86.39094094245064,35.18346928695496,0.8069124729246302,12.801867913873922,90011.12691883986,554.9749582637729,-61.643043561204735,2011-2018,CPIAUCSL
2016-08-12,1360.648,179.68937499999993,32,44.4900016784668,240.79739999999998,61.73442383857877,2016,3,60.87702831837349,0.8573955202052801,0.06697425141186503,73.67889623224741,48.07516040449957,86.48076414612133,35.27329249062565,0.8069124729246302,12.801867913873922,90011.12691883986,554.9749582637729,-61.643043561204735,2011-2018,CPIAUCSL
2016-08-19,1367.347,186.08400000000006,33,48.52000045776367,240.9236,67.2911921993239,2016,3,59.81979811299475,7.4713940863291555,0.5836174952431818,72.62166602686867,47.017930199120826,85.42353394074259,34.216062285246906,0.8069124729246302,12.801867913873922,90011.12691883986,554.9749582637729,-61.643043561204735,2011-2018,CPIAUCSL
2016-08-26,1371.845,188.43925000000013,34,47.63999938964844,241.04979999999998,66.03614952620838,2016,3,59.43498523926546,6.601164286942918,0.5156407120705377,72.23685315313938,46.63311732539154,85.0387210670133,33.83124941151762,0.8069124729246302,12.801867913873922,90011.12691883986,554.9749582637729,-61.643043561204735,2011-2018,CPIAUCSL
2016-09-02,1357.983,175.65312500000005,35,44.439998626708984,241.27016666666665,61.54420741813319,2016,3,61.55387287369754,-0.009665455564352499,-0.0007550035377163702,74.35574078757146,48.75200495982362,87.15760870144538,35.9501370459497,0.8069124729246302,12.801867913873922,90011.12691883986,554.9749582637729,-61.643043561204735,2011-2018,CPIAUCSL
2016-09-09,1363.947,177.52162499999986,36,45.880001068115234,241.36433333333332,63.513653509523266,2016,3,61.23961415411017,2.2740393554130947,0.17763340246220027,74.04148206798409,48.43774624023625,86.84334998185801,35.63587832636233,0.8069124729246302,12.801867913873922,90011.12691883986,554.9749582637729,-61.643043561204735,2011-2018,CPIAUCSL
2016-09-16,1357.88,171.25525000000016,37,43.029998779296875,241.45850000000002,59.54504199324208,2016,3,62.29992368885358,-2.754881695611502,-0.21519372908276305,75.1017916027275,49.49805577497966,87.90365951660142,36.69618786110574,0.8069124729246302,12.801867913873922,90011.12691883986,554.9749582637729,-61.643043561204735,2011-2018,CPIAUCSL
2016-09-23,1357.504,171.27037499999983,38,44.47999954223633,241.55266666666668,61.52756221712986,2016,3,62.29734241597822,-0.769780198848359,-0.06013030317350142,75.09921032985214,49.4954745021043,87.90107824372606,36.69360658823038,0.8069124729246302,12.801867913873922,90011.12691883986,554.9749582637729,-61.643043561204735,2011-2018,CPIAUCSL
2016-09-30,1315.693,135.06487500000003,39,48.2400016784668,241.64683333333335,66.70263284018945,2016,3,68.80033460307064,-2.0977017628811865,-0.16385903814925468,81.60220251694456,55.99846668919672,94.40407043081848,43.1965987753228,0.8069124729246302,12.801867913873922,90011.12691883986,554.9749582637729,-61.643043561204735,2011-2018,CPIAUCSL
2016-10-07,1341.228,155.92937500000016,40,49.810001373291016,241.798,68.83045173599079,2016,4,64.9719209384451,3.858530797545697,0.3014037344787822,77.77378885231902,52.170053024571175,90.57565676619294,39.368185110697254,0.8069124729246302,12.801867913873922,90011.12691883986,554.9749582637729,-61.643043561204735,2011-2018,CPIAUCSL
2016-10-14,1337.407,154.48749999999995,41,50.349998474121094,241.85500000000002,69.56025445062767,2016,4,65.22924667825201,4.331007772375656,0.33831061228822407,78.03111459212593,52.42737876437809,90.83298250599985,39.62551085050417,0.8069124729246302,12.801867913873922,90011.12691883986,554.9749582637729,-61.643043561204735,2011-2018,CPIAUCSL
2016-10-21,1328.257,147.25025000000005,42,50.849998474121094,241.912,70.23446889842816,2016,4,66.53681364071656,3.6976552577116024,0.28883716677816196,79.33868155459048,53.73494572684264,92.1405494684644,40.93307781296872,0.8069124729246302,12.801867913873922,90011.12691883986,554.9749582637729,-61.643043561204735,2011-2018,CPIAUCSL
2016-10-28,1337.021,158.47249999999985,43,48.70000076293945,241.96900000000002,67.24902758172212,2016,4,64.52059452629872,2.7284330554233946,0.2131277305608252,77.32246244017264,51.7187266124248,90.12433035404656,38.91685869855088,0.8069124729246302,12.801867913873922,90011.12691883986,554.9749582637729,-61.643043561204735,2011-2018,CPIAUCSL
2016-11-04,1330.107,156.54199999999992,44,44.06999969482422,242.1482,60.810499801490614,2016,4,64.86290387043894,-4.052404068948327,-0.3165478738111777,77.66477178431286,52.06103595656502,90.46663969818678,39.2591680426911,0.8069124729246302,12.801867913873922,90011.12691883986,554.9749582637729,-61.643043561204735,2011-2018,CPIAUCSL
2016-11-11,1337.0,165.34899999999993,45,44.65999984741211,242.2704,61.59353519462409,2016,4,63.3161860829091,-1.7226508882850098,-0.13456246384311626,76.11805399678302,50.51431816903518,88.91992191065694,37.71245025516126,0.8069124729246302,12.801867913873922,90011.12691883986,554.9749582637729,-61.643043561204735,2011-2018,CPIAUCSL
2016-11-18,1336.7,167.76400000000012,46,45.689998626708984,242.39260000000002,62.982306106460754,2016,4,62.89864038934982,0.08366571711093229,0.006535430428887666,75.70050830322374,50.0967724754759,88.50237621709766,37.29490456160198,0.8069124729246302,12.801867913873922,90011.12691883986,554.9749582637729,-61.643043561204735,2011-2018,CPIAUCSL
2016-11-25,1336.758,168.23775,47,46.060001373291016,242.5148,63.460350951195956,2016,4,62.817057720658596,0.6432932305373598,0.05024995062167419,75.61892563453252,50.015189806784676,88.42079354840644,37.213321892910756,0.8069124729246302,12.801867913873922,90011.12691883986,554.9749582637729,-61.643043561204735,2011-2018,CPIAUCSL
2016-12-02,1338.118,169.684125,48,51.68000030517578,242.8005,71.11966483581661,2016,4,62.56864300655499,8.551021829261614,0.667951105790938,75.37051092042891,49.76677509268107,88.17237883430283,36.96490717880715,0.8069124729246302,12.801867913873922,90011.12691883986,554.9749582637729,-61.643043561204735,2011-2018,CPIAUCSL
2016-12-09,1336.002,168.16162499999996,49,51.5,242.964,70.82426408850694,2016,4,62.83015970640979,7.994104382097149,0.6244482786323394,75.63202762028371,50.02829179253587,88.43389553415763,37.22642387866195,0.8069124729246302,12.801867913873922,90011.12691883986,554.9749582637729,-61.643043561204735,2011-2018,CPIAUCSL
2016-12-16,1324.122,164.20612500000016,50,51.900001525878906,243.1275,71.32635925530202,2016,4,63.514763023964576,7.811596231337447,0.6101919097971392,76.3166309378385,50.712895110090656,89.11849885171242,37.911027196216736,0.8069124729246302,12.801867913873922,90011.12691883986,554.9749582637729,-61.643043561204735,2011-2018,CPIAUCSL
2016-12-23,1311.033,154.808,51,53.02000045776367,243.291,72.81660962778332,2016,4,65.17195794153562,7.644651686247698,0.5971512702425923,77.97382585540954,52.3700900276617,90.77569376928346,39.56822211378778,0.8069124729246302,12.801867913873922,90011.12691883986,554.9749582637729,-61.643043561204735,2011-2018,CPIAUCSL
2016-12-30,1317.26,159.61687499999994,52,53.720001220703125,243.4545,73.72842862988672,2016,4,64.3185511966444,9.409877433242315,0.7350394096040028,77.12041911051833,51.51668328277049,89.92228702439225,38.714815368896566,0.8069124729246302,12.801867913873922,90011.12691883986,554.9749582637729,-61.643043561204735,2011-2018,CPIAUCSL
2017-01-06,1330.891,191.22312499999998,1,53.9900016784668,243.69559999999998,74.02568306866348,2017,1,58.983273951087654,15.04240911757583,1.1750167412111585,71.78514186496157,46.18140603721373,84.5870097788355,33.37953812333981,0.8069124729246302,12.801867913873922,90011.12691883986,554.9749582637729,-61.643043561204735,2011-2018,CPIAUCSL
2017-01-13,1329.108,190.13937499999997,2,52.369998931884766,243.7732,71.78164011921568,2017,1,59.15872188675053,12.622918232465153,0.9860215960192158,71.96058980062445,46.35685397287661,84.76245771449837,33.55498605900269,0.8069124729246302,12.801867913873922,90011.12691883986,554.9749582637729,-61.643043561204735,2011-2018,CPIAUCSL
2017-01-20,1338.069,199.30275000000006,3,52.41999816894531,243.8508,71.82730755112496,2017,1,57.69115647240241,14.136151078722548,1.1042256625224673,70.49302438627633,44.88928855852849,83.29489230015025,32.08742064465457,0.8069124729246302,12.801867913873922,90011.12691883986,554.9749582637729,-61.643043561204735,2011-2018,CPIAUCSL
2017-01-27,1343.633,201.03199999999993,4,53.16999816894531,243.9284,72.8318008816844,2017,1,57.41819778709875,15.413603094585653,1.2040120393588254,70.22006570097267,44.61632987322483,83.02193361484659,31.814461959350904,0.8069124729246302,12.801867913873922,90011.12691883986,554.9749582637729,-61.643043561204735,2011-2018,CPIAUCSL
2017-02-03,1345.34,200.17975,5,53.83000183105469,243.9832,73.71930666460696,2017,1,57.552567528595006,16.166739136011955,1.2628422074634422,70.35443544246893,44.750699614721086,83.15630335634285,31.948831700847162,0.8069124729246302,12.801867913873922,90011.12691883986,554.9749582637729,-61.643043561204735,2011-2018,CPIAUCSL
2017-02-10,1356.807,212.15837499999998,6,53.86000061035156,243.9604,73.76728298501469,2017,1,55.69135323248827,18.07592975252642,1.4119759611749139,68.49322114636219,42.88948531861435,81.29508906023611,30.087617404740424,0.8069124729246302,12.801867913873922,90011.12691883986,554.9749582637729,-61.643043561204735,2011-2018,CPIAUCSL
2017-02-17,1346.06,206.06412499999988,7,53.400001525878906,243.9376,73.14409877707841,2017,1,56.63094380462205,16.513154972456363,1.2899019958298712,69.43281171849597,43.82907589074813,82.23467963236989,31.027207976874205,0.8069124729246302,12.801867913873922,90011.12691883986,554.9749582637729,-61.643043561204735,2011-2018,CPIAUCSL
2017-02-24,1346.694,206.169625,8,53.9900016784668,243.91479999999999,73.95915807826252,2017,1,56.614550196966576,17.344607881295943,1.3548497764532363,69.4164181108405,43.812682283092656,82.21828602471442,31.010814369218732,0.8069124729246302,12.801867913873922,90011.12691883986,554.9749582637729,-61.643043561204735,2011-2018,CPIAUCSL
2017-03-03,1344.454,204.98112500000002,9,53.33000183105469,243.94216666666665,73.04684993702251,2017,1,56.79949397632021,16.247355960702308,1.2691394779268395,69.60136189019413,43.99762606244629,82.40322980406805,31.195758148572363,0.8069124729246302,12.801867913873922,90011.12691883986,554.9749582637729,-61.643043561204735,2011-2018,CPIAUCSL
2017-03-10,1336.547,200.17650000000003,10,48.4900016784668,243.99233333333333,66.40377805926056,2017,1,57.5530805193756,8.850697539884962,0.6913598546266119,70.35494843324952,44.75121260550168,83.15681634712344,31.949344691627754,0.8069124729246302,12.801867913873922,90011.12691883986,554.9749582637729,-61.643043561204735,2011-2018,CPIAUCSL
2017-03-17,1337.877,200.60624999999982,11,48.779998779296875,244.04250000000002,66.78717752901746,2017,1,57.4852856433737,9.301891885643755,0.7266042696443465,70.28715355724762,44.68341772949978,83.08902147112154,31.881549815625856,0.8069124729246302,12.801867913873922,90011.12691883986,554.9749582637729,-61.643043561204735,2011-2018,CPIAUCSL
2017-03-24,1333.887,194.17124999999987,12,47.970001220703125,244.09266666666667,65.66467029410178,2017,1,58.50857160541322,7.156098688688559,0.5589886364108783,71.31043951928714,45.7067036915393,84.11230743316106,32.90483577766538,0.8069124729246302,12.801867913873922,90011.12691883986,554.9749582637729,-61.643043561204735,2011-2018,CPIAUCSL
2017-03-31,1334.977,193.788,13,50.599998474121094,244.14283333333333,69.25056066287654,2017,1,58.57007051638949,10.680490146487045,0.8342915438857286,71.37193843026341,45.76820260251557,84.17380634413733,32.96633468864165,0.8069124729246302,12.801867913873922,90011.12691883986,554.9749582637729,-61.643043561204735,2011-2018,CPIAUCSL
2017-04-07,1330.35,186.07299999999987,14,52.2400016784668,244.1552,71.4914284063079,2017,2,59.82160108842102,11.669827317886885,0.9115722327707977,72.62346900229494,47.0197331745471,85.42533691616886,34.21786526067318,0.8069124729246302,12.801867913873922,90011.12691883986,554.9749582637729,-61.643043561204735,2011-2018,CPIAUCSL
2017-04-14,1328.548,183.9257500000001,15,53.18000030517578,244.1174,72.78910344763908,2017,2,60.174578092376976,12.614525355262103,0.9853659981596289,72.9764460062509,47.372710178503056,85.77831392012482,34.570842264629135,0.8069124729246302,12.801867913873922,90011.12691883986,554.9749582637729,-61.643043561204735,2011-2018,CPIAUCSL
2017-04-21,1335.003,185.98199999999997,16,49.619998931884766,244.0796,67.92693802804327,2017,2,59.83651866567004,8.090419362373225,0.6319717885548013,72.63838657954396,47.03465075179612,85.44025449341788,34.2327828379222,0.8069124729246302,12.801867913873922,90011.12691883986,554.9749582637729,-61.643043561204735,2011-2018,CPIAUCSL
2017-04-28,1336.032,181.288,17,49.33000183105469,244.0418,67.5404084128708,2017,2,60.6110042739609,6.929404138909902,0.5412807088409509,73.41287218783482,47.80913636008698,86.21474010170874,35.00726844621306,0.8069124729246302,12.801867913873922,90011.12691883986,554.9749582637729,-61.643043561204735,2011-2018,CPIAUCSL
2017-05-05,1332.286,175.11625000000004,18,46.220001220703125,244.0358,63.28389206778167,2017,2,61.64446613624111,1.6394259315405648,0.12806146279355454,74.44633405011503,48.84259822236719,87.24820196398895,36.040730308493266,0.8069124729246302,12.801867913873922,90011.12691883986,554.9749582637729,-61.643043561204735,2011-2018,CPIAUCSL
2017-05-12,1336.544,178.59812499999998,19,47.84000015258789,244.0676,65.49344153416652,2017,2,61.0592869528421,4.434154581324421,0.3463677809485084,73.86115486671602,48.25741903896818,86.66302278058994,35.45555112509426,0.8069124729246302,12.801867913873922,90011.12691883986,554.9749582637729,-61.643043561204735,2011-2018,CPIAUCSL
2017-05-19,1333.099,173.38175,20,50.33000183105469,244.0994,68.89330265380468,2017,2,61.93806154511702,6.955241108687659,0.5432989275846201,74.73992945899094,49.1361936312431,87.54179737286486,36.33432571736918,0.8069124729246302,12.801867913873922,90011.12691883986,554.9749582637729,-61.643043561204735,2011-2018,CPIAUCSL
2017-05-26,1327.954,165.52549999999997,21,49.79999923706055,244.1312,68.15893890284516,2017,2,63.285574993382056,4.873363909463109,0.3806760030840218,76.08744290725598,50.483707079508136,88.8893108211299,37.681839165634216,0.8069124729246302,12.801867913873922,90011.12691883986,554.9749582637729,-61.643043561204735,2011-2018,CPIAUCSL
2017-06-02,1343.664,174.0250000000001,22,47.65999984741211,244.17633333333333,65.21796437690107,2017,2,61.8290168943478,3.388947482553263,0.26472289085880335,74.63088480822172,49.02714898047388,87.43275272209564,36.22528106659996,0.8069124729246302,12.801867913873922,90011.12691883986,554.9749582637729,-61.643043561204735,2011-2018,CPIAUCSL
2017-06-09,1350.468,177.80287500000009,23,45.83000183105469,244.18966666666668,62.71036997939634,2017,2,61.19245013533995,1.5179198440563866,0.11857018477837543,73.99431804921387,48.39058222146603,86.7961859630878,35.58871430759211,0.8069124729246302,12.801867913873922,90011.12691883986,554.9749582637729,-61.643043561204735,2011-2018,CPIAUCSL
2017-06-16,1348.545,171.67675000000008,24,44.7400016784668,244.203,61.2155522283829,2017,2,62.2280296024546,-1.0124773740717004,-0.07908825343951847,75.02989751632852,49.42616168858068,87.83176543020244,36.62429377470676,0.8069124729246302,12.801867913873922,90011.12691883986,554.9749582637729,-61.643043561204735,2011-2018,CPIAUCSL
2017-06-23,1349.383,171.83287500000006,25,43.0099983215332,244.21633333333332,58.84526048287329,2017,2,62.20142095789606,-3.3561604750227687,-0.26216177964041926,75.00328887176998,49.39955304402214,87.8051567856439,36.59768513014822,0.8069124729246302,12.801867913873922,90011.12691883986,554.9749582637729,-61.643043561204735,2011-2018,CPIAUCSL
2017-06-30,1335.894,160.21724999999992,26,46.040000915527344,244.22966666666667,62.987399343675406,2017,2,64.21281152054205,-1.2254121768666408,-0.09572135762614846,77.01467943441597,51.41094360666813,89.81654734828989,38.60907569279421,0.8069124729246302,12.801867913873922,90011.12691883986,554.9749582637729,-61.643043561204735,2011-2018,CPIAUCSL
2017-07-07,1332.087,154.99624999999992,27,44.22999954223633,244.43099999999998,60.46129164077783,2017,3,65.13833274130917,-4.677041100531341,-0.36534052155487673,77.94020065518309,52.33646482743525,90.74206856905701,39.53459691356133,0.8069124729246302,12.801867913873922,90011.12691883986,554.9749582637729,-61.643043561204735,2011-2018,CPIAUCSL
2017-07-14,1321.814,143.79150000000004,28,46.540000915527344,244.619,63.570111258348966,2017,3,67.17127752468534,-3.601166266336371,-0.28130006422216214,79.97314543855926,54.36940961081142,92.77501335243318,41.5675416969375,0.8069124729246302,12.801867913873922,90011.12691883986,554.9749582637729,-61.643043561204735,2011-2018,CPIAUCSL
2017-07-21,1312.666,133.224375,29,45.77000045776367,244.807,62.4703379517458,2017,3,69.14918852650118,-6.67885057475538,-0.5217090677460614,81.9510564403751,56.34732061262726,94.75292435424902,43.54545269875334,0.8069124729246302,12.801867913873922,90011.12691883986,554.9749582637729,-61.643043561204735,2011-2018,CPIAUCSL
2017-07-28,1313.557,132.838125,30,49.709999084472656,244.995,67.79588034079852,2017,3,69.22263653275917,-1.4267561919606493,-0.11144906364909558,82.02450444663309,56.42076861888525,94.82637236050701,43.61890070501133,0.8069124729246302,12.801867913873922,90011.12691883986,554.9749582637729,-61.643043561204735,2011-2018,CPIAUCSL
2017-08-04,1308.832,130.05537500000014,31,49.58000183105469,245.4334,67.49780425896448,2017,3,69.75424287717667,-2.2564386182121865,-0.17625854550231604,82.55611079105059,56.952374963302745,95.3579787049245,44.150507049428825,0.8069124729246302,12.801867913873922,90011.12691883986,554.9749582637729,-61.643043561204735,2011-2018,CPIAUCSL
2017-08-11,1301.666,120.70737499999996,32,48.81999969482422,245.6838,66.39540465440257,2017,3,71.57211167906306,-5.176707024660487,-0.4043712260966443,84.37397959293698,58.770243765189136,97.1758475068109,45.968375851315216,0.8069124729246302,12.801867913873922,90011.12691883986,554.9749582637729,-61.643043561204735,2011-2018,CPIAUCSL
2017-08-18,1301.666,120.40300000000002,33,48.5099983215332,245.9342,65.90662969677341,2017,3,71.632148229531,-5.72551853275759,-0.44724086916664757,84.43401614340492,58.83028031565708,97.23588405727884,46.02841240178316,0.8069124729246302,12.801867913873922,90011.12691883986,554.9749582637729,-61.643043561204735,2011-2018,CPIAUCSL
2017-08-25,1300.534,117.12825000000021,34,47.869998931884766,246.1846,64.97096330602966,2017,3,72.28151714928984,-7.31055384326018,-0.5710536846999824,85.08338506316376,59.47964923541592,97.88525297703768,46.677781321542,0.8069124729246302,12.801867913873922,90011.12691883986,554.9749582637729,-61.643043561204735,2011-2018,CPIAUCSL
2017-09-01,1306.989,124.65912500000013,35,47.290000915527344,246.435,64.11855173131279,2017,3,70.7975287046591,-6.678976973346309,-0.5217189411951377,83.59939661853302,57.99566079078518,96.40126453240694,45.19379287691126,0.8069124729246302,12.801867913873922,90011.12691883986,554.9749582637729,-61.643043561204735,2011-2018,CPIAUCSL
2017-09-08,1308.786,122.36062500000003,36,47.47999954223633,246.4732,64.36618556113592,2017,3,71.24695829742649,-6.880772736290567,-0.5374819348693314,84.04882621130041,58.44509038355257,96.85069412517433,45.64322246967865,0.8069124729246302,12.801867913873922,90011.12691883986,554.9749582637729,-61.643043561204735,2011-2018,CPIAUCSL
2017-09-15,1302.423,115.79825000000005,37,49.88999938964844,246.5114,67.6228173871984,2017,3,72.54706094792488,-4.924243560726481,-0.38465039585277017,85.3489288617988,59.745193034050956,98.15079677567272,46.943325120177036,0.8069124729246302,12.801867913873922,90011.12691883986,554.9749582637729,-61.643043561204735,2011-2018,CPIAUCSL
2017-09-22,1297.413,111.17937499999994,38,50.65999984741211,246.5496,68.6558664423534,2017,3,73.4774869588583,-4.821620516504893,-0.37663414034130915,86.27935487273221,60.67561904498437,99.08122278660613,47.87375113111045,0.8069124729246302,12.801867913873922,90011.12691883986,554.9749582637729,-61.643043561204735,2011-2018,CPIAUCSL
2017-09-29,1291.108,110.47987499999999,39,51.66999816894531,246.58780000000002,70.01379694448738,2017,3,73.61952035673025,-3.6057234122428667,-0.2816560392983896,86.42138827060417,60.81765244285633,99.22325618447809,48.01578452898241,0.8069124729246302,12.801867913873922,90011.12691883986,554.9749582637729,-61.643043561204735,2011-2018,CPIAUCSL
2017-10-06,1289.708,104.40937500000018,40,49.290000915527344,246.7576,66.74289787186318,2017,4,74.86479015287406,-8.121892281010886,-0.6344302515579661,87.66665806674798,62.062922239000144,100.4685259806219,49.261054325126224,0.8069124729246302,12.801867913873922,90011.12691883986,554.9749582637729,-61.643043561204735,2011-2018,CPIAUCSL
2017-10-13,1281.177,98.25749999999994,41,51.45000076293945,246.8892,69.63058815420732,2017,4,76.15036486507051,-6.519776710863198,-0.5092832354407782,88.95223277894443,63.348496951196594,101.75410069281835,50.546629037322674,0.8069124729246302,12.801867913873922,90011.12691883986,554.9749582637729,-61.643043561204735,2011-2018,CPIAUCSL
2017-10-20,1269.18,88.17325000000005,42,51.470001220703125,247.0208,69.62054603448274,2017,4,78.31089825545939,-8.69035222097665,-0.6788347043917357,91.11276616933331,65.50903034158547,103.91463408320723,52.70716242771155,0.8069124729246302,12.801867913873922,90011.12691883986,554.9749582637729,-61.643043561204735,2011-2018,CPIAUCSL
2017-10-27,1263.539,84.99049999999988,43,53.900001525878906,247.1524,72.8686486954747,2017,4,79.00693333448612,-6.138284639011417,-0.4794835160234,91.80880124836004,66.2050654206122,104.61066916223396,53.40319750673828,0.8069124729246302,12.801867913873922,90011.12691883986,554.9749582637729,-61.643043561204735,2011-2018,CPIAUCSL
2017-11-03,1254.436,80.87099999999987,44,55.63999938964844,247.38819999999998,75.14929425115112,2017,4,79.91817224745165,-4.768877996300532,-0.3725142321717207,92.72004016132557,67.11630433357773,105.52190807519949,54.31443641970381,0.8069124729246302,12.801867913873922,90011.12691883986,554.9749582637729,-61.643043561204735,2011-2018,CPIAUCSL
2017-11-10,1257.144,85.49299999999994,45,56.7400016784668,247.4924,76.60273002656966,2017,4,78.89658181341755,-2.2938517868478954,-0.17918102282261106,91.69844972729148,66.09471389954363,104.5003176411654,53.292845985669715,0.8069124729246302,12.801867913873922,90011.12691883986,554.9749582637729,-61.643043561204735,2011-2018,CPIAUCSL
2017-11-17,1257.12,88.18399999999997,46,56.54999923706055,247.5966,76.31408426076237,2017,4,78.308559012796,-1.994474752033625,-0.15579560462986256,91.11042692666992,65.50669109892208,103.91229484054384,52.704823185048156,0.8069124729246302,12.801867913873922,90011.12691883986,554.9749582637729,-61.643043561204735,2011-2018,CPIAUCSL
2017-11-24,1249.581,81.06074999999987,47,58.95000076293945,247.70080000000002,79.51941497533201,2017,4,79.87593996339794,-0.35652498806592803,-0.027849450600841374,92.67780787727186,67.07407204952402,105.47967579114578,54.2722041356501,0.8069124729246302,12.801867913873922,90011.12691883986,554.9749582637729,-61.643043561204735,2011-2018,CPIAUCSL
2017-12-01,1247.038,78.60412500000007,48,58.36000061035156,247.805,78.69044355011955,2017,4,80.42466242296874,-1.7342188728491834,-0.13546608077167688,93.22653033684266,67.62279450909482,106.02839825071658,54.8209265952209,0.8069124729246302,12.801867913873922,90011.12691883986,554.9749582637729,-61.643043561204735,2011-2018,CPIAUCSL
2017-12-08,1244.574,76.73362500000007,49,57.36000061035156,248.0158,77.27634434555128,2017,4,80.84532734835321,-3.5689830028019287,-0.27878611362128425,93.64719526222713,68.04345943447929,106.44906317610105,55.24159152060537,0.8069124729246302,12.801867913873922,90011.12691883986,554.9749582637729,-61.643043561204735,2011-2018,CPIAUCSL
2017-12-15,1230.309,70.39312500000005,50,57.29999923706055,248.22660000000002,77.12995321644931,2017,4,82.28999256221735,-5.160039345768041,-0.4030692536810109,95.09186047609127,69.48812464834343,107.89372838996519,56.68625673446951,0.8069124729246302,12.801867913873922,90011.12691883986,554.9749582637729,-61.643043561204735,2011-2018,CPIAUCSL
2017-12-22,1221.401,65.17600000000016,51,58.470001220703125,248.4374,78.63807936274794,2017,4,83.50085361319069,-4.86277425044274,-0.3798488066864639,96.3027215270646,70.69898569931676,109.10458944093853,57.897117785442845,0.8069124729246302,12.801867913873922,90011.12691883986,554.9749582637729,-61.643043561204735,2011-2018,CPIAUCSL
2017-12-29,1222.737,65.09387500000003,52,60.41999816894531,248.6482,81.19179792247787,2017,4,83.52007719276122,-2.328279270283346,-0.18187027752099302,96.32194510663514,70.7182092788873,109.12381302050906,57.91634136501338,0.8069124729246302,12.801867913873922,90011.12691883986,554.9749582637729,-61.643043561204735,2011-2018,CPIAUCSL
2018-01-05,1217.289,77.62112499999989,1,61.439998626708984,248.993,82.44813380754036,2018,1,80.64542344042863,1.8027103671117288,0.14081619801420198,93.44729135430255,67.84355552655471,106.24915926817647,55.04168761268079,0.8069124729246302,12.801867913873922,90011.12691883986,554.9749582637729,-61.643043561204735,2011-2018,CPIAUCSL
2018-01-12,1203.488,64.51937500000008,2,64.30000305175781,249.127,86.23964612300911,2018,1,83.654697008303,2.584949114706106,0.20191968329127094,96.45656492217692,70.85282909442908,109.25843283605084,58.05096118055516,0.8069124729246302,12.801867913873922,90011.12691883986,554.9749582637729,-61.643043561204735,2011-2018,CPIAUCSL
2018-01-19,1200.376,61.609750000000076,3,63.369998931884766,249.261,84.9466266809071,2018,1,84.34034803522354,0.6062786456835596,0.047358608115813314,97.14221594909746,71.53848012134962,109.94408386297138,58.7366122074757,0.8069124729246302,12.801867913873922,90011.12691883986,554.9749582637729,-61.643043561204735,2011-2018,CPIAUCSL
2018-01-26,1202.142,59.54099999999994,4,66.13999938964844,249.395,88.61213791801207,2018,1,84.83179685327929,3.780341064732781,0.29529605290145716,97.6336647671532,72.02992893940537,110.43553268102713,59.228061025531446,0.8069124729246302,12.801867913873922,90011.12691883986,554.9749582637729,-61.643043561204735,2011-2018,CPIAUCSL
2018-02-02,1206.493,61.33275000000003,5,65.44999694824219,249.5386,87.63723500217245,2018,1,84.40596038913378,3.2312746130386643,0.2524064952690846,97.2078283030077,71.60409247525986,110.00969621688162,58.80222456138594,0.8069124729246302,12.801867913873922,90011.12691883986,554.9749582637729,-61.643043561204735,2011-2018,CPIAUCSL
2018-02-09,1203.593,58.944375000000036,6,59.20000076293945,249.5482,79.26547037775356,2018,1,84.97414544360254,-5.708675065848979,-0.44592516531609017,97.77601335747646,72.17227752972862,110.57788127135038,59.3704096158547,0.8069124729246302,12.801867913873922,90011.12691883986,554.9749582637729,-61.643043561204735,2011-2018,CPIAUCSL
2018-02-16,1195.623,55.62712499999998,7,61.68000030517578,249.5578,82.5828733141929,2018,1,85.7706803450665,-3.1878070308736,-0.24901108590714638,98.57254825894042,72.96881243119257,111.37441617281434,60.166944517318655,0.8069124729246302,12.801867913873922,90011.12691883986,554.9749582637729,-61.643043561204735,2011-2018,CPIAUCSL
2018-02-23,1199.259,58.73462500000005,8,63.54999923706055,249.5674,85.08332736999414,2018,1,85.02425539174806,0.0590719782460809,0.0046143249284787665,97.82612330562198,72.22238747787414,110.6279912194959,59.420519564000216,0.8069124729246302,12.801867913873922,90011.12691883986,554.9749582637729,-61.643043561204735,2011-2018,CPIAUCSL
2018-03-02,1199.334,59.86112500000013,9,61.25,249.68533333333335,81.96526194303229,2018,1,84.75553220394576,-2.7902702609134735,-0.21795805734642368,97.55740011781968,71.95366429007184,110.3592680316936,59.15179637619792,0.8069124729246302,12.801867913873922,90011.12691883986,554.9749582637729,-61.643043561204735,2011-2018,CPIAUCSL
2018-03-09,1194.701,58.33050000000003,10,62.040000915527344,249.79366666666667,82.9864416601411,2018,1,85.12089878761338,-2.134457127472288,-0.16673013202699016,97.9227667014873,72.31903087373946,110.72463461536123,59.517162959865544,0.8069124729246302,12.801867913873922,90011.12691883986,554.9749582637729,-61.643043561204735,2011-2018,CPIAUCSL
2018-03-16,1188.077,50.806249999999864,11,62.34000015258789,249.902,83.35158018336925,2018,1,86.94381534255757,-3.59223515918832,-0.280602423283501,99.74568325643149,74.14194742868365,112.54755117030541,61.34007951480973,0.8069124729246302,12.801867913873922,90011.12691883986,554.9749582637729,-61.643043561204735,2011-2018,CPIAUCSL
2018-03-23,1186.589,46.87324999999987,12,65.87999725341797,250.01033333333334,88.04655819138861,2018,1,87.91481119839699,0.13174699299162285,0.010291232020043192,100.71667911227091,75.11294328452307,113.51854702614483,62.31107537064915,0.8069124729246302,12.801867913873922,90011.12691883986,554.9749582637729,-61.643043561204735,2011-2018,CPIAUCSL
2018-03-30,1182.747,41.55799999999999,13,64.94000244140625,250.11866666666668,86.75269321128708,2018,1,89.2474071203803,-2.494713909093221,-0.19487108645993723,102.04927503425422,76.44553920650638,114.85114294812814,63.64367129263246,0.8069124729246302,12.801867913873922,90011.12691883986,554.9749582637729,-61.643043561204735,2011-2018,CPIAUCSL
2018-04-06,1188.756,44.47900000000004,14,62.060001373291016,250.34,82.83202971502396,2018,2,88.51215297723064,-5.680123262206678,-0.44369488112362804,101.31402089110456,75.71028506335672,114.11588880497848,62.9084171494828,0.8069124729246302,12.801867913873922,90011.12691883986,554.9749582637729,-61.643043561204735,2011-2018,CPIAUCSL
2018-04-13,1178.359,33.73675000000003,15,67.38999938964844,250.453,89.90544288174875,2018,2,91.25204185216413,-1.3465989704153714,-0.10518769444230912,104.05390976603805,78.4501739382902,116.85577767991197,65.64830602441629,0.8069124729246302,12.801867913873922,90011.12691883986,554.9749582637729,-61.643043561204735,2011-2018,CPIAUCSL
2018-04-20,1179.589,30.567999999999984,16,68.37999725341797,250.566,91.18506446318254,2018,2,92.07945561415386,-0.894391150971316,-0.06986411334568034,104.88132352802778,79.27758770027994,117.6831914419017,66.47571978640602,0.8069124729246302,12.801867913873922,90011.12691883986,554.9749582637729,-61.643043561204735,2011-2018,CPIAUCSL
2018-04-27,1184.955,30.211000000000013,17,68.0999984741211,250.679,90.77074900632503,2018,2,92.17323594403126,-1.4024869377062288,-0.10955330481001876,104.97510385790518,79.37136803015734,117.7769717717791,66.56950011628342,0.8069124729246302,12.801867913873922,90011.12691883986,554.9749582637729,-61.643043561204735,2011-2018,CPIAUCSL
2018-05-04,1183.243,26.073249999999916,18,69.72000122070312,250.8372,92.87144700975276,2018,2,93.26858965388018,-0.3971426441274275,-0.031022241972753627,106.0704575677541,80.46672174000626,118.87232548162802,67.66485382613234,0.8069124729246302,12.801867913873922,90011.12691883986,554.9749582637729,-61.643043561204735,2011-2018,CPIAUCSL
2018-05-11,1182.615,24.669124999999894,19,70.69999694824219,250.8824,94.1598959524985,2018,2,93.6438463040704,0.5160496484281083,0.040310496241633895,106.44571421794431,80.84197839019647,119.24758213181823,68.04011047632255,0.8069124729246302,12.801867913873922,90011.12691883986,554.9749582637729,-61.643043561204735,2011-2018,CPIAUCSL
2018-05-18,1189.471,29.753750000000082,20,71.27999877929688,250.9276,94.91525552440321,2018,2,92.29351820965252,2.621737314750689,0.2047933420645125,105.09538612352644,79.4916502957786,117.89725403740036,66.68978238190468,0.8069124729246302,12.801867913873922,90011.12691883986,554.9749582637729,-61.643043561204735,2011-2018,CPIAUCSL
2018-05-25,1191.029,28.60050000000001,21,67.87999725341797,250.9728,90.37159151223477,2018,2,92.59772452495992,-2.2261330127251426,-0.17389126553263284,105.39959243883384,79.795856611086,118.20146035270776,66.99398869721207,0.8069124729246302,12.801867913873922,90011.12691883986,554.9749582637729,-61.643043561204735,2011-2018,CPIAUCSL
2018-06-01,1206.8,37.16100000000006,22,65.80999755859375,251.018,87.59993424475729,2018,2,90.36786822798183,-2.7679339832245375,-0.21621329026718134,103.16973614185575,77.56600031410791,115.97160405572967,64.76413240023399,0.8069124729246302,12.801867913873922,90011.12691883986,554.9749582637729,-61.643043561204735,2011-2018,CPIAUCSL
2018-06-08,1205.098,32.43287499999997,23,65.73999786376953,251.0572,87.49309410851063,2018,2,91.59142459138587,-4.098330482875241,-0.3201353513758495,104.3932925052598,78.78955667751195,117.19516041913371,65.98768876363803,0.8069124729246302,12.801867913873922,90011.12691883986,554.9749582637729,-61.643043561204735,2011-2018,CPIAUCSL
2018-06-15,1205.465,28.59674999999993,24,65.05999755859375,251.0964,86.5745667570323,2018,2,92.59871566773148,-6.024148910699182,-0.4705679633024927,105.4005835816054,79.79684775385756,118.20245149547932,66.99497983998364,0.8069124729246302,12.801867913873922,90011.12691883986,554.9749582637729,-61.643043561204735,2011-2018,CPIAUCSL
2018-06-22,1201.064,23.5138750000001,25,68.58000183105469,251.1356,91.2443500316647,2018,2,93.95395631692008,-2.70960628525539,-0.21165710375115462,106.755824230794,81.15208840304616,119.55769214466793,68.35022048917224,0.8069124729246302,12.801867913873922,90011.12691883986,554.9749582637729,-61.643043561204735,2011-2018,CPIAUCSL
2018-06-29,1204.58,28.903249999999844,26,74.1500015258789,251.1748,98.63972882567614,2018,2,92.51774826984857,6.121980555827577,0.4782099453778092,105.31961618372249,79.71588035597465,118.12148409759641,66.91401244210073,0.8069124729246302,12.801867913873922,90011.12691883986,554.9749582637729,-61.643043561204735,2011-2018,CPIAUCSL
2018-07-06,1197.383,20.292249999999967,27,73.80000305175781,251.3038,98.12374034808423,2018,3,94.82533430880196,3.29840603928227,0.2576503727012875,107.62720222267588,82.02346639492804,120.4290701365498,69.22159848105412,0.8069124729246302,12.801867913873922,90011.12691883986,554.9749582637729,-61.643043561204735,2011-2018,CPIAUCSL
2018-07-13,1203.204,25.181499999999915,28,71.01000213623047,251.3936,94.38045767187718,2018,3,93.50670205778752,0.8737556140896601,0.06825219725495953,106.30856997166144,80.7048341439136,119.11043788553536,67.90296623003968,0.8069124729246302,12.801867913873922,90011.12691883986,554.9749582637729,-61.643043561204735,2011-2018,CPIAUCSL
2018-07-20,1193.291,13.849375000000009,29,70.45999908447266,251.48340000000002,93.61599991925483,2018,3,96.59759709911714,-2.9815971798623053,-0.23290329191969114,109.39946501299106,83.79572918524322,122.20133292686498,70.9938612713693,0.8069124729246302,12.801867913873922,90011.12691883986,554.9749582637729,-61.643043561204735,2011-2018,CPIAUCSL
2018-07-27,1203.825,23.10612500000002,30,68.69000244140625,251.5732,91.23173376873811,2018,3,94.06370679749648,-2.8319730287583695,-0.22121561070703138,106.8655747113704,81.26183888362256,119.66744262524432,68.45997096974864,0.8069124729246302,12.801867913873922,90011.12691883986,554.9749582637729,-61.643043561204735,2011-2018,CPIAUCSL
2018-08-03,1207.015,28.238375000000133,31,68.48999786376953,251.7495,90.9023909728487,2018,3,92.6934946916511,-1.7911037188023897,-0.1399095609212852,105.49536260552502,79.89162677777718,118.29723051939894,67.08975886390326,0.8069124729246302,12.801867913873922,90011.12691883986,554.9749582637729,-61.643043561204735,2011-2018,CPIAUCSL
2018-08-10,1224.349,43.39037499999995,32,67.62999725341797,251.836,89.73013632793484,2018,3,88.7853350814479,0.9448012464869464,0.07380182742418594,101.58720299532182,75.98346716757398,114.38907090919574,63.18159925370006,0.8069124729246302,12.801867913873922,90011.12691883986,554.9749582637729,-61.643043561204735,2011-2018,CPIAUCSL
2018-08-17,1221.664,40.40100000000007,33,65.91000366210938,251.9225,87.41805687711206,2018,3,89.5406340285472,-2.122577151435138,-0.1658021443210496,102.34250194242112,76.73876611467328,115.14436985629504,63.93689820079936,0.8069124729246302,12.801867913873922,90011.12691883986,554.9749582637729,-61.643043561204735,2011-2018,CPIAUCSL
2018-08-24,1219.898,36.49225000000001,34,68.72000122070312,252.009,91.1137408897093,2018,3,90.5397413188966,0.5739995708127026,0.04483717334644854,103.34160923277052,77.73787340502268,116.14347714664444,64.93600549114876,0.8069124729246302,12.801867913873922,90011.12691883986,554.9749582637729,-61.643043561204735,2011-2018,CPIAUCSL
2018-08-31,1223.778,41.44812500000012,35,69.80000305175781,252.0955,92.51392753812301,2018,3,89.275204649909,3.2387228882140136,0.2529883068629441,102.07707256378292,76.47333673603508,114.87894047765684,63.67146882216116,0.8069124729246302,12.801867913873922,90011.12691883986,554.9749582637729,-61.643043561204735,2011-2018,CPIAUCSL
2018-09-07,1233.913,47.48762499999998,36,67.75,252.29999999999998,89.7240398335315,2018,3,87.76229615502254,1.9617436785089666,0.15323886261808267,100.56416406889646,74.96042824114862,113.36603198277038,62.1585603272747,0.8069124729246302,12.801867913873922,90011.12691883986,554.9749582637729,-61.643043561204735,2011-2018,CPIAUCSL
2018-09-14,1234.518,47.89325000000008,37,68.98999786376953,252.41799999999998,91.32350694569793,2018,3,87.66177245831454,3.6617344873833844,0.2860312660635257,100.46364037218846,74.85990454444062,113.26550828606238,62.058036630566704,0.8069124729246302,12.801867913873922,90011.12691883986,554.9749582637729,-61.643043561204735,2011-2018,CPIAUCSL
2018-09-21,1238.955,52.72137499999985,38,70.77999877929688,252.536,93.64918970810199,2018,3,86.47555119057603,7.1736385175259585,0.5603587355991687,99.27741910444995,73.6736832767021,112.07928701832387,60.87181536282819,0.8069124729246302,12.801867913873922,90011.12691883986,554.9749582637729,-61.643043561204735,2011-2018,CPIAUCSL
2018-09-28,1246.585,65.95687500000008,39,73.25,252.654,96.87198995464152,2018,3,83.31832272230318,13.553667232338341,1.0587257518607627,96.1201906361771,70.51645480842926,108.92205855005102,57.71458689455534,0.8069124729246302,12.801867913873922,90011.12691883986,554.9749582637729,-61.643043561204735,2011-2018,CPIAUCSL
2018-10-05,1257.958,72.65937500000018,40,74.33999633789062,252.7364,98.2814399365336,2018,4,81.77028191889019,16.51115801764341,1.2897460064987527,94.57214983276411,68.96841400501627,107.37401774663803,56.16654609114235,0.8069124729246302,12.801867913873922,90011.12691883986,554.9749582637729,-61.643043561204735,2011-2018,CPIAUCSL
2018-10-12,1260.579,77.65949999999998,41,71.33999633789062,252.7008,94.32856689165895,2018,4,80.6367923583719,13.691774533287045,1.06951381043767,93.43866027224583,67.83492444449799,106.24052818611975,55.033056530624066,0.8069124729246302,12.801867913873922,90011.12691883986,554.9749582637729,-61.643043561204735,2011-2018,CPIAUCSL
2018-10-19,1252.199,71.19225000000006,42,69.12000274658203,252.6652,91.40608060674046,2018,4,82.10630282890943,9.299777777831025,0.7264391290705683,94.90817074278335,69.30443491503551,107.71003865665728,56.502567001161594,0.8069124729246302,12.801867913873922,90011.12691883986,554.9749582637729,-61.643043561204735,2011-2018,CPIAUCSL
2018-10-26,1245.372,66.82349999999997,43,67.58999633789062,252.62959999999998,89.39535615136046,2018,4,83.11628435700035,6.279071794360107,0.49048090767716895,95.91815227087427,70.31441644312643,108.7200201847482,57.51254852925251,0.8069124729246302,12.801867913873922,90011.12691883986,554.9749582637729,-61.643043561204735,2011-2018,CPIAUCSL
2018-11-02,1249.7,76.13499999999999,44,63.13999938964844,252.62283333333332,83.51197260235499,2018,4,80.98048145251346,2.5314911498415285,0.19774388916308416,93.78234936638738,68.17861353863954,106.5842172802613,55.37674562476562,0.8069124729246302,12.801867913873922,90011.12691883986,554.9749582637729,-61.643043561204735,2011-2018,CPIAUCSL
2018-11-09,1248.058,76.40699999999993,45,60.189998626708984,252.65166666666667,79.60107564884814,2018,4,80.91903909057078,-1.3179634417226396,-0.10295087018467886,93.7209070044447,68.11717117669686,106.52277491831862,55.31530326282294,0.8069124729246302,12.801867913873922,90011.12691883986,554.9749582637729,-61.643043561204735,2011-2018,CPIAUCSL
2018-11-16,1248.229,79.29300000000012,46,56.459999084472656,252.6805,74.65964312281292,2018,4,80.27036345565568,-5.61072033284276,-0.43827356840341924,93.0722313695296,67.46849554178176,105.87409928340352,54.66662762790784,0.8069124729246302,12.801867913873922,90011.12691883986,554.9749582637729,-61.643043561204735,2011-2018,CPIAUCSL
2018-11-23,1250.12,81.59974999999986,47,50.41999816894531,252.70933333333332,66.6650660898471,2018,4,79.75611312904601,-13.091047039198912,-1.0225888227616842,92.55798104291993,66.9542452151721,105.35984895679385,54.15237730129817,0.8069124729246302,12.801867913873922,90011.12691883986,554.9749582637729,-61.643043561204735,2011-2018,CPIAUCSL
2018-11-30,1241.438,73.00412500000016,48,50.93000030517578,252.73816666666667,67.33170599600254,2018,4,81.69155040493229,-14.359844408929746,-1.1216991540248107,94.4934183188062,68.88968249105837,107.29528623268013,56.087814577184446,0.8069124729246302,12.801867913873922,90011.12691883986,554.9749582637729,-61.643043561204735,2011-2018,CPIAUCSL
2018-12-07,1235.469,67.62862500000006,49,52.61000061035156,252.7258,69.55614390749729,2018,4,82.92908762857937,-13.37294372108208,-1.0446087876433454,95.73095554245329,70.12721971470545,108.53282345632721,57.32535180083153,0.8069124729246302,12.801867913873922,90011.12691883986,554.9749582637729,-61.643043561204735,2011-2018,CPIAUCSL
2018-12-14,1224.926,65.01012500000002,50,51.20000076293945,252.6846,67.70300784029466,2018,4,83.53968639254899,-15.836678552254327,-1.2370599867767307,96.3415543064229,70.73781847867507,109.14342222029683,57.935950564801146,0.8069124729246302,12.801867913873922,90011.12691883986,554.9749582637729,-61.643043561204735,2011-2018,CPIAUCSL
2018-12-21,1222.724,66.49900000000002,51,45.59000015258789,252.6434,60.294598398312964,2018,4,83.19186982809666,-22.897271429783693,-1.7885883203785409,95.99373774197058,70.39000191422274,108.7956056558445,57.588134000348816,0.8069124729246302,12.801867913873922,90011.12691883986,554.9749582637729,-61.643043561204735,2011-2018,CPIAUCSL
2018-12-28,1237.084,79.440875,52,45.33000183105469,252.6022,59.960518324116464,2018,4,80.23728508030266,-20.27676675618619,-1.5838912643530252,93.03915299417658,67.43541716642873,105.8410209080505,54.633549252554815,0.8069124729246302,12.801867913873922,90011.12691883986,554.9749582637729,-61.643043561204735,2011-2018,CPIAUCSL
2019-01-04,1250.327,110.6591249999999,1,47.959999084472656,252.7126,63.411648070155316,2019,1,73.58309521686454,-10.17144714670922,-0.7945283621998627,86.38496313073846,60.781227302990615,99.18683104461238,47.979359389116695,0.8069124729246302,12.801867913873922,90011.12691883986,554.9749582637729,-61.643043561204735,2011-2018,CPIAUCSL
2019-01-11,1254.962,115.99337500000001,2,51.59000015258789,252.8642,68.17026032544085,2019,1,72.50803698383558,-4.337776658394731,-0.3388393543487275,85.3099048977095,59.70616906996166,98.11177281158342,46.90430115608774,0.8069124729246302,12.801867913873922,90011.12691883986,554.9749582637729,-61.643043561204735,2011-2018,CPIAUCSL
2019-01-18,1261.419,122.6527500000002,3,53.79999923706055,253.01579999999998,71.0479248532237,2019,1,71.18966947744534,-0.14174462422163003,-0.011072182995109286,83.99153739131926,58.387801563571415,96.79340530519318,45.585933649697495,0.8069124729246302,12.801867913873922,90011.12691883986,554.9749582637729,-61.643043561204735,2011-2018,CPIAUCSL
2019-01-25,1256.5,113.89899999999989,4,53.689998626708984,253.1674,70.86020131794575,2019,1,72.92809021784973,-2.067888899903977,-0.1615302480712927,85.72995813172365,60.12622230397581,98.53182604559757,47.32435439010189,0.8069124729246302,12.801867913873922,90011.12691883986,554.9749582637729,-61.643043561204735,2011-2018,CPIAUCSL
2019-02-01,1253.228,108.06775000000016,5,55.2599983215332,253.319,72.88864435424192,2019,1,74.11160059217224,-1.222956237930319,-0.09552951539243347,86.91346850604616,61.30973267829832,99.71533641992008,48.5078647644244,0.8069124729246302,12.801867913873922,90011.12691883986,554.9749582637729,-61.643043561204735,2011-2018,CPIAUCSL
2019-02-08,1259.376,114.72737499999994,6,52.720001220703125,253.55849999999998,69.47267288564476,2019,1,72.76163512667367,-3.288962241028912,-0.25691268361428143,85.56350304054759,59.95976721279975,98.36537095442151,47.15789929892583,0.8069124729246302,12.801867913873922,90011.12691883986,554.9749582637729,-61.643043561204735,2011-2018,CPIAUCSL
2019-02-15,1256.567,116.57112499999994,7,55.59000015258789,253.798,73.18553472046409,2019,1,72.39262303278073,0.7929116876833575,0.06193718705877646,85.19449094665465,59.59075511890681,97.99635886052857,46.78888720503289,0.8069124729246302,12.801867913873922,90011.12691883986,554.9749582637729,-61.643043561204735,2011-2018,CPIAUCSL
2019-02-22,1238.53,98.00562500000001,8,57.2599983215332,254.0375,75.3130561400274,2019,1,76.20351608523987,-0.89045994521247,-0.0695570327082848,89.00538399911379,63.40164817136595,101.80725191298771,50.59978025749203,0.8069124729246302,12.801867913873922,90011.12691883986,554.9749582637729,-61.643043561204735,2011-2018,CPIAUCSL
2019-03-01,1238.107,98.63412500000004,9,55.79999923706055,254.277,73.32361772821875,2019,1,76.0709650467733,-2.747347318554546,-0.21460519176089374,88.87283296064722,63.269097132899375,101.67470087452114,50.467229219025455,0.8069124729246302,12.801867913873922,90011.12691883986,554.9749582637729,-61.643043561204735,2011-2018,CPIAUCSL
2019-03-08,1228.139,91.7684999999999,10,56.06999969482422,254.4682,73.62305022015053,2019,1,77.53289361871032,-3.9098433985597865,-0.3054119465115341,90.33476153258424,64.7310257048364,103.13662944645816,51.92915779096248,0.8069124729246302,12.801867913873922,90011.12691883986,554.9749582637729,-61.643043561204735,2011-2018,CPIAUCSL
2019-03-15,1215.646,78.37524999999982,11,58.52000045776367,254.6594,76.78234643195198,2019,1,80.4760017069587,-3.6936552750067193,-0.2885247137258579,93.27786962083262,67.67413379308478,106.07973753470654,54.87226587921086,0.8069124729246302,12.801867913873922,90011.12691883986,554.9749582637729,-61.643043561204735,2011-2018,CPIAUCSL
2019-03-22,1215.839,76.12324999999987,12,59.040000915527344,254.8506,77.40650618796293,2019,1,80.98313686556483,-3.576630677601898,-0.27938350103782533,93.78500477943875,68.18126895169091,106.58687269331267,55.37940103781699,0.8069124729246302,12.801867913873922,90011.12691883986,554.9749582637729,-61.643043561204735,2011-2018,CPIAUCSL
2019-03-29,1222.839,81.64999999999986,13,60.13999938964844,255.0418,78.7895871816409,2019,1,79.7449522288465,-0.9553650472056034,-0.074627003936686,92.54682014272042,66.94308431497258,105.34868805659434,54.14121640109866,0.8069124729246302,12.801867913873922,90011.12691883986,554.9749582637729,-61.643043561204735,2011-2018,CPIAUCSL
2019-04-05,1227.037,82.75999999999999,14,63.08000183105469,255.2456,82.57530822005211,2019,2,79.49886147704856,3.076446743003544,0.24031233283304457,92.30072939092248,66.69699356317464,105.1025973047964,53.895125649300724,0.8069124729246302,12.801867913873922,90011.12691883986,554.9749582637729,-61.643043561204735,2011-2018,CPIAUCSL
2019-04-12,1229.596,84.97375000000011,15,63.88999938964844,255.2582,83.63151266467686,2019,2,79.01061470313732,4.620897961539541,0.3609549788067786,91.81248261701124,66.2087467892634,104.61435053088516,53.40687887538948,0.8069124729246302,12.801867913873922,90011.12691883986,554.9749582637729,-61.643043561204735,2011-2018,CPIAUCSL
2019-04-19,1238.616,89.59500000000003,16,64.0,255.2708,83.77136750462645,2019,2,78.0021970598377,5.769170444788756,0.45065067719816604,90.80406497371162,65.20032914596378,103.60593288758554,52.39846123208986,0.8069124729246302,12.801867913873922,90011.12691883986,554.9749582637729,-61.643043561204735,2011-2018,CPIAUCSL
2019-04-26,1251.659,96.91500000000019,17,63.29999923706055,255.2834,82.85102770128522,2019,2,76.43413614957524,6.4168915517099805,0.5012465051881785,89.23600406344916,63.63226823570132,102.03787197732308,50.8304003218274,0.8069124729246302,12.801867913873922,90011.12691883986,554.9749582637729,-61.643043561204735,2011-2018,CPIAUCSL
2019-05-03,1249.867,92.69724999999994,18,61.939998626708984,255.28216666666665,81.07136487980645,2019,2,77.33331789196674,3.7380469878397093,0.29199231026189787,90.13518580584066,64.53144997809282,102.93705371971458,51.7295820642189,0.8069124729246302,12.801867913873922,90011.12691883986,554.9749582637729,-61.643043561204735,2011-2018,CPIAUCSL
2019-05-10,1264.667,106.7211249999998,19,61.65999984741211,255.26833333333332,80.7092565692924,2019,2,74.3878763663636,6.3213802029288075,0.4937857698155175,87.18974428023752,61.58600845248968,99.99161219411144,48.78414053861576,0.8069124729246302,12.801867913873922,90011.12691883986,554.9749582637729,-61.643043561204735,2011-2018,CPIAUCSL
2019-05-17,1281.538,121.82075000000009,20,62.7599983215332,255.2545,82.15354087458677,2019,2,71.35296368262237,10.800577191964393,0.8436719754200365,84.1548315964963,58.55109576874845,96.95669951037021,45.74922785487453,0.8069124729246302,12.801867913873922,90011.12691883986,554.9749582637729,-61.643043561204735,2011-2018,CPIAUCSL
2019-05-24,1280.243,117.81449999999995,21,58.630001068115234,255.24066666666667,76.75148769484385,2019,2,72.14491315132483,4.606574543519017,0.3598361250491171,84.94678106519875,59.34304523745091,97.74864897907267,46.54117732357699,0.8069124729246302,12.801867913873922,90011.12691883986,554.9749582637729,-61.643043561204735,2011-2018,CPIAUCSL
2019-05-31,1303.043,133.404,22,53.5,255.22683333333333,70.03969083710503,2019,2,69.1150597164806,0.9246311206244258,0.072226266264032,81.91692763035452,56.31319180260668,94.71879554422844,43.51132388873276,0.8069124729246302,12.801867913873922,90011.12691883986,554.9749582637729,-61.643043561204735,2011-2018,CPIAUCSL
2019-06-07,1312.314,139.6488750000001,23,53.9900016784668,255.33079999999998,70.65239779465615,2019,2,67.93950545084374,2.7128923438124133,0.21191378961755558,80.74137336471766,55.13763753696982,93.54324127859158,42.3357696230959,0.8069124729246302,12.801867913873922,90011.12691883986,554.9749582637729,-61.643043561204735,2011-2018,CPIAUCSL
2019-06-14,1311.841,134.9727499999999,24,52.5099983215332,255.4486,68.68394756977416,2019,2,68.81775200451926,-0.13380443474510173,-0.010451946203888906,81.61961991839318,56.01588409064534,94.4214878322671,43.21401617677142,0.8069124729246302,12.801867913873922,90011.12691883986,554.9749582637729,-61.643043561204735,2011-2018,CPIAUCSL
2019-06-21,1299.928,122.37787500000013,25,57.43000030517578,255.5664,75.08476635414002,2019,2,71.24357401611917,3.8411923380208464,0.30004936497259005,84.04544192999309,58.44170610224525,96.84730984386701,45.63983818837133,0.8069124729246302,12.801867913873922,90011.12691883986,554.9749582637729,-61.643043561204735,2011-2018,CPIAUCSL
2019-06-28,1302.493,126.81624999999985,26,58.470001220703125,255.6842,76.4092578965566,2019,2,70.378498852138,6.030759044418602,0.4710843046492313,83.18036676601191,57.576630938264074,95.98223467988583,44.774763024390154,0.8069124729246302,12.801867913873922,90011.12691883986,554.9749582637729,-61.643043561204735,2011-2018,CPIAUCSL
2019-07-05,1298.926,121.83524999999986,27,57.5099983215332,255.84879999999998,75.10636457615674,2019,3,71.35011437260687,3.756250203549868,0.29341422898755753,84.15198228648079,58.54824645873295,96.95385020035471,45.74637854485903,0.8069124729246302,12.801867913873922,90011.12691883986,554.9749582637729,-61.643043561204735,2011-2018,CPIAUCSL
2019-07-12,1310.905,132.88249999999994,28,60.209999084472656,255.8956,78.61810521202369,2019,3,69.21419413748615,9.403911074537547,0.7345733558417779,82.01606205136007,56.412326223612226,94.81792996523399,43.610458309738306,0.8069124729246302,12.801867913873922,90011.12691883986,554.9749582637729,-61.643043561204735,2011-2018,CPIAUCSL
2019-07-19,1304.457,125.01537500000018,29,55.630001068115234,255.9424,72.62457446241972,2019,3,70.72814249200039,1.8964319704193286,0.14813712992336733,83.53001040587431,57.92627457812647,96.33187831974823,45.12440666425255,0.8069124729246302,12.801867913873922,90011.12691883986,554.9749582637729,-61.643043561204735,2011-2018,CPIAUCSL
2019-07-26,1294.383,113.66412500000001,30,56.20000076293945,255.9892,73.35529176590934,2019,3,72.97536145256734,0.3799303133420011,0.029677724836565035,85.77722936644126,60.17349353869342,98.57909728031518,47.3716256248195,0.8069124729246302,12.801867913873922,90011.12691883986,554.9749582637729,-61.643043561204735,2011-2018,CPIAUCSL
2019-08-02,1304.775,125.99837500000012,31,55.65999984741211,256.1016666666667,72.6185489187848,2019,3,70.53706177042991,2.0814871483548814,0.1625924562226647,83.33892968430384,57.735193856555995,96.14079759817776,44.933325942682075,0.8069124729246302,12.801867913873922,90011.12691883986,554.9749582637729,-61.643043561204735,2011-2018,CPIAUCSL
2019-08-09,1307.338,126.37937499999998,32,54.5,256.1673333333333,71.08689177126409,2019,3,70.46314924405013,0.6237425272139632,0.04872277478648152,83.26501715792405,57.66128133017621,96.06688507179797,44.85941341630229,0.8069124729246302,12.801867913873922,90011.12691883986,554.9749582637729,-61.643043561204735,2011-2018,CPIAUCSL
2019-08-16,1311.222,129.95900000000006,33,54.869998931884766,256.233,71.5511570059656,2019,3,69.77273139468659,1.7784256112790189,0.13891922829102651,82.57459930856051,56.97086348081267,95.37646722243443,44.16899556693875,0.8069124729246302,12.801867913873922,90011.12691883986,554.9749582637729,-61.643043561204735,2011-2018,CPIAUCSL
2019-08-23,1299.927,116.52125000000001,34,54.16999816894531,256.2986666666667,70.62024899929716,2019,3,72.40257845589272,-1.782329456595562,-0.1392241717057537,85.20444636976664,59.6007105420188,98.00631428364056,46.79884262814488,0.8069124729246302,12.801867913873922,90011.12691883986,554.9749582637729,-61.643043561204735,2011-2018,CPIAUCSL
2019-08-30,1294.933,112.60312500000009,35,55.099998474121094,256.3643333333333,71.81427053746381,2019,3,73.18931414409568,-1.3750436066318628,-0.10740960740125043,85.9911820579696,60.387446230221755,98.79304997184352,47.585578316347835,0.8069124729246302,12.801867913873922,90011.12691883986,554.9749582637729,-61.643043561204735,2011-2018,CPIAUCSL
2019-09-06,1291.893,105.467625,36,56.52000045776367,256.575,73.60453774901309,2019,3,74.64605892825494,-1.0415211792418546,-0.08135696964293113,87.44792684212887,61.844191014381025,100.24979475600279,49.042323100507105,0.8069124729246302,12.801867913873922,90011.12691883986,554.9749582637729,-61.643043561204735,2011-2018,CPIAUCSL
2019-09-13,1292.668,106.04324999999994,37,54.849998474121094,256.71999999999997,71.38939249048207,2019,3,74.52737624502518,-3.1379837545431144,-0.24511921038822387,87.3292441588991,61.72550833115126,100.13111207277302,48.92364041727734,0.8069124729246302,12.801867913873922,90011.12691883986,554.9749582637729,-61.643043561204735,2011-2018,CPIAUCSL
2019-09-20,1293.239,107.00537499999996,38,58.09000015258789,256.865,75.56370015760942,2019,3,74.32946558428071,1.2342345733287061,0.09641050678167944,87.13133349815463,61.52759767040679,99.93320141202855,48.72572975653287,0.8069124729246302,12.801867913873922,90011.12691883986,554.9749582637729,-61.643043561204735,2011-2018,CPIAUCSL
2019-09-27,1292.311,111.68287499999997,39,55.90999984741211,257.01,72.68691552474866,2019,3,73.37543582599486,-0.6885203012462,-0.05378279996937178,86.17730373986878,60.573567912120936,98.9791716537427,47.771699998247016,0.8069124729246302,12.801867913873922,90011.12691883986,554.9749582637729,-61.643043561204735,2011-2018,CPIAUCSL
2019-10-04,1283.98,98.68137500000012,40,52.810001373291016,257.2998,68.57937149138515,2019,4,76.06101029444304,-7.481638803057891,-0.5844177469562645,88.86287820831696,63.259142380569116,101.66474612219088,50.457274466695196,0.8069124729246302,12.801867913873922,90011.12691883986,554.9749582637729,-61.643043561204735,2011-2018,CPIAUCSL
2019-10-11,1282.157,99.23749999999995,41,54.70000076293945,257.4446,70.99378256495464,2019,4,75.9439525007812,-4.950169935826551,-0.38667559836809784,88.74582041465511,63.14208458690727,101.54768832852903,50.34021667303335,0.8069124729246302,12.801867913873922,90011.12691883986,554.9749582637729,-61.643043561204735,2011-2018,CPIAUCSL
2019-10-18,1273.084,92.07725000000005,42,53.779998779296875,257.5894,69.76049780047332,2019,4,77.46648387610296,-7.705986075629639,-0.6019423202514328,90.26835178997688,64.66461596222904,103.0702197038508,51.862748048355115,0.8069124729246302,12.801867913873922,90011.12691883986,554.9749582637729,-61.643043561204735,2011-2018,CPIAUCSL
2019-10-25,1270.532,91.98349999999982,43,56.65999984741211,257.7342,73.45498738241047,2019,4,77.48664207641815,-4.031654694007685,-0.3149270654197589,90.28850999029207,64.68477416254423,103.09037790416599,51.88290624867031,0.8069124729246302,12.801867913873922,90011.12691883986,554.9749582637729,-61.643043561204735,2011-2018,CPIAUCSL
2019-11-01,1274.794,101.22900000000004,44,56.20000076293945,257.879,72.81772635585574,2019,4,75.52639253454382,-2.708666178688077,-0.2115836686420254,88.32826044841774,62.7245246206699,101.13012836229166,49.922656706795976,0.8069124729246302,12.801867913873922,90011.12691883986,554.9749582637729,-61.643043561204735,2011-2018,CPIAUCSL
2019-11-08,1268.828,97.17699999999991,45,57.2400016784668,258.0292,74.12207223379288,2019,4,76.3786640765012,-2.2565918427083176,-0.17627051441944297,89.18053199037512,63.576796162627275,101.98239990424904,50.774928248753355,0.8069124729246302,12.801867913873922,90011.12691883986,554.9749582637729,-61.643043561204735,2011-2018,CPIAUCSL
2019-11-15,1263.559,94.62300000000005,46,57.720001220703125,258.1794,74.70015705309856,2019,4,76.92131886293072,-2.2211618098321537,-0.17350294697424487,89.72318677680464,64.1194509490568,102.52505469067856,51.31758303518288,0.8069124729246302,12.801867913873922,90011.12691883986,554.9749582637729,-61.643043561204735,2011-2018,CPIAUCSL
2019-11-22,1263.549,95.02874999999995,47,57.77000045776367,258.3296,74.72139477223296,2019,4,76.83482321784624,-2.1134284456132804,-0.1650875059664433,89.63669113172016,64.03295530397232,102.43855904559408,51.231087390098395,0.8069124729246302,12.801867913873922,90011.12691883986,554.9749582637729,-61.643043561204735,2011-2018,CPIAUCSL
2019-11-29,1258.49,90.05612500000007,48,55.16999816894531,258.4798,71.31701068396008,2019,4,77.90236634895854,-6.58535566499846,-0.5144058436864227,90.70423426283246,65.10049843508462,103.50610217670638,52.2986305212107,0.8069124729246302,12.801867913873922,90011.12691883986,554.9749582637729,-61.643043561204735,2011-2018,CPIAUCSL
2019-12-06,1275.651,107.81062500000007,49,59.20000076293945,258.7294,76.45267779742743,2019,4,74.16426606009938,2.2884117373280475,0.17875608096596587,86.9661339739733,61.36239814622546,99.76800188784722,48.56053023235154,0.8069124729246302,12.801867913873922,90011.12691883986,554.9749582637729,-61.643043561204735,2011-2018,CPIAUCSL
2019-12-13,1274.64,114.72412500000019,50,60.06999969482422,258.8288,77.54642863557422,2019,4,72.76228738261463,4.784141252959586,0.37370650010962936,85.56415529648855,59.96041946874071,98.36602321036247,47.15855155486679,0.8069124729246302,12.801867913873922,90011.12691883986,554.9749582637729,-61.643043561204735,2011-2018,CPIAUCSL
2019-12-20,1264.193,107.96800000000007,51,60.439998626708984,258.9282,77.99412030493741,2019,4,74.13202697363616,3.862093331301253,0.3016820168184785,86.93389488751008,61.33015905976224,99.735762801384,48.52829114588832,0.8069124729246302,12.801867913873922,90011.12691883986,554.9749582637729,-61.643043561204735,2011-2018,CPIAUCSL
2019-12-27,1261.072,103.42887499999983,52,61.720001220703125,259.0276,79.61532179534055,2019,4,75.06807865788355,4.547243137457002,0.3552015352797824,87.86994657175747,62.266210744009626,100.67181448563139,49.464342830135706,0.8069124729246302,12.801867913873922,90011.12691883986,554.9749582637729,-61.643043561204735,2011-2018,CPIAUCSL
2020-01-03,1275.734,136.06612499999983,1,63.04999923706055,259.14750000000004,81.2933147920712,2020,1,68.6113350840115,12.6819797080597,0.990635100547765,81.41320299788542,55.80946717013758,94.21507091175934,43.00759925626366,0.8069124729246302,12.801867913873922,90011.12691883986,554.9749582637729,-61.643043561204735,2011-2018,CPIAUCSL
2020-01-10,1290.164,151.195375,2,59.040000915527344,259.168,76.11701500920664,2020,1,65.820717912358,10.296297096848633,0.8042808413676963,78.62258582623193,53.018849998484086,91.42445374010585,40.216982084610166,0.8069124729246302,12.801867913873922,90011.12691883986,554.9749582637729,-61.643043561204735,2011-2018,CPIAUCSL
2020-01-17,1288.47,149.70375000000013,3,58.540000915527344,259.1885,75.4664232630154,2020,1,66.09052616820333,9.375897094812075,0.7323850830120674,78.89239408207725,53.288658254329405,91.69426199595117,40.486790340455485,0.8069124729246302,12.801867913873922,90011.12691883986,554.9749582637729,-61.643043561204735,2011-2018,CPIAUCSL
2020-01-24,1289.749,147.1479999999999,4,54.189998626708984,259.209,69.85312404716232,2020,1,66.55548044294065,3.297643604221676,0.2575908161533116,79.35734835681457,53.75361252906673,92.15921627068849,40.95174461519281,0.8069124729246302,12.801867913873922,90011.12691883986,554.9749582637729,-61.643043561204735,2011-2018,CPIAUCSL
2020-01-31,1289.038,143.8777500000001,5,51.560001373291016,259.22950000000003,66.45769412377487,2020,1,67.15537970378219,-0.6976855800073167,-0.05449873289593978,79.95724761765611,54.35351178990827,92.75911553153003,41.55164387603435,0.8069124729246302,12.801867913873922,90011.12691883986,554.9749582637729,-61.643043561204735,2011-2018,CPIAUCSL
2020-02-07,1288.042,143.39337499999988,6,50.31999969482422,259.0152,64.9130700361651,2020,1,67.24471184170636,-2.331641805541267,-0.18213293725788005,80.04657975558028,54.44284392783244,92.8484476694542,41.64097601395852,0.8069124729246302,12.801867913873922,90011.12691883986,554.9749582637729,-61.643043561204735,2011-2018,CPIAUCSL
2020-02-14,1286.969,146.97312499999998,7,52.04999923706055,258.7804,67.20570141741136,2020,1,66.58741829905813,0.6182831183532329,0.04829632070201049,79.38928621293205,53.78555038518421,92.19115412680597,40.98368247131029,0.8069124729246302,12.801867913873922,90011.12691883986,554.9749582637729,-61.643043561204735,2011-2018,CPIAUCSL
2020-02-21,1285.009,144.48462500000005,8,53.380001068115234,258.54560000000004,68.98556052352238,2020,1,67.0436297971554,1.9419307263669765,0.15169120158335836,79.84549771102932,54.241761883281484,92.64736562490324,41.439893969407564,0.8069124729246302,12.801867913873922,90011.12691883986,554.9749582637729,-61.643043561204735,2011-2018,CPIAUCSL
2020-02-28,1273.193,133.72012500000005,9,44.7599983215332,258.31080000000003,57.89809407571115,2020,1,69.05503909719175,-11.156945021480603,-0.8715091498006594,81.85690701106567,56.25317118331783,94.65877492493959,43.45130326944391,0.8069124729246302,12.801867913873922,90011.12691883986,554.9749582637729,-61.643043561204735,2011-2018,CPIAUCSL
2020-03-06,1265.513,129.14249999999993,10,41.279998779296875,257.66720000000004,53.530007979770964,2020,1,69.92957723885468,-16.399569259083712,-1.2810294067564008,82.7314451527286,57.127709324980756,95.53331306660252,44.325841411106836,0.8069124729246302,12.801867913873922,90011.12691883986,554.9749582637729,-61.643043561204735,2011-2018,CPIAUCSL
2020-03-13,1257.983,120.71224999999981,11,31.729999542236328,257.2584,41.211390870218295,2020,1,71.57115054812283,-30.359759677904535,-2.3715101485309336,84.37301846199675,58.76928263424891,97.17488637587067,45.96741472037499,0.8069124729246302,12.801867913873922,90011.12691883986,554.9749582637729,-61.643043561204735,2011-2018,CPIAUCSL
2020-03-20,1260.286,120.57024999999999,12,22.43000030517578,256.8496,29.178781792802823,2020,1,71.599152250055,-42.420370457252176,-3.313607884618106,84.40102016392892,58.79728433618108,97.20288807780284,45.99541642230716,0.8069124729246302,12.801867913873922,90011.12691883986,554.9749582637729,-61.643043561204735,2011-2018,CPIAUCSL
2020-03-27,1281.285,140.096,13,21.510000228881836,256.44079999999997,28.026577231378614,2020,1,67.85614763458318,-39.82957040320457,-3.11123116338668,80.6580155484571,55.05427972070926,93.45988346233102,42.25241180683534,0.8069124729246302,12.801867913873922,90011.12691883986,554.9749582637729,-61.643043561204735,2011-2018,CPIAUCSL
2020-04-03,1314.332,170.05500000000006,14,28.34000015258789,255.986,36.9913690240261,2020,2,62.505104929637255,-25.513735905611156,-1.992969782008206,75.30697284351118,49.703237015763335,88.1088407573851,36.901369101889415,0.8069124729246302,12.801867913873922,90011.12691883986,554.9749582637729,-61.643043561204735,2011-2018,CPIAUCSL
2020-04-10,1341.573,196.9507500000002,15,22.760000228881836,255.94,29.713298571839164,2020,2,58.064430102222985,-28.35113153038382,-2.214608971215717,70.8662980160969,45.262562188349065,83.66816592997083,32.460694274475145,0.8069124729246302,12.801867913873922,90011.12691883986,554.9749582637729,-61.643043561204735,2011-2018,CPIAUCSL
2020-04-17,1367.104,218.08300000000008,16,18.270000457763672,255.89399999999998,23.855868144438844,2020,2,54.79211625656329,-30.936248112124446,-2.416541735960073,67.59398417043721,41.99024834268937,80.39585208431113,29.188380428815446,0.8069124729246302,12.801867913873922,90011.12691883986,554.9749582637729,-61.643043561204735,2011-2018,CPIAUCSL
2020-04-24,1377.513,222.769,17,16.940000534057617,255.84799999999998,22.123211119278658,2020,2,54.09058054791687,-31.967369428638214,-2.497086334877259,66.89244846179079,41.28871263404295,79.69431637566471,28.486844720169028,0.8069124729246302,12.801867913873922,90011.12691883986,554.9749582637729,-61.643043561204735,2011-2018,CPIAUCSL
2020-05-01,1395.429,238.25925000000007,18,19.780000686645508,255.802,25.836824612120118,2020,2,51.8305383659486,-25.99371375382848,-2.0304625800472444,64.63240627982252,39.02867045207468,77.43427419369644,26.226802538200754,0.8069124729246302,12.801867913873922,90011.12691883986,554.9749582637729,-61.643043561204735,2011-2018,CPIAUCSL
2020-05-08,1394.885,236.93912499999988,19,24.739999771118164,256.05,32.284322841333655,2020,2,52.01969943216456,-19.735376590830903,-1.541601329087519,64.82156734603848,39.21783151829064,77.6234352599124,26.415963604416714,0.8069124729246302,12.801867913873922,90011.12691883986,554.9749582637729,-61.643043561204735,2011-2018,CPIAUCSL
2020-05-15,1399.92,240.20275000000015,20,29.43000030517578,256.298,38.367351411125675,2020,2,51.553196704853804,-13.185845293728129,-1.0299938557745993,64.35506461872772,38.75132879097988,77.15693253260164,25.94946087710596,0.8069124729246302,12.801867913873922,90011.12691883986,554.9749582637729,-61.643043561204735,2011-2018,CPIAUCSL
2020-05-22,1414.785,252.3565000000001,21,33.25,256.546,43.305511487218666,2020,2,49.84911495373231,-6.543603466513645,-0.51114442912054,62.65098286760623,37.04724703985839,75.45285078148015,24.245379125984467,0.8069124729246302,12.801867913873922,90011.12691883986,554.9749582637729,-61.643043561204735,2011-2018,CPIAUCSL
2020-05-29,1429.929,260.2900000000002,22,35.4900016784668,256.794,46.178297588058086,2020,2,48.76416333081208,-2.5858657427539953,-0.201991284408706,61.566031244686,35.96229541693816,74.36789915855992,23.160427503064238,0.8069124729246302,12.801867913873922,90011.12691883986,554.9749582637729,-61.643043561204735,2011-2018,CPIAUCSL
2020-06-05,1439.638,266.97287499999993,23,39.54999923706055,257.304,51.35901810729051,2020,2,47.866493755081635,3.492524352208875,0.2728136531094716,60.668361668955555,35.064625841207715,73.47022958282948,22.26275792733379,0.8069124729246302,12.801867913873922,90011.12691883986,554.9749582637729,-61.643043561204735,2011-2018,CPIAUCSL
2020-06-12,1446.723,269.85474999999997,24,36.2599983215332,257.566,47.03877646572999,2020,2,47.483878053087,-0.44510158735700855,-0.034768487720032895,60.28574596696092,34.68201013921308,73.08761388083484,21.880142225339153,0.8069124729246302,12.801867913873922,90011.12691883986,554.9749582637729,-61.643043561204735,2011-2018,CPIAUCSL
2020-06-19,1450.655,273.104875,25,39.75,257.828,51.5138280171277,2020,2,47.05556652820208,4.458261488925622,0.3482508583059209,59.857434442076,34.25369861432816,72.65930235594992,21.451830700454234,0.8069124729246302,12.801867913873922,90011.12691883986,554.9749582637729,-61.643043561204735,2011-2018,CPIAUCSL
2020-06-26,1451.779,276.1022499999999,26,38.4900016784668,258.09,49.830302417093996,2020,2,46.66353255930359,3.166769857790406,0.24736779656650298,59.46540047317751,33.86166464542967,72.26726838705143,21.059796731555746,0.8069124729246302,12.801867913873922,90011.12691883986,554.9749582637729,-61.643043561204735,2011-2018,CPIAUCSL
2020-07-03,1461.62,284.5292499999998,27,40.650001525878906,258.51266666666663,52.54065820053993,2020,3,45.57634382578297,6.96431437475696,0.544007673068509,58.37821173965689,32.77447591190905,71.18007965353081,19.972607998035127,0.8069124729246302,12.801867913873922,90011.12691883986,554.9749582637729,-61.643043561204735,2011-2018,CPIAUCSL
2020-07-10,1452.344,274.3215,28,40.54999923706055,258.6733333333333,52.37885026833695,2020,3,46.89609949420931,5.482750774127638,0.4282774053765818,59.69796740808323,34.09423158033539,72.49983532195715,21.292363666461465,0.8069124729246302,12.801867913873922,90011.12691883986,554.9749582637729,-61.643043561204735,2011-2018,CPIAUCSL
2020-07-17,1461.159,281.7173750000002,29,40.59000015258789,258.83399999999995,52.39797453574239,2020,3,45.936676415102525,6.461298120639867,0.5047152621874412,58.738544328976445,33.134808501228605,71.54041224285037,20.33294058735468,0.8069124729246302,12.801867913873922,90011.12691883986,554.9749582637729,-61.643043561204735,2011-2018,CPIAUCSL
2020-07-24,1454.68,273.96112500000004,30,41.290000915527344,258.99466666666666,53.268545925936955,2020,3,46.94328623691278,6.325259689024172,0.4940888104437652,59.7451541507867,34.14141832303886,72.54702206466062,21.33955040916494,0.8069124729246302,12.801867913873922,90011.12691883986,554.9749582637729,-61.643043561204735,2011-2018,CPIAUCSL
2020-07-31,1452.571,273.79437499999995,31,40.27000045776367,259.1553333333333,51.92042683391826,2020,3,46.965134017431566,4.955292816486697,0.3870757650230431,59.76700193130549,34.163266103557646,72.5688698451794,21.361398189683722,0.8069124729246302,12.801867913873922,90011.12691883986,554.9749582637729,-61.643043561204735,2011-2018,CPIAUCSL
2020-08-07,1446.42,265.4613750000001,32,41.220001220703125,259.4522,53.084461137252845,2020,3,48.068244529569014,5.01621660768383,0.3918347417291773,60.870112443442935,35.266376615695094,73.67198035731685,22.46450870182117,0.8069124729246302,12.801867913873922,90011.12691883986,554.9749582637729,-61.643043561204735,2011-2018,CPIAUCSL
2020-08-14,1443.809,262.54600000000005,33,42.0099983215332,259.5884,54.073459172953065,2020,3,48.45948776716983,5.613971405783232,0.43852752141733436,61.26135568104375,35.65761985329591,74.06322359491767,22.85575193942199,0.8069124729246302,12.801867913873922,90011.12691883986,554.9749582637729,-61.643043561204735,2011-2018,CPIAUCSL
2020-08-21,1436.037,252.63125000000014,34,42.34000015258789,259.7246,54.46964435014759,2020,3,49.81118499450399,4.6584593556436005,0.36388903455214006,62.61305290837791,37.00931708063007,75.41492082225183,24.207449166756145,0.8069124729246302,12.801867913873922,90011.12691883986,554.9749582637729,-61.643043561204735,2011-2018,CPIAUCSL
2020-08-28,1428.283,245.953125,35,42.970001220703125,259.8608,55.2511555335578,2020,3,50.74048849331572,4.510667040242076,0.3523444446223099,63.542356407189644,37.9386205794418,76.34422432106356,25.13675266556788,0.8069124729246302,12.801867913873922,90011.12691883986,554.9749582637729,-61.643043561204735,2011-2018,CPIAUCSL
2020-09-04,1424.862,238.43662500000005,36,39.77000045776367,260.0614,51.09712561323224,2020,3,51.80517022535311,-0.7080446121208723,-0.05530791419536009,64.60703813922703,39.00330231147919,77.40890605310095,26.201434397605265,0.8069124729246302,12.801867913873922,90011.12691883986,554.9749582637729,-61.643043561204735,2011-2018,CPIAUCSL
2020-09-11,1429.163,242.53825000000006,37,37.33000183105469,260.1258,47.95030266821719,2020,3,51.221703989244844,-3.2714013210276534,-0.25554093691923646,64.02357190311876,38.419836075370924,76.82543981699268,25.617968161497,0.8069124729246302,12.801867913873922,90011.12691883986,554.9749582637729,-61.643043561204735,2011-2018,CPIAUCSL
2020-09-18,1421.684,235.4503749999999,38,41.11000061035156,260.1902,52.79263252012327,2020,3,52.23378089123503,0.5588516288882417,0.04365391305768674,65.03564880510895,39.43191297736111,77.83751671898287,26.630045063487184,0.8069124729246302,12.801867913873922,90011.12691883986,554.9749582637729,-61.643043561204735,2011-2018,CPIAUCSL
2020-09-25,1421.111,240.48287500000015,39,40.25,260.25460000000004,51.67544685089138,2020,3,51.51333400506188,0.1621128458295047,0.012663218127240337,64.3152019189358,38.71146609118796,77.11706983280972,25.909598177314034,0.8069124729246302,12.801867913873922,90011.12691883986,554.9749582637729,-61.643043561204735,2011-2018,CPIAUCSL
2020-10-02,1419.134,233.8353750000001,40,37.04999923706055,260.41766666666666,47.53730210986048,2020,4,52.4669308180745,-4.929628708214025,-0.38507104911397966,65.26879873194842,39.66506290420058,78.07066664582234,26.863194990326658,0.8069124729246302,12.801867913873922,90011.12691883986,554.9749582637729,-61.643043561204735,2011-2018,CPIAUCSL
2020-10-09,1402.338,219.4185,41,40.599998474121094,260.51633333333336,52.07242830643972,2020,4,54.59131503042012,-2.518886723980401,-0.1967593120727779,67.39318294429404,41.7894471165462,80.19505085816796,28.987579202672276,0.8069124729246302,12.801867913873922,90011.12691883986,554.9749582637729,-61.643043561204735,2011-2018,CPIAUCSL
2020-10-16,1395.103,214.09625000000005,42,40.880001068115234,260.615,52.41170169364929,2020,4,55.395698692644146,-2.9839969989948543,-0.233090750433456,68.19756660651807,42.593830778770226,80.99943452039199,29.791962864896302,0.8069124729246302,12.801867913873922,90011.12691883986,554.9749582637729,-61.643043561204735,2011-2018,CPIAUCSL
2020-10-23,1391.224,212.67549999999983,43,39.849998474121094,260.71366666666665,51.07181380399399,2020,4,55.612311333550096,-4.540497529556106,-0.3546746115569102,68.41417924742402,42.810443419676176,81.21604716129794,30.008575505802252,0.8069124729246302,12.801867913873922,90011.12691883986,554.9749582637729,-61.643043561204735,2011-2018,CPIAUCSL
2020-10-30,1376.547,202.98199999999997,44,35.790000915527344,260.81233333333336,45.85116295333451,2020,4,57.11188828218832,-11.260725328853809,-0.8796158033039919,69.91375619606224,44.3100203683144,82.71562410993616,31.508152454440474,0.8069124729246302,12.801867913873922,90011.12691883986,554.9749582637729,-61.643043561204735,2011-2018,CPIAUCSL
2020-11-06,1365.069,193.4179999999999,45,37.13999938964844,261.1378,47.521366635020364,2020,4,58.62950299997661,-11.108136364956245,-0.8676965298882587,71.43137091385053,45.82763508610269,84.23323882772445,33.02576717222877,0.8069124729246302,12.801867913873922,90011.12691883986,554.9749582637729,-61.643043561204735,2011-2018,CPIAUCSL
2020-11-13,1354.914,185.97800000000007,46,40.130001068115234,261.3646,51.302576503820376,2020,4,59.83717446742301,-8.534597963602636,-0.6666681785048988,72.63904238129693,47.03530655354909,85.44091029517085,34.23343863967517,0.8069124729246302,12.801867913873922,90011.12691883986,554.9749582637729,-61.643043561204735,2011-2018,CPIAUCSL
2020-11-20,1353.844,185.32375000000002,47,42.150001525878906,261.5914,53.83824605794932,2020,4,59.9445344178836,-6.1062883599342825,-0.4769841714517802,72.74640233175752,47.14266650400968,85.54827024563144,34.34079859013576,0.8069124729246302,12.801867913873922,90011.12691883986,554.9749582637729,-61.643043561204735,2011-2018,CPIAUCSL
2020-11-27,1353.96,185.5261250000001,48,45.529998779296875,261.8182,58.10514327164896,2020,4,59.911305180749906,-1.8061619091009433,-0.14108581038736775,72.71317309462383,47.109437266875986,85.51504100849775,34.307569353002066,0.8069124729246302,12.801867913873922,90011.12691883986,554.9749582637729,-61.643043561204735,2011-2018,CPIAUCSL
2020-12-04,1373.886,206.04562499999997,49,46.2599983215332,262.1734,58.95678012785511,2020,4,56.63381898147583,2.322961146379285,0.1814548597132294,69.43568689534975,43.831951067601906,82.23755480922367,31.030083153727983,0.8069124729246302,12.801867913873922,90011.12691883986,554.9749582637729,-61.643043561204735,2011-2018,CPIAUCSL
2020-12-11,1367.643,207.72712500000011,50,46.56999969482422,262.3018,59.322812760077554,2020,4,56.37305852371692,2.949754236360633,0.23041592494200477,69.17492643759084,43.571190609843,81.97679435146476,30.769322695969077,0.8069124729246302,12.801867913873922,90011.12691883986,554.9749582637729,-61.643043561204735,2011-2018,CPIAUCSL
2020-12-18,1356.969,200.74400000000014,51,49.099998474121094,262.4302,62.515029101668,2020,4,57.46357131800376,5.05145778366424,0.39458755688220803,70.26543923187768,44.66170340412984,83.0673071457516,31.859835490255914,0.8069124729246302,12.801867913873922,90011.12691883986,554.9749582637729,-61.643043561204735,2011-2018,CPIAUCSL
2020-12-25,1342.04,184.3968749999999,52,48.22999954223633,262.5586,61.37730006576423,2020,4,60.096956354004575,1.280343711759656,0.10001225761531984,72.8988242678785,47.295088440130655,85.70069218175242,34.493220526256735,0.8069124729246302,12.801867913873922,90011.12691883986,554.9749582637729,-61.643043561204735,2011-2018,CPIAUCSL
2021-01-01,1343.695,65.644,53,48.52000045776367,262.687,61.71617275675246,2021,1,83.39140264819338,-21.67522989144092,-1.693130255464561,96.1932705620673,70.58953473431946,108.99513847594122,57.78766682044554,0.8069124729246302,12.801867913873922,90011.12691883986,554.9749582637729,-61.643043561204735,2011-2018,CPIAUCSL
2021-01-08,1334.27,194.6021249999999,1,52.2400016784668,262.8654,66.40282061019741,2021,1,58.439505556916245,7.963315053281164,0.622043213291631,71.24137347079017,45.637637643042325,84.04324138466409,32.835769729168405,0.8069124729246302,12.801867913873922,90011.12691883986,554.9749582637729,-61.643043561204735,2011-2018,CPIAUCSL
2021-01-15,1333.589,194.62037499999997,2,52.36000061035156,263.04380000000003,66.51021375123601,2021,1,58.43658197078362,8.073631780452388,0.6306604500818708,71.23844988465754,45.6347140569097,84.04031779853146,32.83284614303578,0.8069124729246302,12.801867913873922,90011.12691883986,554.9749582637729,-61.643043561204735,2011-2018,CPIAUCSL
2021-01-22,1321.882,183.11575000000016,3,52.27000045776367,263.2222,66.35089108347637,2021,1,60.30826392859554,6.042627154880833,0.47201136549238915,73.11013184246946,47.506396014721616,85.91199975634338,34.704528100847696,0.8069124729246302,12.801867913873922,90011.12691883986,554.9749582637729,-61.643043561204735,2011-2018,CPIAUCSL
2021-01-29,1324.801,182.19999999999982,4,52.20000076293945,263.4006,66.2171553706473,2021,1,60.45975701525282,5.757398355394486,0.4497311169063814,73.26162492912674,47.6578891013789,86.06349284300066,34.85602118750498,0.8069124729246302,12.801867913873922,90011.12691883986,554.9749582637729,-61.643043561204735,2011-2018,CPIAUCSL
2021-02-05,1313.632,168.47175000000016,5,56.849998474121094,263.85540000000003,71.99150307386755,2021,1,62.77680090095467,9.21470217291288,0.7197935672283042,75.57866881482859,49.97493298708075,88.38053672870251,37.17306507320683,0.8069124729246302,12.801867913873922,90011.12691883986,554.9749582637729,-61.643043561204735,2011-2018,CPIAUCSL
2021-02-12,1298.579,153.9303749999999,6,59.470001220703125,264.1318,75.23051362189162,2021,1,65.3289549487121,9.901558673179522,0.7734464017121117,78.13082286258602,52.527087034838175,90.93269077645994,39.725219120964255,0.8069124729246302,12.801867913873922,90011.12691883986,554.9749582637729,-61.643043561204735,2011-2018,CPIAUCSL
2021-02-19,1284.767,144.77112499999998,7,59.2400016784668,264.4082,74.86122215887323,2021,1,66.99094106791637,7.8702810909568655,0.6147759954957441,79.79280898179029,54.18907315404245,92.59467689566421,41.38720524016853,0.8069124729246302,12.801867913873922,90011.12691883986,554.9749582637729,-61.643043561204735,2011-2018,CPIAUCSL
2021-02-26,1281.979,141.45462500000008,8,61.5,264.6846,77.63601093527919,2021,1,67.6035150025605,10.032495932718689,0.7836743825364775,80.40538291643442,54.80164708868658,93.20725083030834,41.99977917481266,0.8069124729246302,12.801867913873922,90011.12691883986,554.9749582637729,-61.643043561204735,2011-2018,CPIAUCSL
2021-03-05,1283.298,143.82512500000007,9,66.08999633789062,265.2916,83.23941114749101,2021,1,67.16507921181983,16.074331935671182,1.2556239483029468,79.96694712569375,54.36321129794591,92.76881503956767,41.56134338407199,0.8069124729246302,12.801867913873922,90011.12691883986,554.9749582637729,-61.643043561204735,2011-2018,CPIAUCSL
2021-03-12,1286.885,150.5145,10,65.61000061035156,265.6222,82.5320139428759,2021,1,65.94373447564854,16.588279467227366,1.295770240626366,78.74560238952246,53.14186656177462,91.54747030339638,40.3399986479007,0.8069124729246302,12.801867913873922,90011.12691883986,554.9749582637729,-61.643043561204735,2011-2018,CPIAUCSL
2021-03-19,1291.672,154.4012499999999,11,61.41999816894531,265.95279999999997,77.16529176676413,2021,1,65.24467253396254,11.920619232801585,0.9311624923018232,78.04654044783646,52.44280462008862,90.84840836171038,39.6409367062147,0.8069124729246302,12.801867913873922,90011.12691883986,554.9749582637729,-61.643043561204735,2011-2018,CPIAUCSL
2021-03-26,1290.325,150.60924999999997,12,60.970001220703125,266.2834,76.50483461558159,2021,1,65.92660137221822,10.578233243363371,0.8263038889738344,78.72846928609214,53.124733458344295,91.53033719996606,40.322865544470375,0.8069124729246302,12.801867913873922,90011.12691883986,554.9749582637729,-61.643043561204735,2011-2018,CPIAUCSL
2021-04-02,1292.633,151.44399999999996,13,61.45000076293945,266.9088333333333,76.92645443202538,2021,2,65.77585688856237,11.150597543463007,0.8710133254365667,78.5777248024363,52.97398897468845,91.37959271631021,40.17212106081453,0.8069124729246302,12.801867913873922,90011.12691883986,554.9749582637729,-61.643043561204735,2011-2018,CPIAUCSL
2021-04-09,1283.581,139.30399999999986,14,59.31999969482422,267.20366666666666,74.17806449025018,2021,2,68.00387407538383,6.174190414866345,0.4822882454657352,80.80574198925775,55.202006161509914,93.60760990313167,42.400138247635994,0.8069124729246302,12.801867913873922,90011.12691883986,554.9749582637729,-61.643043561204735,2011-2018,CPIAUCSL
2021-04-16,1287.145,142.5227500000001,15,63.130001068115234,267.4985,78.85535951375581,2021,2,67.40559108291129,11.449768430844529,0.8943826407110429,80.2074589967852,54.603723169037366,93.00932691065913,41.801855255163446,0.8069124729246302,12.801867913873922,90011.12691883986,554.9749582637729,-61.643043561204735,2011-2018,CPIAUCSL
2021-04-23,1285.52,136.49900000000002,16,62.13999938964844,267.7933333333333,77.53329732901973,2021,2,68.52979352560249,9.003503803417246,0.7032961020992703,81.3316614394764,55.727925611728566,94.13352935335033,42.926057697854645,0.8069124729246302,12.801867913873922,90011.12691883986,554.9749582637729,-61.643043561204735,2011-2018,CPIAUCSL
2021-04-30,1279.938,125.19400000000019,17,63.58000183105469,268.08816666666667,79.24277246532253,2021,2,70.69337936024982,8.54939310507271,0.6678238802797968,83.49524727412374,57.8915114463759,96.29711518799766,45.08964353250198,0.8069124729246302,12.801867913873922,90011.12691883986,554.9749582637729,-61.643043561204735,2011-2018,CPIAUCSL
2021-05-07,1283.823,126.65325000000007,18,64.9000015258789,268.8372,80.66258095919554,2021,2,70.41006959870109,10.252511360494452,0.8008605798364296,83.211937512575,57.608201684827165,96.01380542644893,44.806333770953245,0.8069124729246302,12.801867913873922,90011.12691883986,554.9749582637729,-61.643043561204735,2011-2018,CPIAUCSL
2021-05-14,1283.59,125.6441249999998,19,65.37000274658203,269.2914,81.10969896446079,2021,2,70.60585913956805,10.503839824892736,0.8204927511796372,83.40772705344197,57.80399122569413,96.2095949673159,45.00212331182021,0.8069124729246302,12.801867913873922,90011.12691883986,554.9749582637729,-61.643043561204735,2011-2018,CPIAUCSL
2021-05-21,1275.923,116.20575000000008,20,63.58000183105469,269.74559999999997,78.7558706863509,2021,2,72.46558889887132,6.290281787479586,0.49135656060492106,85.26745681274524,59.6637209849974,98.06932472661916,46.86185307112348,0.8069124729246302,12.801867913873922,90011.12691883986,554.9749582637729,-61.643043561204735,2011-2018,CPIAUCSL
2021-05-28,1277.845,115.41650000000004,21,66.31999969482422,270.1998,82.01178467945317,2021,2,72.62347461901942,9.388310060433753,0.7333547044536561,85.42534253289334,59.8216067051455,98.22721044676726,47.01973879127158,0.8069124729246302,12.801867913873922,90011.12691883986,554.9749582637729,-61.643043561204735,2011-2018,CPIAUCSL
2021-06-04,1293.312,123.673,22,69.62000274658203,270.9038,85.8688624438572,2021,2,70.98997451951107,14.878887924346131,1.162243511997281,83.79184243338499,58.188106605637145,96.5937103472589,45.386238691763225,0.8069124729246302,12.801867913873922,90011.12691883986,554.9749582637729,-61.643043561204735,2011-2018,CPIAUCSL
2021-06-11,1288.664,115.998875,23,70.91000366210938,271.1536,87.3793688655591,2021,2,72.5069373419324,14.872431523626702,1.1617391792887366,85.30880525580632,59.70506942805848,98.11067316968024,46.90320151418456,0.8069124729246302,12.801867913873922,90011.12691883986,554.9749582637729,-61.643043561204735,2011-2018,CPIAUCSL
2021-06-18,1282.857,105.98874999999998,24,71.63999938964844,271.40340000000003,88.19765941054024,2021,2,74.5386042259062,13.659055184634042,1.0669579842978343,87.34047213978012,61.73673631203228,100.14234005365404,48.93486839815836,0.8069124729246302,12.801867913873922,90011.12691883986,554.9749582637729,-61.643043561204735,2011-2018,CPIAUCSL
2021-06-25,1278.275,100.72487500000011,25,74.05000305175781,271.6532,91.08083972390858,2021,2,75.63185320185491,15.448986522053673,1.2067759662877757,88.43372111572883,62.82998528798099,101.23558902960275,50.02811737410707,0.8069124729246302,12.801867913873922,90011.12691883986,554.9749582637729,-61.643043561204735,2011-2018,CPIAUCSL
2021-07-02,1268.363,92.68624999999997,26,75.16000366210938,272.03183333333334,92.31745739422995,2021,3,77.33567829267699,14.98177910155296,1.1702807123417183,90.13754620655091,64.53381037880307,102.93941412042483,51.73194246492915,0.8069124729246302,12.801867913873922,90011.12691883986,554.9749582637729,-61.643043561204735,2011-2018,CPIAUCSL
2021-07-09,1270.853,93.76225,27,74.55999755859375,272.16066666666666,91.537130803559,2021,3,77.10516722778061,14.431963575778383,1.1273326418356384,89.90703514165453,64.30329931390669,102.70890305552845,51.50143140003277,0.8069124729246302,12.801867913873922,90011.12691883986,554.9749582637729,-61.643043561204735,2011-2018,CPIAUCSL
2021-07-16,1275.277,97.25450000000001,28,71.80999755859375,272.2895,88.11924916036237,2021,3,76.36226389370293,11.756985266659441,0.9183804539896794,89.16413180757685,63.56039597982901,101.96599972145077,50.75852806595509,0.8069124729246302,12.801867913873922,90011.12691883986,554.9749582637729,-61.643043561204735,2011-2018,CPIAUCSL
2021-07-23,1268.826,89.38437500000009,29,72.06999969482422,272.41833333333335,88.3964774814396,2021,3,78.0478436071715,10.348633874268103,0.8083690555073493,90.84971152104542,65.24597569329758,103.65157943491934,52.44410777942366,0.8069124729246302,12.801867913873922,90011.12691883986,554.9749582637729,-61.643043561204735,2011-2018,CPIAUCSL
2021-07-30,1267.657,86.9381249999999,30,73.94999694824219,272.54716666666667,90.65948742931874,2021,3,78.58018800339133,12.079299425927417,0.9435575735660084,91.38205591726525,65.77832008951741,104.18392383113917,52.97645217564349,0.8069124729246302,12.801867913873922,90011.12691883986,554.9749582637729,-61.643043561204735,2011-2018,CPIAUCSL
2021-08-06,1267.521,88.74437499999999,31,68.27999877929688,272.9228,83.59310498106146,2021,3,78.18672737711282,5.406377603948641,0.42231162204771094,90.98859529098674,65.3848594632389,103.79046320486066,52.582991549364976,0.8069124729246302,12.801867913873922,90011.12691883986,554.9749582637729,-61.643043561204735,2011-2018,CPIAUCSL
2021-08-13,1262.225,81.26637499999993,32,68.44000244140625,273.1696,83.71329187343507,2021,3,79.83020285160424,3.883089021830827,0.3033220658074874,92.63207076547816,67.02833493773032,105.43393867935208,54.2264670238564,0.8069124729246302,12.801867913873922,90011.12691883986,554.9749582637729,-61.643043561204735,2011-2018,CPIAUCSL
2021-08-20,1257.435,76.17200000000003,33,62.31999969482422,273.4164,76.15872280533029,2021,3,80.97212037217167,-4.813397566841388,-0.3759918161337149,93.7739882860456,68.17025245829775,106.57585619991951,55.36838454442383,0.8069124729246302,12.801867913873922,90011.12691883986,554.9749582637729,-61.643043561204735,2011-2018,CPIAUCSL
2021-08-27,1243.816,60.41025000000013,34,68.73999786376953,273.6632,83.92858165153069,2021,3,84.6248967631885,-0.6963151116578103,-0.05439168067834729,97.42676467706242,71.82302884931458,110.22863259093634,59.02116093544066,0.8069124729246302,12.801867913873922,90011.12691883986,554.9749582637729,-61.643043561204735,2011-2018,CPIAUCSL
2021-09-03,1233.425,51.09512500000005,35,69.29000091552734,274.43800000000005,84.36126664640489,2021,3,86.8729934523981,-2.51172680599322,-0.19620002509720916,99.67486136627203,74.07112553852419,112.47672928014595,61.269257624650265,0.8069124729246302,12.801867913873922,90011.12691883986,554.9749582637729,-61.643043561204735,2011-2018,CPIAUCSL
2021-09-10,1224.642,38.21662500000002,36,69.72000122070312,274.966,84.72179734176135,2021,3,90.09735441206666,-5.3755570703053195,-0.41990411918557624,102.89922232594058,77.29548649819274,115.7010902398145,64.49361858431882,0.8069124729246302,12.801867913873922,90011.12691883986,554.9749582637729,-61.643043561204735,2011-2018,CPIAUCSL
2021-09-17,1222.058,35.433250000000044,37,71.97000122070312,275.494,87.28832017348745,2021,3,90.8127076613903,-3.5243874879028567,-0.27530259737200774,103.61457557526423,78.01083974751639,116.41644348913815,65.20897183364247,0.8069124729246302,12.801867913873922,90011.12691883986,554.9749582637729,-61.643043561204735,2011-2018,CPIAUCSL
2021-09-24,1232.987,46.753375000000005,38,73.9800033569336,276.022,89.55450109649078,2021,3,87.94460578649964,1.6098953099911455,0.12575471960981838,100.74647370037356,75.14273787262572,113.54834161424748,62.340869958751796,0.8069124729246302,12.801867913873922,90011.12691883986,554.9749582637729,-61.643043561204735,2011-2018,CPIAUCSL
2021-10-01,1233.792,53.16387499999996,39,75.87999725341797,276.55,91.67911539425708,2021,4,86.36777567190714,5.311339722349942,0.414887870901544,99.16964358578106,73.56590775803322,111.97151149965498,60.7640398441593,0.8069124729246302,12.801867913873922,90011.12691883986,554.9749582637729,-61.643043561204735,2011-2018,CPIAUCSL
2021-10-08,1238.712,53.41337500000009,40,79.3499984741211,277.0238,95.70764078810757,2021,4,86.30707644843491,9.400564339672655,0.7343119303304847,99.10894436230883,73.50520853456099,111.91081227618275,60.70334062068707,0.8069124729246302,12.801867913873922,90011.12691883986,554.9749582637729,-61.643043561204735,2011-2018,CPIAUCSL
2021-10-15,1228.907,45.987499999999955,41,82.27999877929688,277.4976,99.0722019654413,2021,4,88.13524238845173,10.936959576989565,0.8543252946030417,100.93711030232565,75.33337447457781,113.73897821619957,62.53150656070389,0.8069124729246302,12.801867913873922,90011.12691883986,554.9749582637729,-61.643043561204735,2011-2018,CPIAUCSL
2021-10-22,1233.293,52.28624999999988,42,83.76000213623047,277.9714,100.68234816164835,2021,4,86.58168361376443,14.100664547883923,1.1014536818179823,99.38355152763835,73.7798156998905,112.18541944151227,60.977947786016585,0.8069124729246302,12.801867913873922,90011.12691883986,554.9749582637729,-61.643043561204735,2011-2018,CPIAUCSL
2021-10-29,1233.922,55.37349999999992,43,83.56999969482422,278.4452,100.28302720977524,2021,4,85.83193683751688,14.451090372258363,1.1288267047808789,98.6338047513908,73.03006892364296,111.43567266526472,60.22820100976904,0.8069124729246302,12.801867913873922,90011.12691883986,554.9749582637729,-61.643043561204735,2011-2018,CPIAUCSL
2021-11-05,1232.737,59.172000000000025,44,81.2699966430664,279.3042,97.22311819279632,2021,4,84.91980382845952,12.3033143643368,0.9610561870430784,97.72167174233344,72.1179359145856,110.52353965620736,59.31606800071168,0.8069124729246302,12.801867913873922,90011.12691883986,554.9749582637729,-61.643043561204735,2011-2018,CPIAUCSL
2021-11-12,1223.865,52.21399999999994,45,80.79000091552734,279.6894,96.51579143115923,2021,4,86.59932101706804,9.916470414091194,0.7746112114892467,99.40118893094196,73.79745310319412,112.20305684481588,60.995585189320195,0.8069124729246302,12.801867913873922,90011.12691883986,554.9749582637729,-61.643043561204735,2011-2018,CPIAUCSL
2021-11-19,1217.887,48.95100000000002,46,76.0999984741211,280.07460000000003,90.78784220402903,2021,4,87.40027157897055,3.387570625058487,0.2646153395620677,100.20213949284447,74.59840366509663,113.00400740671839,61.796535751222706,0.8069124729246302,12.801867913873922,90011.12691883986,554.9749582637729,-61.643043561204735,2011-2018,CPIAUCSL
2021-11-26,1222.155,53.63474999999994,47,68.1500015258789,280.45980000000003,81.19177208228574,2021,4,86.25326124080283,-5.061489158517091,-0.39537114369315923,99.05512915467675,73.45139332692891,111.85699706855067,60.64952541305499,0.8069124729246302,12.801867913873922,90011.12691883986,554.9749582637729,-61.643043561204735,2011-2018,CPIAUCSL
2021-12-03,1226.355,57.921125000000075,48,66.26000213623047,281.12800000000004,78.75245715041126,2021,4,85.21892762241865,-6.466470472007387,-0.5051192931774746,98.02079553629257,72.41705970854473,110.82266345016649,59.61519179467081,0.8069124729246302,12.801867913873922,90011.12691883986,554.9749582637729,-61.643043561204735,2011-2018,CPIAUCSL
2021-12-10,1210.489,42.64862500000004,49,71.66999816894531,281.411,85.09677360937513,2021,4,88.9720416522442,-3.8752680428690667,-0.3027111409788314,101.77390956611812,76.17017373837028,114.57577747999204,63.36830582449636,0.8069124729246302,12.801867913873922,90011.12691883986,554.9749582637729,-61.643043561204735,2011-2018,CPIAUCSL
2021-12-17,1203.5,43.584125000000085,50,70.86000061035156,281.694,84.05050467506362,2021,4,88.7366423138048,-4.686137638741172,-0.36605108490946137,101.53851022767871,75.93477439993087,114.34037814155263,63.13290648605695,0.8069124729246302,12.801867913873922,90011.12691883986,554.9749582637729,-61.643043561204735,2011-2018,CPIAUCSL
2021-12-24,1184.586,28.361000000000104,51,73.79000091552734,281.97700000000003,87.43807755918412,2021,4,92.66105109249497,-5.222973533310849,-0.4079852696847851,105.46291900636889,79.85918317862105,118.26478692024281,67.05731526474713,0.8069124729246302,12.801867913873922,90011.12691883986,554.9749582637729,-61.643043561204735,2011-2018,CPIAUCSL
2021-12-31,1194.751,37.10787499999992,52,75.20999908447266,282.26,89.03136187945134,2021,4,90.38150750146713,-1.3501456220157877,-0.10546473616967866,103.18337541534105,77.5796395875932,115.98524332921497,64.77777167371929,0.8069124729246302,12.801867913873922,90011.12691883986,554.9749582637729,-61.643043561204735,2011-2018,CPIAUCSL
2022-01-07,1190.269,50.60112499999991,1,78.9000015258789,282.9344,93.17685092319437,2022,1,86.99414573088526,6.1827051923091005,0.4829533653919865,99.79601364475919,74.19227781701134,112.5978815586331,61.390409903137424,0.8069124729246302,12.801867913873922,90011.12691883986,554.9749582637729,-61.643043561204735,2011-2018,CPIAUCSL
2022-01-14,1188.777,49.80837500000007,2,83.81999969482422,283.3258,98.85037055584527,2022,1,87.18897936027017,11.661391195575106,0.9109132568800501,99.99084727414409,74.38711144639625,112.79271518801801,61.58524353252233,0.8069124729246302,12.801867913873922,90011.12691883986,554.9749582637729,-61.643043561204735,2011-2018,CPIAUCSL
2022-01-21,1184.688,45.9217500000002,3,85.13999938964844,283.7172,100.26855310873863,2022,1,88.15163109913314,12.116922009605489,0.9464964090493287,100.95349901300706,75.34976318525922,113.75536692688098,62.5478952713853,0.8069124729246302,12.801867913873922,90011.12691883986,554.9749582637729,-61.643043561204735,2011-2018,CPIAUCSL
2022-01-28,1178.901,36.299999999999955,4,86.81999969482422,284.1086,102.10621332135425,2022,1,90.5892227656995,11.516990555654743,0.899633602934873,103.39109067957342,77.78735485182558,116.19295859344734,64.98548693795166,0.8069124729246302,12.801867913873922,90011.12691883986,554.9749582637729,-61.643043561204735,2011-2018,CPIAUCSL
2022-02-04,1170.849,25.688750000000027,5,92.30999755859375,285.1348,108.17210594515467,2022,1,93.37116800021647,14.800937944938198,1.1561545584217285,106.17303591409039,80.56930008634255,118.97490382796431,67.76743217246863,0.8069124729246302,12.801867913873922,90011.12691883986,554.9749582637729,-61.643043561204735,2011-2018,CPIAUCSL
2022-02-11,1160.959,16.310375000000022,6,93.0999984741211,285.76959999999997,108.85551013878508,2022,1,95.9159233469831,12.939586791801972,1.010757717456122,108.71779126085703,83.11405543310919,121.51965917473095,70.31218751923527,0.8069124729246302,12.801867913873922,90011.12691883986,554.9749582637729,-61.643043561204735,2011-2018,CPIAUCSL
2022-02-18,1159.13,19.13412500000004,7,91.06999969482422,286.4044,106.2459587493464,2022,1,95.14097108481417,11.104987664532231,0.8674505735602295,107.94283899868809,82.33910317094025,120.74470691256201,69.53723525706633,0.8069124729246302,12.801867913873922,90011.12691883986,554.9749582637729,-61.643043561204735,2011-2018,CPIAUCSL
2022-02-25,1155.193,14.66862500000002,8,91.58999633789062,287.0392,106.61629863229737,2022,1,96.37001857691521,10.246280055382158,0.8003738301562879,109.17188649078913,83.5681506630413,121.97375440466305,70.76628274916737,0.8069124729246302,12.801867913873922,90011.12691883986,554.9749582637729,-61.643043561204735,2011-2018,CPIAUCSL
2022-03-04,1147.098,7.6251250000000255,9,115.68000030517578,287.85139999999996,134.27856936589052,2022,1,98.3482710448375,35.930298321053016,2.8066449804652214,111.15013895871142,85.54640313096358,123.95200687258534,72.74453521708966,0.8069124729246302,12.801867913873922,90011.12691883986,554.9749582637729,-61.643043561204735,2011-2018,CPIAUCSL
2022-03-11,1143.514,7.143499999999904,10,109.33000183105469,288.0288,126.8294796972113,2022,1,98.48535214538552,28.34412755182578,2.214061865230468,111.28722005925944,85.6834842315116,124.08908797313336,72.88161631763768,0.8069124729246302,12.801867913873922,90011.12691883986,554.9749582637729,-61.643043561204735,2011-2018,CPIAUCSL
2022-03-18,1136.815,-0.45575000000008004,11,104.69999694824219,288.20619999999997,121.3836297772675,2022,1,100.67978597732318,20.703843799944323,1.6172517900693772,113.4816538911971,87.87791806344926,126.28352180507102,75.07605014957534,0.8069124729246302,12.801867913873922,90011.12691883986,554.9749582637729,-61.643043561204735,2011-2018,CPIAUCSL
2022-03-25,1138.65,-1.06574999999998,12,113.9000015258789,288.3836,131.96839698874498,2022,1,100.85854618665218,31.109850802092808,2.4301024671858826,113.6604141005261,88.05667827277826,126.46228201440002,75.25481035890434,0.8069124729246302,12.801867913873922,90011.12691883986,554.9749582637729,-61.643043561204735,2011-2018,CPIAUCSL
2022-04-01,1143.836,2.6469999999999345,13,99.2699966430664,288.561,114.94686824742227,2022,2,99.77658058541422,15.17028766200805,1.1850057947846324,112.57844849928814,86.9747126715403,125.38031641316206,74.17284475766638,0.8069124729246302,12.801867913873922,90011.12691883986,554.9749582637729,-61.643043561204735,2011-2018,CPIAUCSL
2022-04-08,1151.2,6.923000000000002,14,98.26000213623047,289.10839999999996,113.5619469160385,2022,2,98.54818973134579,15.013757184692707,1.1727786355631484,111.3500576452197,85.74632181747187,124.15192555909363,72.94445390359795,0.8069124729246302,12.801867913873922,90011.12691883986,554.9749582637729,-61.643043561204735,2011-2018,CPIAUCSL
2022-04-15,1143.106,-1.5162499999999,15,106.94999694824219,289.6558,123.37163429944475,2022,2,100.99081796246548,22.380816336979265,1.7482461534167397,113.7926858763394,88.18895004859156,126.59455379021333,75.38708213471764,0.8069124729246302,12.801867913873922,90011.12691883986,554.9749582637729,-61.643043561204735,2011-2018,CPIAUCSL
2022-04-22,1143.829,-5.192000000000007,16,102.06999969482422,290.2032,117.5202446700495,2022,2,102.07815871668515,15.44208595336434,1.2062369380197326,114.88002663055907,89.27629080281123,127.68189454443299,76.47442288893731,0.8069124729246302,12.801867913873922,90011.12691883986,554.9749582637729,-61.643043561204735,2011-2018,CPIAUCSL
2022-04-29,1146.435,-8.308999999999969,17,104.69000244140625,290.7506,120.30989860639842,2022,2,103.01167026937259,17.298228337025833,1.351226903245816,115.81353818324651,90.20980235549867,128.61540609712043,77.40793444162475,0.8069124729246302,12.801867913873922,90011.12691883986,554.9749582637729,-61.643043561204735,2011-2018,CPIAUCSL
2022-05-06,1156.324,-0.8457499999999527,18,109.7699966430664,292.0298,125.59526030680573,2022,2,100.79402991641882,24.801230390386905,1.937313410608523,113.59589783029274,87.9921620025449,126.39776574416666,75.19029408867098,0.8069124729246302,12.801867913873922,90011.12691883986,554.9749582637729,-61.643043561204735,2011-2018,CPIAUCSL
2022-05-13,1153.395,-4.550875000000133,19,110.48999786376953,292.7616,126.10305954134414,2022,2,101.88745892900872,24.21560061233542,1.8915677598963474,114.68932684288264,89.0855910151348,127.49119475675656,76.28372310126088,0.8069124729246302,12.801867913873922,90011.12691883986,554.9749582637729,-61.643043561204735,2011-2018,CPIAUCSL
2022-05-20,1154.051,-5.666249999999991,20,113.2300033569336,293.4934,128.90802400209193,2022,2,102.21950870624877,26.68851529584316,2.084736030350672,115.0213766201227,89.41764079237485,127.82324453399661,76.61577287850093,0.8069124729246302,12.801867913873922,90011.12691883986,554.9749582637729,-61.643043561204735,2011-2018,CPIAUCSL
2022-05-27,1154.669,-7.759499999999889,21,115.06999969482422,294.2252,130.6769578813484,2022,2,102.8463281470265,27.83062973432189,2.173950701691014,115.64819606090042,90.04446023315258,128.45006397477434,77.24259231927866,0.8069124729246302,12.801867913873922,90011.12691883986,554.9749582637729,-61.643043561204735,2011-2018,CPIAUCSL
2022-06-03,1165.62,-4.0190000000000055,22,118.87000274658203,294.9482,134.66145203706344,2022,2,101.7295918895341,32.931860147529335,2.57242617788922,114.53145980340803,88.92772397566019,127.33332771728195,76.12585606178627,0.8069124729246302,12.801867913873922,90011.12691883986,554.9749582637729,-61.643043561204735,2011-2018,CPIAUCSL
2022-06-10,1170.567,-2.098124999999982,23,120.66999816894531,294.9394,136.7046490166721,2022,2,101.16198190437902,35.54266711229309,2.7763657109580087,113.96384981825294,88.3601139905051,126.76571773212686,75.55824607663118,0.8069124729246302,12.801867913873922,90011.12691883986,554.9749582637729,-61.643043561204735,2011-2018,CPIAUCSL
2022-06-17,1174.293,-2.5752500000000964,24,109.55999755859375,294.9306,124.12205293126749,2022,2,101.30260172479754,22.81945120646995,1.782509502518734,114.10446963867146,88.50073381092362,126.90633755254538,75.6988658970497,0.8069124729246302,12.801867913873922,90011.12691883986,554.9749582637729,-61.643043561204735,2011-2018,CPIAUCSL
2022-06-24,1180.641,3.0908750000000964,25,107.62000274658203,294.9218,121.92784371219149,2022,2,99.64819047192336,22.279653240268132,1.7403439396623313,112.45005838579728,86.84632255804944,125.2519262996712,74.04445464417552,0.8069124729246302,12.801867913873922,90011.12691883986,554.9749582637729,-61.643043561204735,2011-2018,CPIAUCSL
2022-07-01,1185.767,10.090249999999969,26,108.43000030517578,294.913,122.84919427752824,2022,3,97.65030099881389,25.19889327871435,1.9683762907290467,110.45216891268781,84.84843308493997,123.25403682656173,72.04656517106605,0.8069124729246302,12.801867913873922,90011.12691883986,554.9749582637729,-61.643043561204735,2011-2018,CPIAUCSL
2022-07-08,1207.511,30.420249999999896,27,104.79000091552734,294.9498,118.71032899803988,2022,3,92.1182541880618,26.592074809978087,2.0772027167347304,104.92012210193572,79.31638627418788,117.72199001580964,66.51451836031396,0.8069124729246302,12.801867913873922,90011.12691883986,554.9749582637729,-61.643043561204735,2011-2018,CPIAUCSL
2022-07-15,1208.647,30.624499999999898,28,97.58999633789062,294.9866,110.5400823846769,2022,3,92.06462410930726,18.475458275369633,1.4431845727252819,104.86649202318118,79.26275619543334,117.6683599370551,66.46088828155942,0.8069124729246302,12.801867913873922,90011.12691883986,554.9749582637729,-61.643043561204735,2011-2018,CPIAUCSL
2022-07-22,1205.394,25.952375000000075,29,94.69999694824219,295.0234,107.25320323849942,2022,3,93.30082250400216,13.952380734497268,1.0898706992107368,106.10269041787608,80.49895459012824,118.90455833175,67.69708667625432,0.8069124729246302,12.801867913873922,90011.12691883986,554.9749582637729,-61.643043561204735,2011-2018,CPIAUCSL
2022-07-29,1208.92,28.201125000000047,30,98.62000274658203,295.0602,111.67890531396033,2022,3,92.70335283949856,18.975552474461765,1.4822487313665502,105.50522075337248,79.90148492562464,118.3070886672464,67.09961701175072,0.8069124729246302,12.801867913873922,90011.12691883986,554.9749582637729,-61.643043561204735,2011-2018,CPIAUCSL
2022-08-05,1221.926,43.149374999999964,31,89.01000213623047,295.3474,100.69836749462098,2022,3,88.84594662529707,11.852420869323907,0.9258352725604161,101.647814539171,76.04407871142315,114.44968245304491,63.242210797549234,0.8069124729246302,12.801867913873922,90011.12691883986,554.9749582637729,-61.643043561204735,2011-2018,CPIAUCSL
2022-08-12,1212.767,31.80837500000007,32,92.08999633789062,295.5978,104.09455877674235,2022,3,91.75450850999175,12.340050266750595,0.9639257606600646,104.55637642386567,78.95264059611783,117.35824433773959,66.15077268224391,0.8069124729246302,12.801867913873922,90011.12691883986,554.9749582637729,-61.643043561204735,2011-2018,CPIAUCSL
2022-08-19,1214.131,32.868000000000166,33,90.7699966430664,295.84819999999996,102.51564737708198,2022,3,91.47799948861376,11.037647888468214,0.8621904211733236,104.27986740248768,78.67613157473984,117.0817353163616,65.87426366086592,0.8069124729246302,12.801867913873922,90011.12691883986,554.9749582637729,-61.643043561204735,2011-2018,CPIAUCSL
2022-08-26,1213.941,30.535250000000133,34,93.05999755859375,296.0986,105.01309376082996,2022,3,92.08805394732877,12.925039813501186,1.0096214005999686,104.8899218612027,79.28618603345485,117.69178977507661,66.48431811958093,0.8069124729246302,12.801867913873922,90011.12691883986,554.9749582637729,-61.643043561204735,2011-2018,CPIAUCSL
2022-09-02,1225.148,42.81812500000001,35,86.87000274658203,296.62533333333334,97.85395118325991,2022,3,88.92933581027577,8.924615372984135,0.697133842734946,101.7312037241497,76.12746789640185,114.53307163802361,63.32559998252793,0.8069124729246302,12.801867913873922,90011.12691883986,554.9749582637729,-61.643043561204735,2011-2018,CPIAUCSL
2022-09-09,1230.619,44.193624999999884,36,86.79000091552734,296.90166666666664,97.6728427343713,2022,3,88.58366964283877,9.08917309153253,0.7099880386738103,101.38553755671269,75.78180172896485,114.18740547058661,62.97993381509093,0.8069124729246302,12.801867913873922,90011.12691883986,554.9749582637729,-61.643043561204735,2011-2018,CPIAUCSL
2022-09-16,1239.862,53.23725000000013,37,85.11000061035156,297.178,95.69311864921823,2022,3,86.34991957873163,9.343199070486605,0.7298309225922405,99.15178749260555,73.54805166485771,111.95365540647947,60.74618375098379,0.8069124729246302,12.801867913873922,90011.12691883986,554.9749582637729,-61.643043561204735,2011-2018,CPIAUCSL
2022-09-23,1230.969,44.735374999999976,38,78.73999786376953,297.45433333333335,88.44878449538756,2022,3,88.44796192302113,0.000822572366431018,6.425408947858006e-05,101.24982983689505,75.6460940091472,114.05169775076897,62.844226095273285,0.8069124729246302,12.801867913873922,90011.12691883986,554.9749582637729,-61.643043561204735,2011-2018,CPIAUCSL
2022-09-30,1220.965,40.336874999999964,39,79.48999786376953,297.73066666666665,89.20838680670845,2022,3,89.55691902875006,-0.34853222204161227,-0.02722510686615453,102.35878694262398,76.75505111487614,115.1606548564979,63.95318320100222,0.8069124729246302,12.801867913873922,90011.12691883986,554.9749582637729,-61.643043561204735,2011-2018,CPIAUCSL
2022-10-07,1228.998,43.699375000000146,40,92.63999938964844,298.1628,103.81541773843892,2022,4,88.70769292039648,15.107724818042442,1.1801187857648152,101.5095608342704,75.90582500652256,114.31142874814432,63.10395709264864,0.8069124729246302,12.801867913873922,90011.12691883986,554.9749582637729,-61.643043561204735,2011-2018,CPIAUCSL
2022-10-14,1226.465,43.54549999999995,41,85.61000061035156,298.3186,95.88726654636142,2022,4,88.74634693674082,7.140919609620596,0.5578029438877182,101.54821485061474,75.9444790228669,114.35008276448866,63.14261110899298,0.8069124729246302,12.801867913873922,90011.12691883986,554.9749582637729,-61.643043561204735,2011-2018,CPIAUCSL
2022-10-21,1224.812,43.80524999999989,42,85.05000305175781,298.4744,95.2103181032842,2022,4,88.68110823371973,6.529209869564468,0.5100200934340596,101.48297614759365,75.8792403198458,114.28484406146757,63.077372405971886,0.8069124729246302,12.801867913873922,90011.12691883986,554.9749582637729,-61.643043561204735,2011-2018,CPIAUCSL
2022-10-28,1224.099,45.55049999999983,43,87.9000015258789,298.6302,98.3494482803261,2022,4,88.24423545453965,10.105212825786452,0.789354560894587,101.04610336841357,75.44236754066573,113.84797128228749,62.64049962679181,0.8069124729246302,12.801867913873922,90011.12691883986,554.9749582637729,-61.643043561204735,2011-2018,CPIAUCSL
2022-11-04,1223.286,49.721000000000004,44,92.61000061035156,298.7952,103.56214595795839,2022,4,87.21048470990092,16.351661248057468,1.2772871395069219,100.01235262377485,74.408616796027,112.81422053764877,61.606748882153084,0.8069124729246302,12.801867913873922,90011.12691883986,554.9749582637729,-61.643043561204735,2011-2018,CPIAUCSL
2022-11-11,1216.746,45.09500000000003,45,88.95999908447266,298.8044,99.47742889359705,2022,4,88.3580116145547,11.119417279042352,0.868577722708088,101.15987952842862,75.55614370068078,113.96174744230254,62.75427578680686,0.8069124729246302,12.801867913873922,90011.12691883986,554.9749582637729,-61.643043561204735,2011-2018,CPIAUCSL
2022-11-18,1220.087,51.15100000000007,46,80.08000183105469,298.8136,89.54482356831191,2022,4,86.85930267830238,2.6855208900095278,0.20977570680127983,99.6611705921763,74.05743476442846,112.46303850605022,61.255566850554544,0.8069124729246302,12.801867913873922,90011.12691883986,554.9749582637729,-61.643043561204735,2011-2018,CPIAUCSL
2022-11-25,1211.316,42.79575,47,76.27999877929688,298.8228,85.29306422443416,2022,4,88.93497184586914,-3.6419076214349815,-0.28448251817128134,101.73683975974306,76.13310393199522,114.53870767361698,63.3312360181213,0.8069124729246302,12.801867913873922,90011.12691883986,554.9749582637729,-61.643043561204735,2011-2018,CPIAUCSL
2022-12-02,1217.189,48.755125000000135,48,79.9800033569336,299.0966666666667,89.34836619706753,2022,4,87.44862739254083,1.8997388045267058,0.14839543864281549,100.25049530641475,74.64675947866691,113.05236322028867,61.84489156479299,0.8069124729246302,12.801867913873922,90011.12691883986,554.9749582637729,-61.643043561204735,2011-2018,CPIAUCSL
2022-12-09,1231.168,63.3276249999999,49,71.0199966430664,299.36133333333333,79.2686959071014,2022,4,83.93475176953285,-4.666055862431449,-0.3644824250510075,96.73661968340677,71.13288385565893,109.53848759728069,58.33101594178501,0.8069124729246302,12.801867913873922,90011.12691883986,554.9749582637729,-61.643043561204735,2011-2018,CPIAUCSL
2022-12-16,1219.612,59.696125000000166,50,74.29000091552734,299.626,82.84525473725934,2022,4,84.79483088849258,-1.949576151233245,-0.15228841324947648,97.5966988023665,71.99296297461866,110.39856671624042,59.19109506074474,0.8069124729246302,12.801867913873922,90011.12691883986,554.9749582637729,-61.643043561204735,2011-2018,CPIAUCSL
2022-12-23,1208.371,52.146000000000186,51,79.55999755859375,299.8906666666667,88.64384423740148,2022,4,86.61592476077689,2.0279194766245894,0.15840809249616206,99.41779267465081,73.81405684690297,112.21966058852473,61.01218893302905,0.8069124729246302,12.801867913873922,90011.12691883986,554.9749582637729,-61.643043561204735,2011-2018,CPIAUCSL
2022-12-30,1205.247,47.603875000000016,52,80.26000213623047,300.1553333333334,89.34492176422259,2022,4,87.73347275502368,1.6114490091989069,0.12587608464953087,100.5353406688976,74.93160484114976,113.33720858277152,62.12973692727584,0.8069124729246302,12.801867913873922,90011.12691883986,554.9749582637729,-61.643043561204735,2011-2018,CPIAUCSL
2023-01-06,1227.649,87.98112499999979,1,73.7699966430664,300.62600000000003,81.991719772556,2023,1,78.3527186095574,3.6390011629985963,0.2842554842371759,91.15458652343132,65.55085069568348,103.95645443730524,52.74898278180956,0.8069124729246302,12.801867913873922,90011.12691883986,554.9749582637729,-61.643043561204735,2011-2018,CPIAUCSL
2023-01-13,1230.028,91.05937500000005,2,79.86000061035156,300.832,88.69967910307872,2023,1,77.68566125252025,11.014017850558474,0.860344593824634,90.48752916639417,64.88379333864633,103.28939708026809,52.08192542477241,0.8069124729246302,12.801867913873922,90011.12691883986,554.9749582637729,-61.643043561204735,2011-2018,CPIAUCSL
2023-01-20,1234.017,95.25075000000015,3,81.30999755859375,301.038,90.24837659780654,2023,1,76.78754411762878,13.460832480177757,1.0514740950880839,89.5894120315027,63.98567620375486,102.39127994537662,51.18380828988094,0.8069124729246302,12.801867913873922,90011.12691883986,554.9749582637729,-61.643043561204735,2011-2018,CPIAUCSL
2023-01-27,1235.614,93.01299999999992,4,79.68000030517578,301.24399999999997,88.37871686064682,2023,1,77.26559782777542,11.113119032871396,0.8680857440208114,90.06746574164934,64.4637299139015,102.86933365552326,51.66186200002758,0.8069124729246302,12.801867913873922,90011.12691883986,554.9749582637729,-61.643043561204735,2011-2018,CPIAUCSL
2023-02-03,1238.968,93.80775000000017,5,73.38999938964844,301.5242,81.3263873548545,2023,1,77.09543662998493,4.230950724869572,0.33049479601990844,89.89730454385885,64.29356871611101,102.69917245773277,51.49170080223709,0.8069124729246302,12.801867913873922,90011.12691883986,554.9749582637729,-61.643043561204735,2011-2018,CPIAUCSL
2023-02-10,1258.177,113.52837499999987,6,79.72000122070312,301.5984,88.3191811623495,2023,1,73.00269781361646,15.31648334873303,1.196425666299362,85.80456572749038,60.200829899742544,98.6064336413643,47.398961985868624,0.8069124729246302,12.801867913873922,90011.12691883986,554.9749582637729,-61.643043561204735,2011-2018,CPIAUCSL
2023-02-17,1261.479,121.48312499999997,7,76.33999633789062,301.6726,84.55378220088842,2023,1,71.41934292777688,13.13443927311154,1.025978346400309,84.2212108416508,58.61747501390296,97.02307875552472,45.81560710002904,0.8069124729246302,12.801867913873922,90011.12691883986,554.9749582637729,-61.643043561204735,2011-2018,CPIAUCSL
2023-02-24,1258.497,117.97262500000011,8,76.31999969482422,301.7468,84.5108475650158,2023,1,72.11347649684933,12.397371068166464,0.9684032948606596,84.91534441072325,59.31160858297541,97.71721232459717,46.50974066910149,0.8069124729246302,12.801867913873922,90011.12691883986,554.9749582637729,-61.643043561204735,2011-2018,CPIAUCSL
2023-03-03,1260.348,120.87512500000003,9,79.68000030517578,301.9916666666667,88.15991009233815,2023,1,71.5390468872624,16.62086320507575,1.2983154737179425,84.34091480113632,58.73717897338848,97.14278271501024,45.93531105951456,0.8069124729246302,12.801867913873922,90011.12691883986,554.9749582637729,-61.643043561204735,2011-2018,CPIAUCSL
2023-03-10,1258.422,122.05150000000003,10,76.68000030517578,302.1623333333334,84.79271687945447,2023,1,71.3076348357259,13.485082043728568,1.053368315815399,84.10950274959983,58.505766921851986,96.91137066347375,45.703899007978066,0.8069124729246302,12.801867913873922,90011.12691883986,554.9749582637729,-61.643043561204735,2011-2018,CPIAUCSL
2023-03-17,1247.987,110.71624999999995,11,66.73999786376953,302.333,73.75940511363025,2023,1,73.57149104802198,0.1879140656082683,0.014678644309758728,86.3733589618959,60.76962313414806,99.17522687576982,47.96775522027414,0.8069124729246302,12.801867913873922,90011.12691883986,554.9749582637729,-61.643043561204735,2011-2018,CPIAUCSL
2023-03-24,1237.299,97.58324999999991,12,69.26000213623047,302.5036666666667,76.50126700540541,2023,1,76.29273868621763,0.2085283191877778,0.01628889788511151,89.09460660009155,63.49087077234371,101.89647451396547,50.68900285846979,0.8069124729246302,12.801867913873922,90011.12691883986,554.9749582637729,-61.643043561204735,2011-2018,CPIAUCSL
2023-03-31,1226.25,85.06099999999992,13,75.66999816894531,302.6743333333334,83.53431187818325,2023,1,78.99144073091733,4.542871147265913,0.35486002338319805,91.79330864479125,66.18957281704341,104.59517655866517,53.38770490316949,0.8069124729246302,12.801867913873922,90011.12691883986,554.9749582637729,-61.643043561204735,2011-2018,CPIAUCSL
2023-04-07,1234.656,90.3789999999999,14,80.69999694824219,302.94280000000003,89.00812523127503,2023,2,77.83255082579055,11.175574405484483,0.8729643580662978,90.63441873966447,65.03068291191663,103.43628665353839,52.22881499804271,0.8069124729246302,12.801867913873922,90011.12691883986,554.9749582637729,-61.643043561204735,2011-2018,CPIAUCSL
2023-04-14,1234.232,89.60975000000008,15,82.5199966430664,303.04060000000004,90.98612198611147,2023,2,77.99900156470301,12.987120421408463,1.014470740424823,90.80086947857693,65.19713365082909,103.60273739245085,52.39526573695517,0.8069124729246302,12.801867913873922,90011.12691883986,554.9749582637729,-61.643043561204735,2011-2018,CPIAUCSL
2023-04-21,1233.839,84.81799999999998,16,77.87000274658203,303.1384,85.83136246585124,2023,2,79.04485516638675,6.786507299464489,0.53011852216579,91.84672308026067,66.24298725251283,104.6485909941346,53.44111933863891,0.8069124729246302,12.801867913873922,90011.12691883986,554.9749582637729,-61.643043561204735,2011-2018,CPIAUCSL
2023-04-28,1234.256,79.51200000000017,17,76.77999877929688,303.2362,84.60262255009542,2023,2,80.22138051639757,4.381242033697845,0.3422345913247323,93.0232484302715,67.41951260252365,105.82511634414541,54.61764468864973,0.8069124729246302,12.801867913873922,90011.12691883986,554.9749582637729,-61.643043561204735,2011-2018,CPIAUCSL
2023-05-05,1234.739,77.56925000000001,18,71.33999633789062,303.47,78.5478113697424,2023,2,80.65709252873782,-2.1092811589954152,-0.16476354647508107,93.45896044261174,67.8552246148639,106.26082835648566,55.05335670098998,0.8069124729246302,12.801867913873922,90011.12691883986,554.9749582637729,-61.643043561204735,2011-2018,CPIAUCSL
2023-05-12,1242.352,84.40612499999997,19,70.04000091552734,303.606,77.08192705646813,2023,2,79.13548316556472,-2.05355610909659,-0.1604106621714996,91.93735107943864,66.3336152516908,104.73921899331256,53.53174733781688,0.8069124729246302,12.801867913873922,90011.12691883986,554.9749582637729,-61.643043561204735,2011-2018,CPIAUCSL
2023-05-19,1231.585,71.86775000000011,20,71.55000305175781,303.742,78.70848967112511,2023,2,81.95139525447902,-3.2429055833539167,-0.2533150322414625,94.75326316835294,69.1495273406051,107.55513108222686,56.347659426731184,0.8069124729246302,12.801867913873922,90011.12691883986,554.9749582637729,-61.643043561204735,2011-2018,CPIAUCSL
2023-05-26,1242.914,80.4855,21,72.66999816894531,303.878,79.90476164180318,2023,2,80.00404989410069,-0.09928825229751226,-0.007755762906279435,92.80591780797461,67.20218198022677,105.60778572184853,54.40031406635285,0.8069124729246302,12.801867913873922,90011.12691883986,554.9749582637729,-61.643043561204735,2011-2018,CPIAUCSL
2023-06-02,1255.712,86.07300000000009,22,71.73999786376953,304.11316666666664,78.82117531758466,2023,2,78.76942598729485,0.05174933028980888,0.004042326529062681,91.57129390116877,65.96755807342093,104.37316181504269,53.16569015954701,0.8069124729246302,12.801867913873922,90011.12691883986,554.9749582637729,-61.643043561204735,2011-2018,CPIAUCSL
2023-06-09,1267.854,95.18887500000005,23,70.16999816894531,304.21233333333333,77.07107532848613,2023,2,76.80071832415092,0.27035700433521015,0.021118559116065624,89.60258623802484,63.998850410277,102.40445415189876,51.19698249640308,0.8069124729246302,12.801867913873922,90011.12691883986,554.9749582637729,-61.643043561204735,2011-2018,CPIAUCSL
2023-06-16,1269.177,92.30874999999992,24,71.77999877929688,304.3115,78.81372466083351,2023,2,77.41673157245222,1.3969930883812935,0.10912416045687469,90.21859948632614,64.6148636585783,103.02046740020006,51.81299574470438,0.8069124729246302,12.801867913873922,90011.12691883986,554.9749582637729,-61.643043561204735,2011-2018,CPIAUCSL
2023-06-23,1263.927,86.37687499999993,25,69.16000366210938,304.41066666666666,75.91225838655764,2023,2,78.70289801158626,-2.790639625028618,-0.21798690970747203,91.50476592546018,65.90103009771234,104.3066338393341,53.099162183838416,0.8069124729246302,12.801867913873922,90011.12691883986,554.9749582637729,-61.643043561204735,2011-2018,CPIAUCSL
2023-06-30,1261.161,85.48424999999997,26,70.63999938964844,304.5098333333333,77.5114989808078,2023,2,78.89850187593856,-1.3870028951307631,-0.10834379048916837,91.70036978981248,66.09663396206464,104.5022377036864,53.29476604819072,0.8069124729246302,12.801867913873922,90011.12691883986,554.9749582637729,-61.643043561204735,2011-2018,CPIAUCSL
2023-07-07,1278.137,101.04624999999987,27,73.86000061035156,304.9036,80.94006060911506,2023,3,75.56460427850993,5.375456330605132,0.4198962500448489,88.36647219238385,62.76273636463601,101.16834010625777,49.96086845076209,0.8069124729246302,12.801867913873922,90011.12691883986,554.9749582637729,-61.643043561204735,2011-2018,CPIAUCSL
2023-07-14,1276.989,98.9665,28,75.41999816894531,305.1982,82.56981662469786,2023,3,76.00096995312592,6.568846671571947,0.5131162667639315,88.80283786699984,63.199102039252,101.60470578087376,50.39723412537808,0.8069124729246302,12.801867913873922,90011.12691883986,554.9749582637729,-61.643043561204735,2011-2018,CPIAUCSL
2023-07-21,1276.498,97.05637500000012,29,77.06999969482422,305.4928,84.29487067463229,2023,3,76.40419792377881,7.890672750853483,0.616368861477006,89.20606583765273,63.60233000990489,102.00793375152665,50.80046209603097,0.8069124729246302,12.801867913873922,90011.12691883986,554.9749582637729,-61.643043561204735,2011-2018,CPIAUCSL
2023-07-28,1266.059,85.34012499999994,30,80.58000183105469,305.7874,88.04900591656862,2023,3,78.93013559934374,9.118870317224875,0.7123077959070623,91.73200351321766,66.12826768546982,104.53387142709158,53.3263997715959,0.8069124729246302,12.801867913873922,90011.12691883986,554.9749582637729,-61.643043561204735,2011-2018,CPIAUCSL
2023-08-04,1273.17,94.3933750000001,31,82.81999969482422,306.3208,90.3390475541697,2023,3,76.97031700480457,13.368730549365125,1.0442796816296527,89.77218491867849,64.16844909093065,102.57405283255241,51.36658117705673,0.8069124729246302,12.801867913873922,90011.12691883986,554.9749582637729,-61.643043561204735,2011-2018,CPIAUCSL
2023-08-11,1265.773,84.81437499999993,32,83.19000244140625,306.5596,90.67195646702798,2023,3,79.04565229382604,11.626304173201945,0.9081724832203611,91.84752020769996,66.24378437995212,104.64938812157388,53.4419164660782,0.8069124729246302,12.801867913873922,90011.12691883986,554.9749582637729,-61.643043561204735,2011-2018,CPIAUCSL
2023-08-18,1262.779,81.51600000000008,33,81.25,306.7984,88.48854410583627,2023,3,79.7747185455394,8.713825560296868,0.680668291449354,92.57658645941332,66.97285063166548,105.37845437328724,54.17098271779156,0.8069124729246302,12.801867913873922,90011.12691883986,554.9749582637729,-61.643043561204735,2011-2018,CPIAUCSL
2023-08-25,1254.749,71.34325000000013,34,79.83000183105469,307.0372,86.8744189362466,2023,3,82.07164608251674,4.802772853729863,0.37516188153487323,94.87351399639066,69.26977816864282,107.67538191026458,56.467910254768896,0.8069124729246302,12.801867913873922,90011.12691883986,554.9749582637729,-61.643043561204735,2011-2018,CPIAUCSL
2023-09-01,1255.151,72.82112500000017,35,85.55000305175781,307.276,93.02681650921936,2023,3,81.73333185498439,11.293484654234973,0.8821747521700134,94.5351997688583,68.93146394111047,107.33706768273223,56.129596027236545,0.8069124729246302,12.801867913873922,90011.12691883986,554.9749582637729,-61.643043561204735,2011-2018,CPIAUCSL
2023-09-08,1265.56,79.13462499999991,36,87.51000213623047,307.36,95.13210737825618,2023,3,80.30580770130268,14.826299676953496,1.1581356546325254,93.1076756151766,67.50393978742876,105.90954352905052,54.70207187355484,0.8069124729246302,12.801867913873922,90011.12691883986,554.9749582637729,-61.643043561204735,2011-2018,CPIAUCSL
2023-09-15,1268.542,81.91724999999997,37,90.7699966430664,307.444,98.64908649492075,2023,3,79.68562359931607,18.96346289560468,1.4813043708296019,92.48749151319,66.88375568544215,105.28935942706391,54.08188777156823,0.8069124729246302,12.801867913873922,90011.12691883986,554.9749582637729,-61.643043561204735,2011-2018,CPIAUCSL
2023-09-22,1267.049,80.8153749999999,38,90.02999877929688,307.528,97.81812882770103,2023,3,79.9305573722599,17.887571455441133,1.3972626163448867,92.73242528613382,67.12868945838598,105.53429320000774,54.32682154451206,0.8069124729246302,12.801867913873922,90011.12691883986,554.9749582637729,-61.643043561204735,2011-2018,CPIAUCSL
2023-09-29,1271.687,91.05887499999994,39,90.79000091552734,307.612,98.61693885773656,2023,3,77.68576908642746,20.9311697713091,1.635009040253033,90.48763700030138,64.88390117255354,103.2895049141753,52.082033258679616,0.8069124729246302,12.801867913873922,90011.12691883986,554.9749582637729,-61.643043561204735,2011-2018,CPIAUCSL
2023-10-06,1277.991,92.69237500000008,40,82.79000091552734,307.7864,89.87630966120032,2023,4,77.33436396875226,12.541945692448067,0.9796965393507797,90.13623188262618,64.53249605487834,102.9380997965001,51.730628141004416,0.8069124729246302,12.801867913873922,90011.12691883986,554.9749582637729,-61.643043561204735,2011-2018,CPIAUCSL
2023-10-13,1266.106,83.18650000000002,41,87.69000244140625,307.8768,95.16776907434894,2023,4,79.40453264894509,15.763236425403846,1.2313231577964154,92.20640056281901,66.60266473507117,105.00826847669293,53.80079682119725,0.8069124729246302,12.801867913873922,90011.12691883986,554.9749582637729,-61.643043561204735,2011-2018,CPIAUCSL
2023-10-20,1265.613,84.60625000000005,42,88.75,307.96720000000005,96.28988492930414,2023,4,79.09143355576194,17.1984513735422,1.3434329653490265,91.89330146963586,66.28956564188802,104.69516938350978,53.4876977280141,0.8069124729246302,12.801867913873922,90011.12691883986,554.9749582637729,-61.643043561204735,2011-2018,CPIAUCSL
2023-10-27,1262.562,84.0134999999998,43,85.54000091552734,308.05760000000004,92.77994130287992,2023,4,79.22198421005356,13.557957092826356,1.0590608483105055,92.02385212392748,66.42011629617964,104.8257200378014,53.61824838230572,0.8069124729246302,12.801867913873922,90011.12691883986,554.9749582637729,-61.643043561204735,2011-2018,CPIAUCSL
2023-11-03,1263.726,90.16100000000006,44,80.51000213623047,308.26660000000004,87.26500867684275,2023,4,77.87968147970446,9.385327197138295,0.7331217022608882,90.68154939357838,65.07781356583054,103.4834173074523,52.27594565195662,0.8069124729246302,12.801867913873922,90011.12691883986,554.9749582637729,-61.643043561204735,2011-2018,CPIAUCSL
2023-11-10,1263.666,92.01499999999987,45,77.16999816894531,308.3852,83.61260092309185,2023,4,77.47986826943455,6.1327326536573,0.479049830455679,90.28173618330847,64.67800035556063,103.08360409718239,51.87613244168671,0.8069124729246302,12.801867913873922,90011.12691883986,554.9749582637729,-61.643043561204735,2011-2018,CPIAUCSL
2023-11-17,1268.129,99.19299999999998,46,75.88999938964844,308.5038,82.19412981643214,2023,4,75.95331190343524,6.240817912996903,0.48749275925847246,88.75517981730916,63.151443989561315,101.55704773118308,50.349576075687395,0.8069124729246302,12.801867913873922,90011.12691883986,554.9749582637729,-61.643043561204735,2011-2018,CPIAUCSL
2023-11-24,1271.035,102.51475000000005,47,75.54000091552734,308.62239999999997,81.78361663283698,2023,4,75.25815167808108,6.525464954755904,0.5097275646535911,88.060019591955,62.45628376420716,100.86188750582892,49.65441585033324,0.8069124729246302,12.801867913873922,90011.12691883986,554.9749582637729,-61.643043561204735,2011-2018,CPIAUCSL
2023-12-01,1269.322,100.88812499999995,48,74.06999969482422,308.741,80.16131018566148,2023,4,75.59768429150088,4.5636258941605945,0.35648125139729037,88.3995522053748,62.79581637762696,101.20142011924872,49.99394846375304,0.8069124729246302,12.801867913873922,90011.12691883986,554.9749582637729,-61.643043561204735,2011-2018,CPIAUCSL
2023-12-08,1259.317,91.47662500000001,49,71.2300033569336,308.9324,77.04000050384995,2023,4,77.59573200864708,-0.555731504797123,-0.04341018892991806,90.397599922521,64.79386409477316,103.19946783639492,51.991996180899235,0.8069124729246302,12.801867913873922,90011.12691883986,554.9749582637729,-61.643043561204735,2011-2018,CPIAUCSL
2023-12-15,1262.022,102.10612500000002,50,71.43000030517578,309.12379999999996,77.20847580150313,2023,4,75.34328767168904,1.8651881298140864,0.14569656103018402,88.14515558556296,62.54141975781512,100.94702349943688,49.7395518439412,0.8069124729246302,12.801867913873922,90011.12691883986,554.9749582637729,-61.643043561204735,2011-2018,CPIAUCSL
2023-12-22,1244.238,88.01300000000015,51,73.55999755859375,309.3152,79.46158334362646,2023,4,78.34577856525036,1.115804778376102,0.08715952905332335,91.14764647912428,65.54391065137644,103.9495143929982,52.742042737502516,0.8069124729246302,12.801867913873922,90011.12691883986,554.9749582637729,-61.643043561204735,2011-2018,CPIAUCSL
2023-12-29,1251.125,93.48187499999995,52,71.6500015258789,309.5066,77.3504883574161,2023,4,77.1651581594887,0.18533019792739935,0.01447680910115853,89.96702607336262,64.36329024561478,102.76889398723654,51.56142233174086,0.8069124729246302,12.801867913873922,90011.12691883986,554.9749582637729,-61.643043561204735,2011-2018,CPIAUCSL
2024-01-05,1260.669,121.001125,1,73.80999755859375,309.9518,79.5678821489357,2024,1,71.51422212820364,8.053660020732053,0.6291003840153642,84.31609004207756,58.71235421432972,97.11795795595148,45.9104863004558,0.8069124729246302,12.801867913873922,90011.12691883986,554.9749582637729,-61.643043561204735,2011-2018,CPIAUCSL
2024-01-12,1263.443,124.47437500000001,2,72.68000030517578,310.2056,78.28563114904658,2024,1,70.83354080229205,7.452090346754531,0.5821096106356782,83.63540871616597,58.03167288841813,96.43727663003989,45.22980497454421,0.8069124729246302,12.801867913873922,90011.12691883986,554.9749582637729,-61.643043561204735,2011-2018,CPIAUCSL
2024-01-19,1241.118,102.35175000000004,3,73.41000366210938,310.45939999999996,79.00729671456,2024,1,75.29209962899114,3.7151970855688603,0.2902074221170916,88.09396754286506,62.49023171511722,100.89583545673898,49.6883638012433,0.8069124729246302,12.801867913873922,90011.12691883986,554.9749582637729,-61.643043561204735,2011-2018,CPIAUCSL
2024-01-26,1231.521,88.91999999999985,4,78.01000213623047,310.7132,83.88945182818375,2024,1,78.14858823158008,5.740863596603674,0.4484395273585083,90.950456145454,65.34672031770616,103.75232405932792,52.54485240383224,0.8069124729246302,12.801867913873922,90011.12691883986,554.9749582637729,-61.643043561204735,2011-2018,CPIAUCSL
2024-02-02,1227.063,81.9027500000002,5,72.27999877929688,311.2426,77.59538145525465,2024,1,79.68884127462047,-2.093459819365819,-0.1635276846667859,92.49070918849439,66.88697336074655,105.29257710236831,54.08510544687263,0.8069124729246302,12.801867913873922,90011.12691883986,554.9749582637729,-61.643043561204735,2011-2018,CPIAUCSL
2024-02-09,1232.25,87.60137499999996,6,76.83999633789062,311.5182,82.41773615915773,2024,1,78.43545335706094,3.9822828020967904,0.3110704491632056,91.23732127093486,65.63358544318702,104.03918918480878,52.831717529313096,0.8069124729246302,12.801867913873922,90011.12691883986,554.9749582637729,-61.643043561204735,2011-2018,CPIAUCSL
2024-02-16,1231.489,91.49312499999996,7,79.19000244140625,311.79380000000003,84.86324842171175,2024,1,77.59217817535449,7.2710702463572545,0.5679694787724915,90.39404608922841,64.79031026148057,103.19591400310233,51.98844234760665,0.8069124729246302,12.801867913873922,90011.12691883986,554.9749582637729,-61.643043561204735,2011-2018,CPIAUCSL
2024-02-23,1228.331,87.80662499999994,8,76.48999786376953,312.06940000000003,81.89742242020259,2024,1,78.39072414850693,3.5066982716956545,0.2739208289983447,91.19259206238085,65.58885623463301,103.99445997625477,52.78698832075909,0.8069124729246302,12.801867913873922,90011.12691883986,554.9749582637729,-61.643043561204735,2011-2018,CPIAUCSL
2024-03-01,1222.823,83.35012500000016,9,79.97000122070312,312.345,85.54789248387121,2024,1,79.36837723180341,6.179515252067802,0.48270418767333173,92.17024514567733,66.56650931792949,104.97211305955125,53.76464140405557,0.8069124729246302,12.801867913873922,90011.12691883986,554.9749582637729,-61.643043561204735,2011-2018,CPIAUCSL
2024-03-08,1218.096,81.72550000000001,10,78.01000213623047,312.48060000000004,83.41497047746586,2024,1,79.72818642705758,3.686784050408278,0.2879879776304171,92.5300543409315,66.92631851318366,105.33192225480542,54.12445059930974,0.8069124729246302,12.801867913873922,90011.12691883986,554.9749582637729,-61.643043561204735,2011-2018,CPIAUCSL
2024-03-15,1211.947,74.67624999999975,11,81.04000091552734,312.61620000000005,86.61731716368524,2024,1,81.31090576423279,5.3064113994524575,0.41450290185400807,94.1127736781067,68.50903785035887,106.91464159198063,55.707169936484945,0.8069124729246302,12.801867913873922,90011.12691883986,554.9749582637729,-61.643043561204735,2011-2018,CPIAUCSL
2024-03-22,1217.272,77.55624999999986,12,80.62999725341797,312.7518,86.14173159764962,2024,1,80.66001713031483,5.481714467334797,0.4281964557214368,93.46188504418875,67.8581492164409,106.26375295806267,55.05628130256699,0.8069124729246302,12.801867913873922,90011.12691883986,554.9749582637729,-61.643043561204735,2011-2018,CPIAUCSL
2024-03-29,1215.09,73.90099999999984,13,83.16999816894531,312.8874,88.81685442810374,2024,1,81.48713296414118,7.3297214639625565,0.5725509365722349,94.2890008780151,68.68526505026726,107.09086879188902,55.88339713639334,0.8069124729246302,12.801867913873922,90011.12691883986,554.9749582637729,-61.643043561204735,2011-2018,CPIAUCSL
2024-04-05,1227.499,83.22199999999998,14,86.91000366210938,313.0534,92.76157496971527,2024,2,79.39668681249816,13.36488815721711,1.0439795385432011,92.19855472637208,66.59481889862424,105.000422640246,53.79295098475032,0.8069124729246302,12.801867913873922,90011.12691883986,554.9749582637729,-61.643043561204735,2011-2018,CPIAUCSL
2024-04-12,1237.522,92.89975000000004,15,85.66000366210938,313.0838,91.41853613513145,2024,2,77.28987938011358,14.128656755017872,1.1036402539121695,90.0917472939875,64.48801146623966,102.89361520786142,51.686143552365735,0.8069124729246302,12.801867913873922,90011.12691883986,554.9749582637729,-61.643043561204735,2011-2018,CPIAUCSL
2024-04-19,1233.754,84.73299999999995,16,83.13999938964844,313.11420000000004,88.72050879858728,2024,2,79.06354880812964,9.656959990457636,0.7543399178483933,91.86541672200356,66.26168089425572,104.66728463587748,53.4598129803818,0.8069124729246302,12.801867913873922,90011.12691883986,554.9749582637729,-61.643043561204735,2011-2018,CPIAUCSL
2024-04-26,1241.612,86.86800000000017,17,83.8499984741211,313.1446,89.46947780723842,2024,2,78.5955081903418,10.873969616896616,0.849404922004549,91.39737610421572,65.79364027646788,104.19924401808964,52.99177236259396,0.8069124729246302,12.801867913873922,90011.12691883986,554.9749582637729,-61.643043561204735,2011-2018,CPIAUCSL
2024-05-03,1239.482,82.31224999999995,18,78.11000061035156,313.15316666666666,83.34251539508848,2024,2,79.59802600939975,3.7444893856887376,0.2924955491558132,92.39989392327367,66.79615809552583,105.20176183714759,53.994290181651905,0.8069124729246302,12.801867913873922,90011.12691883986,554.9749582637729,-61.643043561204735,2011-2018,CPIAUCSL
2024-05-10,1242.999,85.05312499999991,19,78.26000213623047,313.1313333333333,83.50838766411376,2024,2,78.9931711183687,4.515216545745048,0.35269982287910645,91.79503903224263,66.19130320449479,104.59690694611655,53.38943529062087,0.8069124729246302,12.801867913873922,90011.12691883986,554.9749582637729,-61.643043561204735,2011-2018,CPIAUCSL
2024-05-17,1250.495,90.77774999999997,20,80.05999755859375,313.1095,85.43505401225605,2024,2,77.74642514245991,7.688628869796133,0.6005864864035695,90.54829305633383,64.94455722858599,103.35016097020775,52.14268931471207,0.8069124729246302,12.801867913873922,90011.12691883986,554.9749582637729,-61.643043561204735,2011-2018,CPIAUCSL
2024-05-24,1263.184,100.75549999999998,21,77.72000122070312,313.0876666666667,82.94373906309974,2024,2,75.6254419643405,7.3182970987592455,0.571658538269099,88.42730987821442,62.823574050466576,101.22917779208834,50.021706136592655,0.8069124729246302,12.801867913873922,90011.12691883986,554.9749582637729,-61.643043561204735,2011-2018,CPIAUCSL
2024-05-31,1276.64,107.0010000000002,22,76.98999786376953,313.06583333333333,82.17040071833404,2024,2,74.3303642267768,7.8400364915572425,0.6124134809312214,87.13223214065071,61.528496312902874,99.93410005452463,48.726628399028954,0.8069124729246302,12.801867913873922,90011.12691883986,554.9749582637729,-61.643043561204735,2011-2018,CPIAUCSL
2024-06-07,1288.101,115.43587500000012,23,75.52999877929688,313.149,80.5907539929083,2024,2,72.61959429122535,7.97115970168295,0.622655987025477,85.42146220509927,59.817726377351434,98.2233301189732,47.015858463477514,0.8069124729246302,12.801867913873922,90011.12691883986,554.9749582637729,-61.643043561204735,2011-2018,CPIAUCSL
2024-06-14,1287.868,110.99974999999995,24,78.44999694824219,313.254,83.67834386891502,2024,2,73.51393132377711,10.164412545137907,0.7939788641407795,86.31579923765104,60.712063409903195,99.11766715152496,47.910195496029274,0.8069124729246302,12.801867913873922,90011.12691883986,554.9749582637729,-61.643043561204735,2011-2018,CPIAUCSL
2024-06-21,1296.025,118.47487500000011,25,80.7300033569336,313.359,86.08144891851065,2024,2,72.01372264900354,14.067726269507105,1.0988807542890924,84.81559056287746,59.21185473512962,97.61745847675138,46.4099868212557,0.8069124729246302,12.801867913873922,90011.12691883986,554.9749582637729,-61.643043561204735,2011-2018,CPIAUCSL
2024-06-28,1283.067,107.39024999999992,26,81.54000091552734,313.464,86.91601602067881,2024,2,74.25045717803525,12.665558842643563,0.9893524076214976,87.05232509190917,61.44858926416133,99.85419300578309,48.64672135028741,0.8069124729246302,12.801867913873922,90011.12691883986,554.9749582637729,-61.643043561204735,2011-2018,CPIAUCSL
2024-07-05,1285.625,108.53424999999993,27,83.16000366210938,313.6676,88.58528959836549,2024,3,74.01615422803928,14.569135370326208,1.1380476246389812,86.8180221419132,61.21428631416536,99.61989005578712,48.41241840029144,0.8069124729246302,12.801867913873922,90011.12691883986,554.9749582637729,-61.643043561204735,2011-2018,CPIAUCSL
2024-07-12,1296.032,118.00949999999989,28,82.20999908447266,313.7662,87.54578792774343,2024,3,72.10614754353315,15.439640384210279,1.2060459058070496,84.90801545740707,59.304279629659234,97.709883371281,46.502411715785314,0.8069124729246302,12.801867913873922,90011.12691883986,554.9749582637729,-61.643043561204735,2011-2018,CPIAUCSL
2024-07-19,1291.466,112.02437499999996,29,80.12999725341797,313.8648,85.30397837630022,2024,3,73.30630710515325,11.99767127114697,0.9371813044676542,86.10817501902717,60.50443919127933,98.91004293290109,47.70257127740541,0.8069124729246302,12.801867913873922,90011.12691883986,554.9749582637729,-61.643043561204735,2011-2018,CPIAUCSL
2024-07-26,1289.025,108.30612500000007,30,77.16000366210938,313.96340000000004,82.11641606513454,2024,3,74.06281205573333,8.053604009401212,0.6290960087686254,86.86467996960725,61.26094414185941,99.66654788348117,48.45907622798549,0.8069124729246302,12.801867913873922,90011.12691883986,554.9749582637729,-61.643043561204735,2011-2018,CPIAUCSL
2024-08-02,1290.235,111.45837499999993,31,73.5199966430664,314.1736666666667,78.19022599499985,2024,3,73.42091921812047,4.769306776879375,0.3725477257666967,86.2227871319944,60.619051304246554,99.02465504586831,47.817183390372634,0.8069124729246302,12.801867913873922,90011.12691883986,554.9749582637729,-61.643043561204735,2011-2018,CPIAUCSL
2024-08-09,1287.132,106.17337500000008,32,76.83999633789062,314.28533333333337,81.6920870728162,2024,3,74.50057563919162,7.191511433624569,0.5617548534328203,87.30244355306554,61.6987077253177,100.10431146693946,48.89683981144378,0.8069124729246302,12.801867913873922,90011.12691883986,554.9749582637729,-61.643043561204735,2011-2018,CPIAUCSL
2024-08-16,1281.282,100.019,33,76.6500015258789,314.39700000000005,81.46115153720754,2024,3,75.77979184545629,5.681359691751254,0.44379146308751755,88.58165975933021,62.97792393158237,101.38352767320413,50.17605601770845,0.8069124729246302,12.801867913873922,90011.12691883986,554.9749582637729,-61.643043561204735,2011-2018,CPIAUCSL
2024-08-23,1278.228,94.82225000000017,34,74.83000183105469,314.50866666666667,79.49867838876341,2024,3,76.87883030055787,2.6198480882055435,0.20464576777630272,89.68069821443179,64.07696238668395,102.4825661283057,51.275094472810025,0.8069124729246302,12.801867913873922,90011.12691883986,554.9749582637729,-61.643043561204735,2011-2018,CPIAUCSL
2024-08-30,1270.219,87.88912500000015,35,73.55000305175781,314.62033333333335,78.1110864937323,2024,3,78.37275334233368,-0.26166684860137934,-0.020439739759992366,91.1746212562076,65.57088542845976,103.97648917008152,52.76901751458584,0.8069124729246302,12.801867913873922,90011.12691883986,554.9749582637729,-61.643043561204735,2011-2018,CPIAUCSL
2024-09-06,1279.185,92.75962499999991,36,67.66999816894531,314.9118,71.79992670388299,2024,3,77.31993486322378,-5.52000815934079,-0.4311877138927926,90.1218027770977,64.51806694934986,102.92367069097162,51.71619903547594,0.8069124729246302,12.801867913873922,90011.12691883986,554.9749582637729,-61.643043561204735,2011-2018,CPIAUCSL
2024-09-13,1282.568,95.94325000000003,37,68.6500015258789,315.0916,72.79817570459969,2024,3,76.64027034229028,-3.842094637690593,-0.30011984684881443,89.4421382561642,63.83840242841636,102.24400617003812,51.03653451454244,0.8069124729246302,12.801867913873922,90011.12691883986,554.9749582637729,-61.643043561204735,2011-2018,CPIAUCSL
2024-09-20,1267.986,81.75237500000003,38,71.91999816894531,315.27139999999997,76.22226725350876,2024,3,79.72221942735857,-3.499952173849806,-0.2733938670041081,92.52408734123249,66.92035151348465,105.32595525510641,54.11848359961073,0.8069124729246302,12.801867913873922,90011.12691883986,554.9749582637729,-61.643043561204735,2011-2018,CPIAUCSL
2024-09-27,1267.077,86.44887500000004,39,68.18000030517578,315.4512,72.21735622488895,2024,3,78.68714414141616,-6.46978791652721,-0.5053784307144451,91.48901205529008,65.88527622754224,104.290879969164,53.083408313668315,0.8069124729246302,12.801867913873922,90011.12691883986,554.9749582637729,-61.643043561204735,2011-2018,CPIAUCSL
2024-10-04,1258.981,73.68237500000009,40,74.37999725341797,315.81039999999996,78.69488421623164,2024,4,81.53690862599555,-2.8420244097639085,-0.22200076027060764,94.33877653986947,68.73504071212163,107.14064445374339,55.93317279824771,0.8069124729246302,12.801867913873922,90011.12691883986,554.9749582637729,-61.643043561204735,2011-2018,CPIAUCSL
2024-10-11,1251.958,69.03850000000011,41,75.55999755859375,315.9898,79.89795095996924,2024,4,82.60244622243354,-2.704495262464306,-0.21125786335705984,95.40431413630746,69.80057830855962,108.20618205018138,56.9987103946857,0.8069124729246302,12.801867913873922,90011.12691883986,554.9749582637729,-61.643043561204735,2011-2018,CPIAUCSL
2024-10-18,1257.86,76.85324999999989,42,69.22000122070312,316.1692,73.15243935169762,2024,4,80.8183498073902,-7.665910455692583,-0.5988118692729765,93.62021772126413,68.01648189351629,106.42208563513805,55.214613979642365,0.8069124729246302,12.801867913873922,90011.12691883986,554.9749582637729,-61.643043561204735,2011-2018,CPIAUCSL
2024-10-25,1248.367,69.81849999999986,43,71.77999877929688,316.34860000000003,75.8148535259054,2024,4,82.4223683414265,-6.6075148155211,-0.5161367747249023,95.22423625530043,69.62050042755259,108.02610416917435,56.818632513678665,0.8069124729246302,12.801867913873922,90011.12691883986,554.9749582637729,-61.643043561204735,2011-2018,CPIAUCSL
2024-11-01,1247.238,73.673,44,69.48999786376953,316.528,73.3545293819794,2024,4,81.53904386247271,-8.184514480493306,-0.6393218970509299,94.34091177634663,68.73717594859879,107.14277969022055,55.93530803472487,0.8069124729246302,12.801867913873922,90011.12691883986,554.9749582637729,-61.643043561204735,2011-2018,CPIAUCSL
2024-11-08,1240.763,69.11199999999985,45,70.37999725341797,316.7432,74.24354765084712,2024,4,82.58545813550322,-8.341910484656097,-0.6516166656910761,95.38732604937714,69.7835902216293,108.18919396325106,56.981722307755376,0.8069124729246302,12.801867913873922,90011.12691883986,554.9749582637729,-61.643043561204735,2011-2018,CPIAUCSL
2024-11-15,1243.811,74.875,46,67.0199966430664,316.9584,70.65109647936266,2024,4,81.26579645358555,-10.614699974222887,-0.8291524366314771,94.06766436745947,68.46392853971163,106.86953228133339,55.66206062583771,0.8069124729246302,12.801867913873922,90011.12691883986,554.9749582637729,-61.643043561204735,2011-2018,CPIAUCSL
2024-11-22,1242.014,73.49374999999986,47,71.23999786376953,317.1736,75.04877999372954,2024,4,81.57988183711367,-6.5311018433841355,-0.5101678823217748,94.3817497509876,68.77801392323975,107.18361766486152,55.976146009365834,0.8069124729246302,12.801867913873922,90011.12691883986,554.9749582637729,-61.643043561204735,2011-2018,CPIAUCSL
2024-11-29,1237.305,68.87112500000012,48,68.0,317.3888,71.58698731650266,2024,4,82.64114661584824,-11.054159299345585,-0.8634801869316061,95.44301452972216,69.83927870197432,108.24488244359608,57.0374107881004,0.8069124729246302,12.801867913873922,90011.12691883986,554.9749582637729,-61.643043561204735,2011-2018,CPIAUCSL
2024-12-06,1236.386,68.54562499999997,49,67.19999694824219,317.8754,70.63648895231624,2024,4,82.71646811310632,-12.079979160790074,-0.9436106701037349,95.51833602698024,69.9146001992324,108.32020394085416,57.112732285358476,0.8069124729246302,12.801867913873922,90011.12691883986,554.9749582637729,-61.643043561204735,2011-2018,CPIAUCSL
2024-12-13,1233.174,73.25812500000006,50,71.29000091552734,318.1468,74.87172366940692,2024,4,81.63359900466816,-6.761875335261237,-0.528194430746556,94.43546691854208,68.83173109079424,107.237334832416,56.029863176920315,0.8069124729246302,12.801867913873922,90011.12691883986,554.9749582637729,-61.643043561204735,2011-2018,CPIAUCSL
2024-12-20,1220.473,64.24800000000005,51,69.45999908447266,318.4182,72.88760175798346,2024,4,83.71837386947368,-10.83077211149022,-0.8460306093107285,96.5202417833476,70.91650595559976,109.32210969722152,58.11463804172584,0.8069124729246302,12.801867913873922,90011.12691883986,554.9749582637729,-61.643043561204735,2011-2018,CPIAUCSL
2024-12-27,1229.79,72.14687499999991,52,70.5999984741211,318.6896,74.02076531570705,2024,4,81.88748295608909,-7.866717640382035,-0.614497641539993,94.68935086996301,69.08561504221517,107.49121878383693,56.28374712834125,0.8069124729246302,12.801867913873922,90011.12691883986,554.9749582637729,-61.643043561204735,2011-2018,CPIAUCSL
2025-01-03,1234.807,95.13912499999992,1,73.95999908447266,319.0806666666667,77.44852959051295,2025,1,76.81131273724105,0.6372168532718945,0.04977530291351591,89.61318065111497,64.00944482336713,102.4150485649889,51.20757690949321,0.8069124729246302,12.801867913873922,90011.12691883986,554.9749582637729,-61.643043561204735,2011-2018,CPIAUCSL
2025-01-10,1231.365,92.39637500000003,2,76.56999969482422,319.20033333333333,80.15157848007044,2025,1,77.39790912516423,2.753669354906208,0.2150990287848495,90.19977703903815,64.59604121129031,103.00164495291207,51.79417329741639,0.8069124729246302,12.801867913873922,90011.12691883986,554.9749582637729,-61.643043561204735,2011-2018,CPIAUCSL
2025-01-17,1227.228,88.46175000000017,3,77.87999725341797,319.32,81.49230039547099,2025,1,78.24814660996643,3.2441537855045652,0.25341253380600337,91.05001452384035,65.4462786960925,103.85188243771427,52.644410782218586,0.8069124729246302,12.801867913873922,90011.12691883986,554.9749582637729,-61.643043561204735,2011-2018,CPIAUCSL
2025-01-24,1213.345,70.74399999999991,4,74.66000366210938,319.43966666666665,78.09368806302786,2025,1,82.20928140046843,-4.115593337440572,-0.32148381510641355,95.01114931434235,69.4074134865945,107.81301722821627,56.60554557272059,0.8069124729246302,12.801867913873922,90011.12691883986,554.9749582637729,-61.643043561204735,2011-2018,CPIAUCSL
2025-01-31,1210.642,65.48175000000015,5,72.52999877929688,319.5593333333333,75.8373124932206,2025,1,83.4293292893015,-7.592016796080912,-0.5930397694427956,96.23119720317543,70.62746137542759,109.03306511704935,57.825593461553666,0.8069124729246302,12.801867913873922,90011.12691883986,554.9749582637729,-61.643043561204735,2011-2018,CPIAUCSL
2025-02-07,1211.86,67.21137499999986,6,71.0,319.7002,74.20483628099076,2025,1,83.02604045205675,-8.821204171065986,-0.6890560213877911,95.82790836593067,70.22417253818283,108.62977627980459,57.42230462430891,0.8069124729246302,12.801867913873922,90011.12691883986,554.9749582637729,-61.643043561204735,2011-2018,CPIAUCSL
2025-02-14,1212.051,72.05512499999986,7,70.73999786376953,319.7214,73.92819569230953,2025,1,81.90848501988069,-7.980289327571157,-0.6233691349777623,94.7103529337546,69.10661710600677,107.51222084762853,56.304749192132846,0.8069124729246302,12.801867913873922,90011.12691883986,554.9749582637729,-61.643043561204735,2011-2018,CPIAUCSL
2025-02-21,1209.833,69.30862500000012,8,70.4000015258789,319.7426,73.56799785153258,2025,1,82.54003177814508,-8.972033926612497,-0.7008378767046274,95.341899692019,69.73816386427116,108.14376760589292,56.93629595039724,0.8069124729246302,12.801867913873922,90011.12691883986,554.9749582637729,-61.643043561204735,2011-2018,CPIAUCSL
2025-02-28,1205.239,65.7661250000001,9,69.76000213623047,319.7638,72.89436538401415,2025,1,83.36286847795574,-10.468503093941592,-0.817732471883766,96.16473639182966,70.56100056408182,108.96660430570358,57.7591326502079,0.8069124729246302,12.801867913873922,90011.12691883986,554.9749582637729,-61.643043561204735,2011-2018,CPIAUCSL
2025-03-07,1199.282,62.91149999999993,10,67.04000091552734,319.88840000000005,70.02486662819302,2025,1,84.03279334217424,-14.00792671398122,-1.0942095956794118,96.83466125604816,71.23092542830032,109.63652916992208,58.429057514426404,0.8069124729246302,12.801867913873922,90011.12691883986,554.9749582637729,-61.643043561204735,2011-2018,CPIAUCSL
2025-03-14,1200.913,63.642249999999876,11,67.18000030517578,319.9918,70.14842468453469,2025,1,83.8607117763932,-13.712287091858514,-1.0711161202497592,96.66257969026712,71.05884386251928,109.46444760414104,58.25697594864536,0.8069124729246302,12.801867913873922,90011.12691883986,554.9749582637729,-61.643043561204735,2011-2018,CPIAUCSL
2025-03-21,1204.105,64.38924999999995,12,68.27999877929688,320.09520000000003,71.27399683633257,2025,1,83.68522326125623,-12.411226424923655,-0.9694855866676367,96.48709117513015,70.8833553473823,109.28895908900407,58.081487433508386,0.8069124729246302,12.801867913873922,90011.12691883986,554.9749582637729,-61.643043561204735,2011-2018,CPIAUCSL
2025-03-28,1209.457,68.26800000000003,13,69.36000061035156,320.1986,72.37797530637978,2025,1,82.78077338747352,-10.402798081093735,-0.8126000167381656,95.58264130134744,69.9789054735996,108.38450921522136,57.177037559725676,0.8069124729246302,12.801867913873922,90011.12691883986,554.9749582637729,-61.643043561204735,2011-2018,CPIAUCSL
2025-04-04,1210.7,66.423,14,61.9900016784668,320.36560000000003,64.65357469974238,2025,2,83.20958384416511,-18.55600914442273,-1.4494766911563588,96.01145175803903,70.40771593029119,108.81331967191295,57.60584801641727,0.8069124729246302,12.801867913873922,90011.12691883986,554.9749582637729,-61.643043561204735,2011-2018,CPIAUCSL
2025-04-11,1208.625,64.0027500000001,15,61.5,320.42920000000004,64.12978748503569,2025,2,83.77596865382361,-19.64618116878792,-1.5346339534949058,96.57783656769753,70.97410073994969,109.37970448157145,58.17223282607577,0.8069124729246302,12.801867913873922,90011.12691883986,554.9749582637729,-61.643043561204735,2011-2018,CPIAUCSL
2025-04-18,1207.888,58.86699999999996,16,64.68000030517578,320.4928,67.43238282410303,2025,2,84.99262659310125,-17.56024376899822,-1.3716938721081042,97.79449450697517,72.19075867922733,110.59636242084909,59.38889076535341,0.8069124729246302,12.801867913873922,90011.12691883986,554.9749582637729,-61.643043561204735,2011-2018,CPIAUCSL
2025-04-25,1212.112,57.368000000000166,17,63.02000045776367,320.5564,65.6887080493574,2025,2,85.35158698710089,-19.662878937743486,-1.5359382763537186,98.15345490097481,72.54971907322697,110.95532281484873,59.74785115935305,0.8069124729246302,12.801867913873922,90011.12691883986,554.9749582637729,-61.643043561204735,2011-2018,CPIAUCSL
2025-05-02,1213.276,56.106250000000045,18,58.290000915527344,320.7558333333333,60.720630061514285,2025,2,85.65509897959254,-24.934468918078252,-1.9477211517747126,98.45696689346646,72.85323106571862,111.25883480734038,60.0513631518447,0.8069124729246302,12.801867913873922,90011.12691883986,554.9749582637729,-61.643043561204735,2011-2018,CPIAUCSL
2025-05-09,1218.145,60.19912499999987,19,61.02000045776367,320.89166666666665,63.537560774777674,2025,2,84.67509526754876,-21.13753449277108,-1.6511289317290523,97.47696318142268,71.87322735367484,110.2788310952966,59.071359439800915,0.8069124729246302,12.801867913873922,90011.12691883986,554.9749582637729,-61.643043561204735,2011-2018,CPIAUCSL
2025-05-16,1223.076,63.3587500000001,20,62.4900016784668,321.02750000000003,65.04067953937836,2025,2,83.92742383508721,-18.88674429570885,-1.4753116047417185,96.72929174896113,71.12555592121329,109.53115966283505,58.32368800733937,0.8069124729246302,12.801867913873922,90011.12691883986,554.9749582637729,-61.643043561204735,2011-2018,CPIAUCSL
2025-05-23,1222.411,59.98250000000007,21,61.529998779296875,321.16333333333336,64.01440603055116,2025,2,84.72663731553567,-20.71223128498451,-1.6179069667277066,97.52850522940959,71.92476940166175,110.33037314328351,59.12290148778783,0.8069124729246302,12.801867913873922,90011.12691883986,554.9749582637729,-61.643043561204735,2011-2018,CPIAUCSL
2025-05-30,1235.337,65.69800000000009,22,60.790000915527344,321.2991666666667,63.21779171303815,2025,2,83.37878431193263,-20.16099259889448,-1.5748477280448399,96.18065222580655,70.57691639805871,108.98252013968047,57.77504848418479,0.8069124729246302,12.801867913873922,90011.12691883986,554.9749582637729,-61.643043561204735,2011-2018,CPIAUCSL
2025-06-06,1241.5,68.83487500000001,23,64.58000183105469,321.5818,67.10013001921169,2025,2,82.64953106510671,-15.549401045895024,-1.2146197063198476,95.45139897898063,69.8476631512328,108.25326689285455,57.045795237358874,0.8069124729246302,12.801867913873922,90011.12691883986,554.9749582637729,-61.643043561204735,2011-2018,CPIAUCSL
2025-06-13,1234.891,58.02275000000009,24,72.9800033569336,321.7286,75.79332860571171,2025,2,85.19458030819487,-9.401251702483165,-0.7343656227146848,97.99644822206879,72.39271239432095,110.79831613594271,59.59084448044703,0.8069124729246302,12.801867913873922,90011.12691883986,554.9749582637729,-61.643043561204735,2011-2018,CPIAUCSL
2025-06-20,1230.719,53.16887500000007,25,74.93000030517578,321.8754,77.78300526218744,2025,2,86.36655876555096,-8.583553503363518,-0.6704922719958046,99.16842667942488,73.56469085167704,111.9702945932988,60.76282293780312,0.8069124729246302,12.801867913873922,90011.12691883986,554.9749582637729,-61.643043561204735,2011-2018,CPIAUCSL
2025-06-27,1240.08,64.40324999999984,26,65.5199966430664,322.0222,67.98370422394612,2025,2,83.68193836083779,-15.69823413689167,-1.2262455949790605,96.48380627471171,70.88007044696387,109.28567418858563,58.07820253308995,0.8069124729246302,12.801867913873922,90011.12691883986,554.9749582637729,-61.643043561204735,2011-2018,CPIAUCSL
2025-07-04,1246.491,69.40024999999991,27,66.5,322.3934,68.92111159843843,2025,3,82.51887338796064,-13.59776178952221,-1.062170136499045,95.32074130183456,69.71700547408672,108.12260921570848,56.9151375602128,0.8069124729246302,12.801867913873922,90011.12691883986,554.9749582637729,-61.643043561204735,2011-2018,CPIAUCSL
2025-07-11,1255.837,77.81449999999995,28,68.44999694824219,322.6178,70.89275895599408,2025,3,80.60194131229403,-9.709182356299948,-0.7584191948877788,93.40380922616795,67.80007339842011,106.20567714004187,54.99820548454619,0.8069124729246302,12.801867913873922,90011.12691883986,554.9749582637729,-61.643043561204735,2011-2018,CPIAUCSL
2025-07-18,1250.684,71.24237500000004,29,67.33999633789062,322.8422,69.69466914912527,2025,3,82.09479654250524,-12.400127393379961,-0.9686186013481222,94.89666445637916,69.29292862863132,107.69853237025308,56.491060714757396,0.8069124729246302,12.801867913873922,90011.12691883986,554.9749582637729,-61.643043561204735,2011-2018,CPIAUCSL
2025-07-25,1257.771,77.05212499999993,30,65.16000366210938,323.0666,67.39160650969264,2025,3,80.77352259925874,-13.381916089566104,-1.045309651653534,93.57539051313266,67.97165468538482,106.37725842700658,55.1697867715109,0.8069124729246302,12.801867913873922,90011.12691883986,554.9749582637729,-61.643043561204735,2011-2018,CPIAUCSL
2025-08-01,1259.825,81.04837500000008,31,67.33000183105469,323.291,69.58758778256163,2025,3,79.87869347467574,-10.291105692114115,-0.8038753220505589,92.68056138854966,67.07682556080182,105.48242930242358,54.2749576469279,0.8069124729246302,12.801867913873922,90011.12691883986,554.9749582637729,-61.643043561204735,2011-2018,CPIAUCSL
2025-08-08,1267.347,86.388375,32,63.880001068115234,323.4818,65.98296607997855,2025,3,78.70038153107609,-12.717415451097537,-0.9934031140342527,91.50224944495001,65.89851361720217,104.30411735882393,53.09664570332825,0.8069124729246302,12.801867913873922,90011.12691883986,554.9749582637729,-61.643043561204735,2011-2018,CPIAUCSL
2025-08-15,1263.112,81.84900000000016,33,62.79999923706055,323.6726,64.82917165394376,2025,3,79.70077014242034,-14.871598488476579,-1.1616741079135493,92.50263805629426,66.89890222854642,105.30450597016818,54.0970343146725,0.8069124729246302,12.801867913873922,90011.12691883986,554.9749582637729,-61.643043561204735,2011-2018,CPIAUCSL
2025-08-22,1258.718,75.31225000000018,34,63.65999984741211,323.8634,65.67824400353868,2025,3,81.16665611014017,-15.488412106601487,-1.2098556406613166,93.96852402401409,68.36478819626625,106.77039193788801,55.56292028239233,0.8069124729246302,12.801867913873922,90011.12691883986,554.9749582637729,-61.643043561204735,2011-2018,CPIAUCSL
2025-08-29,1265.82,83.49012500000003,35,64.01000213623047,324.0542,66.00045925583073,2025,3,79.33745682686899,-13.336997571038253,-1.041800904427735,92.13932474074291,66.53558891299507,104.94119265461683,53.73372099912115,0.8069124729246302,12.801867913873922,90011.12691883986,554.9749582637729,-61.643043561204735,2011-2018,CPIAUCSL
2025-09-05,1281.25,94.82462499999997,36,61.869998931884766,324.3268,63.74029100619988,2025,3,76.87832400683459,-13.138033000634707,-1.0262590653975165,89.68019192070851,64.07645609296067,102.48205983458243,51.27458817908675,0.8069124729246302,12.801867913873922,90011.12691883986,554.9749582637729,-61.643043561204735,2011-2018,CPIAUCSL
2025-09-12,1282.421,95.7962500000001,37,62.689998626708984,324.4086,64.56879358667094,2025,3,76.67150658459121,-12.102712997920278,-0.9453864919824755,89.47337449846513,63.86963867071729,102.27524241233905,51.06777075684337,0.8069124729246302,12.801867913873922,90011.12691883986,554.9749582637729,-61.643043561204735,2011-2018,CPIAUCSL
2025-09-19,1281.947,95.71337499999981,38,62.68000030517578,324.4904,64.54222122432185,2025,3,76.68912303436815,-12.146901810046302,-0.9488382392136849,89.49099094824207,63.88725512049423,102.29285886211599,51.08538720662031,0.8069124729246302,12.801867913873922,90011.12691883986,554.9749582637729,-61.643043561204735,2011-2018,CPIAUCSL
2025-09-26,1288.387,107.75887499999999,39,65.72000122070312,324.5722,67.65548536773869,2025,3,74.17487066170588,-6.51938529396719,-0.5092526604576085,86.9767385755798,61.37300274783196,99.77860648945372,48.57113483395804,0.8069124729246302,12.801867913873922,90011.12691883986,554.9749582637729,-61.643043561204735,2011-2018,CPIAUCSL
2025-10-03,1287.157,101.85837500000002,40,60.880001068115234,324.654,62.657153883489535,2025,4,75.394957344716,-12.73780346122647,-0.9949956949190186,88.19682525858993,62.593089430842085,100.99869317246385,49.791221516968164,0.8069124729246302,12.801867913873922,90011.12691883986,554.9749582637729,-61.643043561204735,2011-2018,CPIAUCSL
2025-10-10,1288.82,105.90049999999997,41,58.900001525878906,324.7358,60.60408618280905,2025,4,74.55678924135341,-13.952703058544365,-1.0898958771026872,87.35865715522733,61.754921327479494,100.16052506910125,48.95305341360557,0.8069124729246302,12.801867913873922,90011.12691883986,554.9749582637729,-61.643043561204735,2011-2018,CPIAUCSL
2025-10-17,1284.648,103.6412499999999,42,57.540000915527344,324.81759999999997,59.1898285250124,2025,4,75.02399528395955,-15.834166758947148,-1.2368637815569865,87.82586319783347,62.22212737008563,100.62773111170739,49.42025945621171,0.8069124729246302,12.801867913873922,90011.12691883986,554.9749582637729,-61.643043561204735,2011-2018,CPIAUCSL
2025-10-24,1268.745,90.19649999999979,43,61.5,324.8994,63.247443670256075,2025,4,77.87200436275288,-14.6245606924968,-1.1423770961304442,90.6738722766268,65.07013644887896,103.47574019050072,52.268268535005035,0.8069124729246302,12.801867913873922,90011.12691883986,554.9749582637729,-61.643043561204735,2011-2018,CPIAUCSL
2025-10-31,1269.378,95.81299999999987,44,60.97999954223633,324.9812,62.696882856752836,2025,4,76.66794664054879,-13.971063783795955,-1.0913300994657917,89.46981455442271,63.86607872667487,102.27168246829663,51.06421081280095,0.8069124729246302,12.801867913873922,90011.12691883986,554.9749582637729,-61.643043561204735,2011-2018,CPIAUCSL
2025-11-07,1271.902,100.25099999999998,45,59.75,325.2566,61.380237172742994,2025,4,75.7311336727874,-14.3508965000444,-1.1210002006419493,88.53300158666131,62.92926575891347,101.33486950053523,50.12739784503955,0.8069124729246302,12.801867913873922,90011.12691883986,554.9749582637729,-61.643043561204735,2011-2018,CPIAUCSL
2025-11-14,1269.187,100.25099999999998,46,60.09000015258789,325.4502,61.6927930632224,2025,4,75.7311336727874,-14.03834060956499,-1.0965853345784837,88.53300158666131,62.92926575891347,101.33486950053523,50.12739784503955,0.8069124729246302,12.801867913873922,90011.12691883986,554.9749582637729,-61.643043561204735,2011-2018,CPIAUCSL
2025-11-21,1270.749,102.22874999999999,47,58.060001373291016,325.6438,59.57320949718403,2025,4,75.31772794240541,-15.74451844522138,-1.2298610289642486,88.11959585627933,62.51586002853149,100.92146377015325,49.71399211465757,0.8069124729246302,12.801867913873922,90011.12691883986,554.9749582637729,-61.643043561204735,2011-2018,CPIAUCSL
2025-11-28,1275.973,107.53912500000001,48,58.54999923706055,325.8374,60.040283267293056,2025,4,74.21992024994023,-14.179636982647175,-1.1076225030630185,87.02178816381415,61.41805233606631,99.82365607768807,48.61618442219239,0.8069124729246302,12.801867913873922,90011.12691883986,554.9749582637729,-61.643043561204735,2011-2018,CPIAUCSL
2025-12-05,1272.812,104.9716249999999,49,60.08000183105469,326.1424,61.55161393247898,2025,4,74.74849054400858,-13.196876611529596,-1.0308555517298836,87.5503584578825,61.946622630134655,100.35222637175642,49.144754716260735,0.8069124729246302,12.801867913873922,90011.12691883986,554.9749582637729,-61.643043561204735,2011-2018,CPIAUCSL
2025-12-12,1274.951,115.03512500000011,50,57.439998626708984,326.2538,58.826852533643745,2025,4,72.6999001753656,-13.873047641721854,-1.0836737056697054,85.50176808923952,59.89803226149168,98.30363600311344,47.09616434761776,0.8069124729246302,12.801867913873922,90011.12691883986,554.9749582637729,-61.643043561204735,2011-2018,CPIAUCSL
2025-12-19,1275.623,119.39800000000014,51,56.65999984741211,326.3652,58.00821413868775,2025,4,71.83076468665365,-13.822550547965903,-1.0797291958453832,84.63263260052757,59.02889677277973,97.43450051440149,46.22702885890581,0.8069124729246302,12.801867913873922,90011.12691883986,554.9749582637729,-61.643043561204735,2011-2018,CPIAUCSL
2025-12-26,1285.779,128.13587499999994,52,56.7400016784668,326.4766,58.07029814947775,2025,4,70.12346128074589,-12.053163131268136,-0.9415159734780278,82.9253291946198,57.321593366871966,95.72719710849373,44.519725452998046,0.8069124729246302,12.801867913873922,90011.12691883986,554.9749582637729,-61.643043561204735,2011-2018,CPIAUCSL
2026-01-02,1293.885,154.2171249999999,1,57.31999969482422,326.73333333333335,58.617798871754665,2026,1,65.2776159371355,-6.659817065380828,-0.5202222917925363,78.07948385100941,52.47574802326157,90.88135176488333,39.67388010938765,0.8069124729246302,12.801867913873922,90011.12691883986,554.9749582637729,-61.643043561204735,2011-2018,CPIAUCSL
2026-01-09,1300.095,161.12637500000005,2,59.119998931884766,326.8786666666667,60.431671985659065,2026,1,64.05303147414872,-3.6213594884896594,-0.28287742951675354,76.85489938802264,51.251163560274804,89.65676730189656,38.449295646400884,0.8069124729246302,12.801867913873922,90011.12691883986,554.9749582637729,-61.643043561204735,2011-2018,CPIAUCSL
2026-01-16,1307.633,168.86675000000014,3,59.439998626708984,327.024,60.731769476065665,2026,1,62.70890506405901,-1.9771355879933452,-0.1544411800914334,75.51077297793293,49.90703715018509,88.31264089180685,37.10516923631117,0.8069124729246302,12.801867913873922,90011.12691883986,554.9749582637729,-61.643043561204735,2011-2018,CPIAUCSL
2026-01-23,1300.852,158.25099999999998,4,61.06999969482422,327.1693333333333,62.3694765647289,2026,1,64.55977600239699,-2.190299437668088,-0.1710921759546018,77.3616439162709,51.75790808852307,90.16351183014483,38.95604017464915,0.8069124729246302,12.801867913873922,90011.12691883986,554.9749582637729,-61.643043561204735,2011-2018,CPIAUCSL
2026-01-30,1275.572,130.41174999999998,5,65.20999908447266,327.31466666666665,66.56799839123391,2026,1,69.68592128968473,-3.1179228984508143,-0.24355218468328285,82.48778920355865,56.88405337581081,95.28965711743257,44.08218546193689,0.8069124729246302,12.801867913873922,90011.12691883986,554.9749582637729,-61.643043561204735,2011-2018,CPIAUCSL
2026-02-06,1273.853,129.20437500000003,6,63.54999923706055,328.0266,64.73263081432505,2026,1,69.91767823004776,-5.185047415722707,-0.40502272407477763,82.71954614392168,57.115810316173835,95.5214140577956,44.313942402299915,0.8069124729246302,12.801867913873922,90011.12691883986,554.9749582637729,-61.643043561204735,2011-2018,CPIAUCSL
2026-02-13,1254.773,114.77712499999984,7,62.88999938964844,328.59319999999997,63.949888147602024,2026,1,72.75165138353677,-8.801763235934743,-0.6875374199413433,85.55351929741069,59.94978346966285,98.35538721128461,47.14791555578893,0.8069124729246302,12.801867913873922,90011.12691883986,554.9749582637729,-61.643043561204735,2011-2018,CPIAUCSL
2026-02-20,1265.952,125.42762500000003,8,66.38999938964844,329.1598,67.39266728823696,2026,1,70.64793994310844,-3.255272654871476,-0.25428106872932194,83.44980785698236,57.84607202923452,96.25167577085628,45.0442041153606,0.8069124729246302,12.801867913873922,90011.12691883986,554.9749582637729,-61.643043561204735,2011-2018,CPIAUCSL
2026-02-27,1268.887,129.414125,9,67.0199966430664,329.7264,67.91527308199895,2026,1,69.87735780111262,-1.962084719113676,-0.15326550252774304,82.67922571498654,57.0754898872387,95.48109362886046,44.27362197336478,0.8069124729246302,12.801867913873922,90011.12691883986,554.9749582637729,-61.643043561204735,2011-2018,CPIAUCSL
2026-03-06,1266.926,130.55549999999994,10,90.9000015258789,330.7158,91.83869778777864,2026,1,69.6583827048272,22.180315082951438,1.7325842784953045,82.46025061870112,56.856514790953284,95.26211853257504,44.054646877079364,0.8069124729246302,12.801867913873922,90011.12691883986,554.9749582637729,-61.643043561204735,2011-2018,CPIAUCSL
2026-03-13,1267.371,130.10024999999996,11,98.70999908447266,331.1386,99.60201167756924,2026,1,69.74563586124941,29.856375816319826,2.332189022506881,82.54750377512333,56.94376794737549,95.34937168899725,44.14190003350157,0.8069124729246302,12.801867913873922,90011.12691883986,554.9749582637729,-61.643043561204735,2011-2018,CPIAUCSL
2026-03-20,1275.705,135.98924999999986,12,98.31999969482422,331.5614,99.08197944040322,2026,1,68.62582686989359,30.45615257050963,2.3790397444659632,81.4276947837675,55.823958956019666,94.22956269764143,43.022091042145746,0.8069124729246302,12.801867913873922,90011.12691883986,554.9749582637729,-61.643043561204735,2011-2018,CPIAUCSL
2026-03-27,1273.599,132.40999999999985,13,99.63999938964844,331.9842,100.28432870016893,2026,1,69.30414379970861,30.980184900460316,2.419973796705541,82.10601171358253,56.50227588583469,94.90787962745645,43.70040797196077,0.8069124729246302,12.801867913873922,90011.12691883986,554.9749582637729,-61.643043561204735,2011-2018,CPIAUCSL
2026-04-03,1274.922,130.64499999999998,14,111.54000091552734,332.72139999999996,112.0125487747589,2026,2,69.64124277546958,42.37130599928932,3.309775283134249,82.4431106893435,56.83937486159566,95.24497860321742,44.03750694772174,0.8069124729246302,12.801867913873922,90011.12691883986,554.9749582637729,-61.643043561204735,2011-2018,CPIAUCSL
2026-04-10,1265.944,121.32175000000007,15,96.56999969482422,333.0358,96.88757355224665,2026,2,71.45109369982305,25.436479852423602,1.9869350335084321,84.25296161369697,58.64922578594913,97.05482952757089,45.84735787207521,0.8069124729246302,12.801867913873922,90011.12691883986,554.9749582637729,-61.643043561204735,2011-2018,CPIAUCSL
2026-04-17,1264.15,115.12900000000013,16,83.8499984741211,333.3502,84.04639877269177,2026,2,72.68108004501454,11.365318727677234,0.8877859703082986,85.48294795888846,59.87921213114062,98.28481587276238,47.0773442172667,0.8069124729246302,12.801867913873922,90011.12691883986,554.9749582637729,-61.643043561204735,2011-2018,CPIAUCSL
2026-04-24,1247.188,92.44400000000019,17,94.4000015258789,333.6646,94.53195487277776,2026,2,77.38768108768218,17.144273785095578,1.3392009588316098,90.1895490015561,64.58581317380826,102.99141691543002,51.78394525993434,0.8069124729246302,12.801867913873922,90011.12691883986,554.9749582637729,-61.643043561204735,2011-2018,CPIAUCSL
2026-05-01,1241.313,84.14325000000008,18,101.94000244140625,333.979,101.98639721584145,2026,2,79.19338662494795,22.793010590893502,1.7804441308281083,91.99525453882187,66.39151871107403,104.79712245269579,53.58965079720011,0.8069124729246302,12.801867913873922,90011.12691883986,554.9749582637729,-61.643043561204735,2011-2018,CPIAUCSL
2026-05-08,1236.254,78.30812499999979,19,95.41999816894531,333.6968,95.5441568759061,2026,2,80.4910656509764,15.053091224929702,1.1758511590809364,93.29293356485032,67.68919773710248,106.09480147872424,54.887329823228555,0.8069124729246302,12.801867913873922,90011.12691883986,554.9749582637729,-61.643043561204735,2011-2018,CPIAUCSL
2026-05-15,1227.233,67.51575000000003,20,105.41999816894531,333.4146,105.64651160503428,2026,2,82.9553026051106,22.691208999923674,1.772492041988049,95.75717051898452,70.15343469123668,108.55903843285844,57.35156677736276,0.8069124729246302,12.801867913873922,90011.12691883986,554.9749582637729,-61.643043561204735,2011-2018,CPIAUCSL
2026-05-22,1218.92,56.49150000000009,21,96.5999984741211,333.13239999999996,96.88956730163909,2026,2,85.56229485493952,11.327272446699567,0.8848140383032483,98.36416276881344,72.7604269410656,111.16603068268736,59.95855902719168,0.8069124729246302,12.801867913873922,90011.12691883986,554.9749582637729,-61.643043561204735,2011-2018,CPIAUCSL
2026-05-29,1216.351,46.71200000000022,22,87.36000061035156,332.8502,87.69615990597985,2026,2,87.95489218029084,-0.25873227431098655,-0.020210509595290194,100.75676009416476,75.15302426641692,113.55862800803868,62.351156352543,0.8069124729246302,12.801867913873922,90011.12691883986,554.9749582637729,-61.643043561204735,2011-2018,CPIAUCSL
2026-06-05,1210.738,38.07287500000007,23,90.54000091552734,332.61699999999996,90.9521192419692,2026,2,90.13413505771643,0.8179841842527651,0.06389569004740951,102.93600297159036,77.33226714384251,115.73787088546428,64.5303992299686,0.8069124729246302,12.801867913873922,90011.12691883986,554.9749582637729,-61.643043561204735,2011-2018,CPIAUCSL
2026-06-12,1202.862,25.99375000000009,24,84.87999725341797,332.666,85.25379318079334,2026,2,93.28978782628673,-8.035994645493389,-0.6277204779456007,106.09165574016065,80.4879199124128,118.89352365403457,67.68605199853889,0.8069124729246302,12.801867913873922,90011.12691883986,554.9749582637729,-61.643043561204735,2011-2018,CPIAUCSL
2026-06-19,1202.32,24.769874999999956,25,76.5999984741211,332.715,76.92600000047054,2026,2,93.61686002794292,-16.690860027472382,-1.3037831775614397,106.41872794181684,80.814992114069,119.22059585569076,68.01312420019508,0.8069124729246302,12.801867913873922,90011.12691883986,554.9749582637729,-61.643043561204735,2011-2018,CPIAUCSL
2026-06-26,1201.57,25.893249999999853,26,69.2300033569336,332.764,69.51440135247675,2026,2,93.31659382002672,-23.802192467549972,-1.8592749610980235,106.11846173390065,80.5147259061528,118.92032964777457,67.71285799227888,0.8069124729246302,12.801867913873922,90011.12691883986,554.9749582637729,-61.643043561204735,2011-2018,CPIAUCSL
2026-07-03,1197.586,20.495249999999942,27,68.69000244140625,333.03266666666667,68.91654033663217,2026,3,94.7701393043491,-25.853598967716934,-2.0195177095756707,107.57200721822302,81.96827139047518,120.37387513209694,69.16640347660126,0.8069124729246302,12.801867913873922,90011.12691883986,554.9749582637729,-61.643043561204735,2011-2018,CPIAUCSL
2026-07-10,1210.845,32.82249999999999,28,71.41000366210938,333.2523333333333,71.59828618441563,2026,3,91.48985222353264,-19.89156603911701,-1.5538018493035446,104.29172013740656,78.68798430965872,117.09358805128048,65.8861163957848,0.8069124729246302,12.801867913873922,90011.12691883986,554.9749582637729,-61.643043561204735,2011-2018,CPIAUCSL
2026-07-17,1222.403,42.96137500000009,29,82.48999786376953,333.472,82.65301277534299,2026,3,88.89326258283492,-6.240249807491935,-0.48744838249183264,101.69513049670884,76.091394668961,114.49699841058276,63.28952675508708,0.8069124729246302,12.801867913873922,90011.12691883986,554.9749582637729,-61.643043561204735,2011-2018,CPIAUCSL
2026-07-24,1218.7,37.98112500000002,30,89.30999755859375,333.69166666666666,89.42758173238913,2026,3,90.15762002824184,-0.7300382958527081,-0.05702592002699348,102.95948794211576,77.35575211436792,115.76135585598968,64.553884200494,0.8069124729246302,12.801867913873922,90011.12691883986,554.9749582637729,-61.643043561204735,2011-2018,CPIAUCSL
2026-07-31,1220.73,41.95337500000005,31,84.66999816894531,333.9113333333333,84.72569911230286,2026,3,89.14746495209346,-4.421765839790595,-0.3454000517376485,101.94933286596738,76.34559703821954,114.7512007798413,63.54372912434562,0.8069124729246302,12.801867913873922,90011.12691883986,554.9749582637729,-61.643043561204735,2011-2018,CPIAUCSL
2026-08-07,1236.468,55.50937500000009,32,78.18000030517578,334.131,78.18000030517578,2026,3,85.79911345144475,-7.6191131462689725,-0.5951563629251181,98.60098136531867,72.99724553757083,111.4028492791926,60.19537762369691,0.8069124729246302,12.801867913873922,90011.12691883986,554.9749582637729,-61.643043561204735,2011-2018,CPIAUCSL
2026-08-14,1245.302,64.03899999999999,33,82.4000015258789,334.131,82.4000015258789,2026,3,83.76745278899955,-1.3674512631206426,-0.10681654211091166,96.56932070287347,70.96558487512563,109.37118861674739,58.16371696125171,0.8069124729246302,12.801867913873922,90011.12691883986,554.9749582637729,-61.643043561204735,2011-2018,CPIAUCSL
2026-08-21,1245.362,61.95625000000018,34,87.05999755859375,334.131,87.05999755859375,2026,3,84.25835632446129,2.801641234132461,0.21884628500940903,97.06022423833521,71.45648841058737,109.86209215220913,58.65462049671345,0.8069124729246302,12.801867913873922,90011.12691883986,554.9749582637729,-61.643043561204735,2011-2018,CPIAUCSL
2026-08-28,1242.342,60.0121250000002,35,83.4000015258789,334.131,83.4000015258789,2026,3,84.7195864328196,-1.3195849069406904,-0.1030775286714684,97.52145434669352,71.91771851894568,110.32332226056744,59.115850605071756,0.8069124729246302,12.801867913873922,90011.12691883986,554.9749582637729,-61.643043561204735,2011-2018,CPIAUCSL
2026-09-04,1248.641,62.215625000000045,36,91.4800033569336,334.131,91.4800033569336,2026,3,84.19704110575654,7.282962251177054,0.5688984060899583,96.99890901963046,71.39517319188262,109.80077693350438,58.5933052780087,0.8069124729246302,12.801867913873922,90011.12691883986,554.9749582637729,-61.643043561204735,2011-2018,CPIAUCSL
2026-09-11,1251.248,64.6232500000001,37,100.05000305175781,334.131,100.05000305175781,2026,3,83.63033799208836,16.419665059669455,1.2825991621015536,96.43220590596228,70.82847007821444,109.2340738198362,58.02660216434052,0.8069124729246302,12.801867913873922,90011.12691883986,554.9749582637729,-61.643043561204735,2011-2018,CPIAUCSL
2026-09-18,1251.356,65.12237499999992,38,100.30000305175781,334.131,100.30000305175781,2026,3,83.51340541928383,16.786597632473985,1.3112615866221868,96.31527333315775,70.71153750540991,109.11714124703167,57.90966959153599,0.8069124729246302,12.801867913873922,90011.12691883986,554.9749582637729,-61.643043561204735,2011-2018,CPIAUCSL
2026-09-25,1244.313,63.68487500000015,39,92.41000366210938,334.131,92.41000366210938,2026,3,83.85068672346776,8.559316938641615,0.668599066653822,96.65255463734168,71.04881880959384,109.4544225512156,58.24695089571992,0.8069124729246302,12.801867913873922,90011.12691883986,554.9749582637729,-61.643043561204735,2011-2018,CPIAUCSL
2026-10-02,1237.4,52.10137500000019,40,91.11000061035156,334.131,91.11000061035156,2026,4,86.6268229890537,4.48317762129787,0.3501971471240741,99.42869090292761,73.82495507517977,112.23055881680153,61.02308716130585,0.8069124729246302,12.801867913873922,90011.12691883986,554.9749582637729,-61.643043561204735,2011-2018,CPIAUCSL
