record_date,account_type,transaction_type,transaction_catg,transaction_catg_desc,transaction_today_amt,transaction_mtd_amt,transaction_fytd_amt,table_nbr,table_nm,src_line_nbr,record_fiscal_year,record_fiscal_quarter,record_calendar_year,record_calendar_quarter,record_calendar_month,record_calendar_day
2026-07-10,Treasury General Account (TGA),Deposits,"DHS - Customs Duties, Taxes, and Fees",null,273,2289,257104,II,Deposits and Withdrawals of Operating Cash,14,2026,4,2026,3,07,10
2026-07-10,Treasury General Account (TGA),Deposits,Taxes - Corporate Income,null,530,1998,310648,II,Deposits and Withdrawals of Operating Cash,36,2026,4,2026,3,07,10
2026-07-10,Treasury General Account (TGA),Deposits,Taxes - Estate and Gift,null,63,655,20950,II,Deposits and Withdrawals of Operating Cash,37,2026,4,2026,3,07,10
2026-07-10,Treasury General Account (TGA),Deposits,Taxes - Federal Unemployment (FUTA),null,9,39,7800,II,Deposits and Withdrawals of Operating Cash,38,2026,4,2026,3,07,10
2026-07-10,Treasury General Account (TGA),Deposits,"Taxes - IRS Collected Estate, Gift, misc",null,192,565,13270,II,Deposits and Withdrawals of Operating Cash,39,2026,4,2026,3,07,10
2026-07-10,Treasury General Account (TGA),Deposits,Taxes - Miscellaneous Excise,null,826,1230,74168,II,Deposits and Withdrawals of Operating Cash,40,2026,4,2026,3,07,10
2026-07-10,Treasury General Account (TGA),Deposits,Taxes - Non Withheld Ind/SECA Electronic,null,569,4641,762446,II,Deposits and Withdrawals of Operating Cash,41,2026,4,2026,3,07,10
2026-07-10,Treasury General Account (TGA),Deposits,Taxes - Non Withheld Ind/SECA Other,null,199,3118,300884,II,Deposits and Withdrawals of Operating Cash,42,2026,4,2026,3,07,10
2026-07-10,Treasury General Account (TGA),Deposits,Taxes - Railroad Retirement,null,66,192,5672,II,Deposits and Withdrawals of Operating Cash,43,2026,4,2026,3,07,10
2026-07-10,Treasury General Account (TGA),Deposits,Taxes - Withheld Individual/FICA,null,8085,102311,2816411,II,Deposits and Withdrawals of Operating Cash,44,2026,4,2026,3,07,10
2026-07-10,Treasury General Account (TGA),Withdrawals,Taxes - Business Tax Refunds (EFT),null,5,253,26852,II,Deposits and Withdrawals of Operating Cash,139,2026,4,2026,3,07,10
2026-07-10,Treasury General Account (TGA),Withdrawals,Taxes - Individual Tax Refunds (EFT),null,114,2948,359162,II,Deposits and Withdrawals of Operating Cash,140,2026,4,2026,3,07,10
2026-07-09,Treasury General Account (TGA),Deposits,"DHS - Customs Duties, Taxes, and Fees",null,269,2016,256831,II,Deposits and Withdrawals of Operating Cash,14,2026,4,2026,3,07,09
2026-07-09,Treasury General Account (TGA),Deposits,Taxes - Corporate Income,null,194,1468,310118,II,Deposits and Withdrawals of Operating Cash,36,2026,4,2026,3,07,09
2026-07-09,Treasury General Account (TGA),Deposits,Taxes - Estate and Gift,null,55,592,20887,II,Deposits and Withdrawals of Operating Cash,37,2026,4,2026,3,07,09
2026-07-09,Treasury General Account (TGA),Deposits,Taxes - Federal Unemployment (FUTA),null,4,30,7791,II,Deposits and Withdrawals of Operating Cash,38,2026,4,2026,3,07,09
2026-07-09,Treasury General Account (TGA),Deposits,"Taxes - IRS Collected Estate, Gift, misc",null,48,373,13078,II,Deposits and Withdrawals of Operating Cash,39,2026,4,2026,3,07,09
2026-07-09,Treasury General Account (TGA),Deposits,Taxes - Miscellaneous Excise,null,124,404,73342,II,Deposits and Withdrawals of Operating Cash,40,2026,4,2026,3,07,09
2026-07-09,Treasury General Account (TGA),Deposits,Taxes - Non Withheld Ind/SECA Electronic,null,492,4072,761877,II,Deposits and Withdrawals of Operating Cash,41,2026,4,2026,3,07,09
2026-07-09,Treasury General Account (TGA),Deposits,Taxes - Non Withheld Ind/SECA Other,null,296,2919,300685,II,Deposits and Withdrawals of Operating Cash,42,2026,4,2026,3,07,09
2026-07-09,Treasury General Account (TGA),Deposits,Taxes - Railroad Retirement,null,1,127,5606,II,Deposits and Withdrawals of Operating Cash,43,2026,4,2026,3,07,09
2026-07-09,Treasury General Account (TGA),Deposits,Taxes - Withheld Individual/FICA,null,3091,94226,2808326,II,Deposits and Withdrawals of Operating Cash,44,2026,4,2026,3,07,09
2026-07-09,Treasury General Account (TGA),Withdrawals,Taxes - Business Tax Refunds (EFT),null,22,248,26848,II,Deposits and Withdrawals of Operating Cash,139,2026,4,2026,3,07,09
2026-07-09,Treasury General Account (TGA),Withdrawals,Taxes - Individual Tax Refunds (EFT),null,1179,2834,359048,II,Deposits and Withdrawals of Operating Cash,140,2026,4,2026,3,07,09
2026-07-08,Treasury General Account (TGA),Deposits,"DHS - Customs Duties, Taxes, and Fees",null,335,1746,256562,II,Deposits and Withdrawals of Operating Cash,14,2026,4,2026,3,07,08
2026-07-08,Treasury General Account (TGA),Deposits,Taxes - Corporate Income,null,573,1274,309924,II,Deposits and Withdrawals of Operating Cash,36,2026,4,2026,3,07,08
2026-07-08,Treasury General Account (TGA),Deposits,Taxes - Estate and Gift,null,165,537,20832,II,Deposits and Withdrawals of Operating Cash,37,2026,4,2026,3,07,08
2026-07-08,Treasury General Account (TGA),Deposits,Taxes - Federal Unemployment (FUTA),null,7,26,7787,II,Deposits and Withdrawals of Operating Cash,38,2026,4,2026,3,07,08
2026-07-08,Treasury General Account (TGA),Deposits,"Taxes - IRS Collected Estate, Gift, misc",null,58,325,13030,II,Deposits and Withdrawals of Operating Cash,39,2026,4,2026,3,07,08
2026-07-08,Treasury General Account (TGA),Deposits,Taxes - Miscellaneous Excise,null,61,281,73218,II,Deposits and Withdrawals of Operating Cash,40,2026,4,2026,3,07,08
2026-07-08,Treasury General Account (TGA),Deposits,Taxes - Non Withheld Ind/SECA Electronic,null,526,3580,761385,II,Deposits and Withdrawals of Operating Cash,41,2026,4,2026,3,07,08
2026-07-08,Treasury General Account (TGA),Deposits,Taxes - Non Withheld Ind/SECA Other,null,534,2623,300389,II,Deposits and Withdrawals of Operating Cash,42,2026,4,2026,3,07,08
2026-07-08,Treasury General Account (TGA),Deposits,Taxes - Railroad Retirement,null,2,126,5605,II,Deposits and Withdrawals of Operating Cash,43,2026,4,2026,3,07,08
2026-07-08,Treasury General Account (TGA),Deposits,Taxes - Withheld Individual/FICA,null,11776,91135,2805235,II,Deposits and Withdrawals of Operating Cash,44,2026,4,2026,3,07,08
2026-07-08,Treasury General Account (TGA),Withdrawals,Taxes - Business Tax Refunds (EFT),null,2,226,26826,II,Deposits and Withdrawals of Operating Cash,139,2026,4,2026,3,07,08
2026-07-08,Treasury General Account (TGA),Withdrawals,Taxes - Individual Tax Refunds (EFT),null,183,1655,357868,II,Deposits and Withdrawals of Operating Cash,140,2026,4,2026,3,07,08
2026-07-07,Treasury General Account (TGA),Deposits,"DHS - Customs Duties, Taxes, and Fees",null,40,1411,256227,II,Deposits and Withdrawals of Operating Cash,14,2026,4,2026,3,07,07
2026-07-07,Treasury General Account (TGA),Deposits,Taxes - Corporate Income,null,129,701,309351,II,Deposits and Withdrawals of Operating Cash,36,2026,4,2026,3,07,07
2026-07-07,Treasury General Account (TGA),Deposits,Taxes - Estate and Gift,null,163,373,20668,II,Deposits and Withdrawals of Operating Cash,37,2026,4,2026,3,07,07
2026-07-07,Treasury General Account (TGA),Deposits,Taxes - Federal Unemployment (FUTA),null,4,19,7780,II,Deposits and Withdrawals of Operating Cash,38,2026,4,2026,3,07,07
2026-07-07,Treasury General Account (TGA),Deposits,"Taxes - IRS Collected Estate, Gift, misc",null,28,267,12972,II,Deposits and Withdrawals of Operating Cash,39,2026,4,2026,3,07,07
2026-07-07,Treasury General Account (TGA),Deposits,Taxes - Miscellaneous Excise,null,85,220,73157,II,Deposits and Withdrawals of Operating Cash,40,2026,4,2026,3,07,07
2026-07-07,Treasury General Account (TGA),Deposits,Taxes - Non Withheld Ind/SECA Electronic,null,586,3054,760860,II,Deposits and Withdrawals of Operating Cash,41,2026,4,2026,3,07,07
2026-07-07,Treasury General Account (TGA),Deposits,Taxes - Non Withheld Ind/SECA Other,null,229,2089,299855,II,Deposits and Withdrawals of Operating Cash,42,2026,4,2026,3,07,07
2026-07-07,Treasury General Account (TGA),Deposits,Taxes - Railroad Retirement,null,5,124,5603,II,Deposits and Withdrawals of Operating Cash,43,2026,4,2026,3,07,07
2026-07-07,Treasury General Account (TGA),Deposits,Taxes - Withheld Individual/FICA,null,3241,79359,2793460,II,Deposits and Withdrawals of Operating Cash,44,2026,4,2026,3,07,07
2026-07-07,Treasury General Account (TGA),Withdrawals,Taxes - Business Tax Refunds (EFT),null,88,224,26824,II,Deposits and Withdrawals of Operating Cash,139,2026,4,2026,3,07,07
2026-07-07,Treasury General Account (TGA),Withdrawals,Taxes - Individual Tax Refunds (EFT),null,126,1472,357685,II,Deposits and Withdrawals of Operating Cash,140,2026,4,2026,3,07,07
2026-07-06,Treasury General Account (TGA),Deposits,"DHS - Customs Duties, Taxes, and Fees",null,361,1372,256187,II,Deposits and Withdrawals of Operating Cash,14,2026,4,2026,3,07,06
2026-07-06,Treasury General Account (TGA),Deposits,Taxes - Corporate Income,null,36,572,309222,II,Deposits and Withdrawals of Operating Cash,36,2026,4,2026,3,07,06
2026-07-06,Treasury General Account (TGA),Deposits,Taxes - Estate and Gift,null,0,209,20504,II,Deposits and Withdrawals of Operating Cash,37,2026,4,2026,3,07,06
2026-07-06,Treasury General Account (TGA),Deposits,Taxes - Federal Unemployment (FUTA),null,2,15,7776,II,Deposits and Withdrawals of Operating Cash,38,2026,4,2026,3,07,06
2026-07-06,Treasury General Account (TGA),Deposits,"Taxes - IRS Collected Estate, Gift, misc",null,15,229,12933,II,Deposits and Withdrawals of Operating Cash,39,2026,4,2026,3,07,06
2026-07-06,Treasury General Account (TGA),Deposits,Taxes - Miscellaneous Excise,null,11,134,73072,II,Deposits and Withdrawals of Operating Cash,40,2026,4,2026,3,07,06
2026-07-06,Treasury General Account (TGA),Deposits,Taxes - Non Withheld Ind/SECA Electronic,null,618,2469,760274,II,Deposits and Withdrawals of Operating Cash,41,2026,4,2026,3,07,06
2026-07-06,Treasury General Account (TGA),Deposits,Taxes - Non Withheld Ind/SECA Other,null,228,1871,299637,II,Deposits and Withdrawals of Operating Cash,42,2026,4,2026,3,07,06
2026-07-06,Treasury General Account (TGA),Deposits,Taxes - Railroad Retirement,null,64,118,5598,II,Deposits and Withdrawals of Operating Cash,43,2026,4,2026,3,07,06
2026-07-06,Treasury General Account (TGA),Deposits,Taxes - Withheld Individual/FICA,null,24084,76118,2790218,II,Deposits and Withdrawals of Operating Cash,44,2026,4,2026,3,07,06
2026-07-06,Treasury General Account (TGA),Withdrawals,Taxes - Business Tax Refunds (EFT),null,0,136,26736,II,Deposits and Withdrawals of Operating Cash,139,2026,4,2026,3,07,06
2026-07-06,Treasury General Account (TGA),Withdrawals,Taxes - Individual Tax Refunds (EFT),null,87,1346,357559,II,Deposits and Withdrawals of Operating Cash,140,2026,4,2026,3,07,06
2026-07-03,Treasury General Account (TGA),Deposits,"DHS - Customs Duties, Taxes, and Fees",null,410,1011,255826,II,Deposits and Withdrawals of Operating Cash,14,2026,4,2026,3,07,03
2026-07-03,Treasury General Account (TGA),Deposits,Taxes - Corporate Income,null,22,525,309175,II,Deposits and Withdrawals of Operating Cash,36,2026,4,2026,3,07,03
2026-07-03,Treasury General Account (TGA),Deposits,Taxes - Estate and Gift,null,0,178,20473,II,Deposits and Withdrawals of Operating Cash,37,2026,4,2026,3,07,03
2026-07-03,Treasury General Account (TGA),Deposits,Taxes - Federal Unemployment (FUTA),null,7,13,7774,II,Deposits and Withdrawals of Operating Cash,38,2026,4,2026,3,07,03
2026-07-03,Treasury General Account (TGA),Deposits,"Taxes - IRS Collected Estate, Gift, misc",null,9,213,12918,II,Deposits and Withdrawals of Operating Cash,39,2026,4,2026,3,07,03
2026-07-03,Treasury General Account (TGA),Deposits,Taxes - Miscellaneous Excise,null,28,122,73059,II,Deposits and Withdrawals of Operating Cash,40,2026,4,2026,3,07,03
2026-07-03,Treasury General Account (TGA),Deposits,Taxes - Non Withheld Ind/SECA Electronic,null,409,1850,759655,II,Deposits and Withdrawals of Operating Cash,41,2026,4,2026,3,07,03
2026-07-03,Treasury General Account (TGA),Deposits,Taxes - Non Withheld Ind/SECA Other,null,268,1700,299465,II,Deposits and Withdrawals of Operating Cash,42,2026,4,2026,3,07,03
2026-07-03,Treasury General Account (TGA),Deposits,Taxes - Railroad Retirement,null,22,54,5533,II,Deposits and Withdrawals of Operating Cash,43,2026,4,2026,3,07,03
2026-07-03,Treasury General Account (TGA),Deposits,Taxes - Withheld Individual/FICA,null,10821,52022,2766122,II,Deposits and Withdrawals of Operating Cash,44,2026,4,2026,3,07,03
2026-07-03,Treasury General Account (TGA),Withdrawals,Taxes - Business Tax Refunds (EFT),null,-1,136,26736,II,Deposits and Withdrawals of Operating Cash,139,2026,4,2026,3,07,03
2026-07-03,Treasury General Account (TGA),Withdrawals,Taxes - Individual Tax Refunds (EFT),null,0,1259,357472,II,Deposits and Withdrawals of Operating Cash,140,2026,4,2026,3,07,03
2026-07-02,Treasury General Account (TGA),Deposits,"DHS - Customs Duties, Taxes, and Fees",null,304,601,255416,II,Deposits and Withdrawals of Operating Cash,14,2026,4,2026,3,07,02
2026-07-02,Treasury General Account (TGA),Deposits,Taxes - Corporate Income,null,189,503,309153,II,Deposits and Withdrawals of Operating Cash,36,2026,4,2026,3,07,02
2026-07-02,Treasury General Account (TGA),Deposits,Taxes - Estate and Gift,null,85,178,20473,II,Deposits and Withdrawals of Operating Cash,37,2026,4,2026,3,07,02
2026-07-02,Treasury General Account (TGA),Deposits,Taxes - Federal Unemployment (FUTA),null,2,6,7767,II,Deposits and Withdrawals of Operating Cash,38,2026,4,2026,3,07,02
2026-07-02,Treasury General Account (TGA),Deposits,"Taxes - IRS Collected Estate, Gift, misc",null,163,205,12910,II,Deposits and Withdrawals of Operating Cash,39,2026,4,2026,3,07,02
2026-07-02,Treasury General Account (TGA),Deposits,Taxes - Miscellaneous Excise,null,74,94,73031,II,Deposits and Withdrawals of Operating Cash,40,2026,4,2026,3,07,02
2026-07-02,Treasury General Account (TGA),Deposits,Taxes - Non Withheld Ind/SECA Electronic,null,659,1441,759246,II,Deposits and Withdrawals of Operating Cash,41,2026,4,2026,3,07,02
2026-07-02,Treasury General Account (TGA),Deposits,Taxes - Non Withheld Ind/SECA Other,null,368,1431,299197,II,Deposits and Withdrawals of Operating Cash,42,2026,4,2026,3,07,02
2026-07-02,Treasury General Account (TGA),Deposits,Taxes - Railroad Retirement,null,13,33,5512,II,Deposits and Withdrawals of Operating Cash,43,2026,4,2026,3,07,02
2026-07-02,Treasury General Account (TGA),Deposits,Taxes - Withheld Individual/FICA,null,10609,41201,2755301,II,Deposits and Withdrawals of Operating Cash,44,2026,4,2026,3,07,02
2026-07-02,Treasury General Account (TGA),Withdrawals,Taxes - Business Tax Refunds (EFT),null,131,137,26737,II,Deposits and Withdrawals of Operating Cash,139,2026,4,2026,3,07,02
2026-07-02,Treasury General Account (TGA),Withdrawals,Taxes - Individual Tax Refunds (EFT),null,68,1259,357472,II,Deposits and Withdrawals of Operating Cash,140,2026,4,2026,3,07,02
2026-07-01,Treasury General Account (TGA),Deposits,"DHS - Customs Duties, Taxes, and Fees",null,297,297,255112,II,Deposits and Withdrawals of Operating Cash,14,2026,4,2026,3,07,01
2026-07-01,Treasury General Account (TGA),Deposits,Taxes - Corporate Income,null,315,315,308965,II,Deposits and Withdrawals of Operating Cash,36,2026,4,2026,3,07,01
2026-07-01,Treasury General Account (TGA),Deposits,Taxes - Estate and Gift,null,93,93,20388,II,Deposits and Withdrawals of Operating Cash,37,2026,4,2026,3,07,01
2026-07-01,Treasury General Account (TGA),Deposits,Taxes - Federal Unemployment (FUTA),null,4,4,7765,II,Deposits and Withdrawals of Operating Cash,38,2026,4,2026,3,07,01
2026-07-01,Treasury General Account (TGA),Deposits,"Taxes - IRS Collected Estate, Gift, misc",null,42,42,12747,II,Deposits and Withdrawals of Operating Cash,39,2026,4,2026,3,07,01
2026-07-01,Treasury General Account (TGA),Deposits,Taxes - Miscellaneous Excise,null,20,20,72957,II,Deposits and Withdrawals of Operating Cash,40,2026,4,2026,3,07,01
2026-07-01,Treasury General Account (TGA),Deposits,Taxes - Non Withheld Ind/SECA Electronic,null,782,782,758587,II,Deposits and Withdrawals of Operating Cash,41,2026,4,2026,3,07,01
2026-07-01,Treasury General Account (TGA),Deposits,Taxes - Non Withheld Ind/SECA Other,null,1063,1063,298829,II,Deposits and Withdrawals of Operating Cash,42,2026,4,2026,3,07,01
2026-07-01,Treasury General Account (TGA),Deposits,Taxes - Railroad Retirement,null,19,19,5499,II,Deposits and Withdrawals of Operating Cash,43,2026,4,2026,3,07,01
2026-07-01,Treasury General Account (TGA),Deposits,Taxes - Withheld Individual/FICA,null,30592,30592,2744693,II,Deposits and Withdrawals of Operating Cash,44,2026,4,2026,3,07,01
2026-07-01,Treasury General Account (TGA),Withdrawals,Taxes - Business Tax Refunds (EFT),null,6,6,26606,II,Deposits and Withdrawals of Operating Cash,139,2026,4,2026,3,07,01
2026-07-01,Treasury General Account (TGA),Withdrawals,Taxes - Individual Tax Refunds (EFT),null,1190,1190,357404,II,Deposits and Withdrawals of Operating Cash,140,2026,4,2026,3,07,01
2026-06-30,Treasury General Account (TGA),Deposits,"DHS - Customs Duties, Taxes, and Fees",null,282,24830,254815,II,Deposits and Withdrawals of Operating Cash,14,2026,3,2026,2,06,30
2026-06-30,Treasury General Account (TGA),Deposits,Taxes - Corporate Income,null,914,74507,308650,II,Deposits and Withdrawals of Operating Cash,36,2026,3,2026,2,06,30
2026-06-30,Treasury General Account (TGA),Deposits,Taxes - Estate and Gift,null,87,1772,20295,II,Deposits and Withdrawals of Operating Cash,37,2026,3,2026,2,06,30
2026-06-30,Treasury General Account (TGA),Deposits,Taxes - Federal Unemployment (FUTA),null,6,46,7761,II,Deposits and Withdrawals of Operating Cash,38,2026,3,2026,2,06,30
2026-06-30,Treasury General Account (TGA),Deposits,"Taxes - IRS Collected Estate, Gift, misc",null,47,955,12705,II,Deposits and Withdrawals of Operating Cash,39,2026,3,2026,2,06,30
2026-06-30,Treasury General Account (TGA),Deposits,Taxes - Miscellaneous Excise,null,79,7490,72938,II,Deposits and Withdrawals of Operating Cash,40,2026,3,2026,2,06,30
2026-06-30,Treasury General Account (TGA),Deposits,Taxes - Non Withheld Ind/SECA Electronic,null,821,103199,757805,II,Deposits and Withdrawals of Operating Cash,41,2026,3,2026,2,06,30
2026-06-30,Treasury General Account (TGA),Deposits,Taxes - Non Withheld Ind/SECA Other,null,446,44180,297766,II,Deposits and Withdrawals of Operating Cash,42,2026,3,2026,2,06,30
2026-06-30,Treasury General Account (TGA),Deposits,Taxes - Railroad Retirement,null,4,622,5479,II,Deposits and Withdrawals of Operating Cash,43,2026,3,2026,2,06,30
2026-06-30,Treasury General Account (TGA),Deposits,Taxes - Withheld Individual/FICA,null,6134,291922,2714101,II,Deposits and Withdrawals of Operating Cash,44,2026,3,2026,2,06,30
2026-06-30,Treasury General Account (TGA),Withdrawals,Taxes - Business Tax Refunds (EFT),null,64,3892,26600,II,Deposits and Withdrawals of Operating Cash,139,2026,3,2026,2,06,30
2026-06-30,Treasury General Account (TGA),Withdrawals,Taxes - Individual Tax Refunds (EFT),null,144,9512,356213,II,Deposits and Withdrawals of Operating Cash,140,2026,3,2026,2,06,30
2026-06-29,Treasury General Account (TGA),Deposits,"DHS - Customs Duties, Taxes, and Fees",null,463,24548,254533,II,Deposits and Withdrawals of Operating Cash,14,2026,3,2026,2,06,29
2026-06-29,Treasury General Account (TGA),Deposits,Taxes - Corporate Income,null,301,73592,307736,II,Deposits and Withdrawals of Operating Cash,36,2026,3,2026,2,06,29
2026-06-29,Treasury General Account (TGA),Deposits,Taxes - Estate and Gift,null,68,1685,20208,II,Deposits and Withdrawals of Operating Cash,37,2026,3,2026,2,06,29
2026-06-29,Treasury General Account (TGA),Deposits,Taxes - Federal Unemployment (FUTA),null,2,41,7755,II,Deposits and Withdrawals of Operating Cash,38,2026,3,2026,2,06,29
2026-06-29,Treasury General Account (TGA),Deposits,"Taxes - IRS Collected Estate, Gift, misc",null,84,908,12658,II,Deposits and Withdrawals of Operating Cash,39,2026,3,2026,2,06,29
2026-06-29,Treasury General Account (TGA),Deposits,Taxes - Miscellaneous Excise,null,1843,7411,72859,II,Deposits and Withdrawals of Operating Cash,40,2026,3,2026,2,06,29
2026-06-29,Treasury General Account (TGA),Deposits,Taxes - Non Withheld Ind/SECA Electronic,null,1110,102379,756984,II,Deposits and Withdrawals of Operating Cash,41,2026,3,2026,2,06,29
2026-06-29,Treasury General Account (TGA),Deposits,Taxes - Non Withheld Ind/SECA Other,null,929,43734,297320,II,Deposits and Withdrawals of Operating Cash,42,2026,3,2026,2,06,29
2026-06-29,Treasury General Account (TGA),Deposits,Taxes - Railroad Retirement,null,38,618,5476,II,Deposits and Withdrawals of Operating Cash,43,2026,3,2026,2,06,29
2026-06-29,Treasury General Account (TGA),Deposits,Taxes - Withheld Individual/FICA,null,25279,285788,2707966,II,Deposits and Withdrawals of Operating Cash,44,2026,3,2026,2,06,29
2026-06-29,Treasury General Account (TGA),Withdrawals,Taxes - Business Tax Refunds (EFT),null,626,3828,26536,II,Deposits and Withdrawals of Operating Cash,139,2026,3,2026,2,06,29
2026-06-29,Treasury General Account (TGA),Withdrawals,Taxes - Individual Tax Refunds (EFT),null,161,9368,356070,II,Deposits and Withdrawals of Operating Cash,140,2026,3,2026,2,06,29
2026-06-26,Treasury General Account (TGA),Deposits,"DHS - Customs Duties, Taxes, and Fees",null,289,24085,254070,II,Deposits and Withdrawals of Operating Cash,14,2026,3,2026,2,06,26
2026-06-26,Treasury General Account (TGA),Deposits,Taxes - Corporate Income,null,230,73291,307434,II,Deposits and Withdrawals of Operating Cash,36,2026,3,2026,2,06,26
2026-06-26,Treasury General Account (TGA),Deposits,Taxes - Estate and Gift,null,260,1616,20139,II,Deposits and Withdrawals of Operating Cash,37,2026,3,2026,2,06,26
2026-06-26,Treasury General Account (TGA),Deposits,Taxes - Federal Unemployment (FUTA),null,2,38,7753,II,Deposits and Withdrawals of Operating Cash,38,2026,3,2026,2,06,26
2026-06-26,Treasury General Account (TGA),Deposits,"Taxes - IRS Collected Estate, Gift, misc",null,147,823,12573,II,Deposits and Withdrawals of Operating Cash,39,2026,3,2026,2,06,26
2026-06-26,Treasury General Account (TGA),Deposits,Taxes - Miscellaneous Excise,null,616,5568,71016,II,Deposits and Withdrawals of Operating Cash,40,2026,3,2026,2,06,26
2026-06-26,Treasury General Account (TGA),Deposits,Taxes - Non Withheld Ind/SECA Electronic,null,619,101268,755874,II,Deposits and Withdrawals of Operating Cash,41,2026,3,2026,2,06,26
2026-06-26,Treasury General Account (TGA),Deposits,Taxes - Non Withheld Ind/SECA Other,null,912,42805,296390,II,Deposits and Withdrawals of Operating Cash,42,2026,3,2026,2,06,26
2026-06-26,Treasury General Account (TGA),Deposits,Taxes - Railroad Retirement,null,91,580,5437,II,Deposits and Withdrawals of Operating Cash,43,2026,3,2026,2,06,26
2026-06-26,Treasury General Account (TGA),Deposits,Taxes - Withheld Individual/FICA,null,9909,260509,2682687,II,Deposits and Withdrawals of Operating Cash,44,2026,3,2026,2,06,26
2026-06-26,Treasury General Account (TGA),Withdrawals,Taxes - Business Tax Refunds (EFT),null,193,3202,25910,II,Deposits and Withdrawals of Operating Cash,139,2026,3,2026,2,06,26
2026-06-26,Treasury General Account (TGA),Withdrawals,Taxes - Individual Tax Refunds (EFT),null,110,9207,355908,II,Deposits and Withdrawals of Operating Cash,140,2026,3,2026,2,06,26
2026-06-25,Treasury General Account (TGA),Deposits,"DHS - Customs Duties, Taxes, and Fees",null,331,23796,253781,II,Deposits and Withdrawals of Operating Cash,14,2026,3,2026,2,06,25
2026-06-25,Treasury General Account (TGA),Deposits,Taxes - Corporate Income,null,102,73061,307204,II,Deposits and Withdrawals of Operating Cash,36,2026,3,2026,2,06,25
2026-06-25,Treasury General Account (TGA),Deposits,Taxes - Estate and Gift,null,90,1356,19879,II,Deposits and Withdrawals of Operating Cash,37,2026,3,2026,2,06,25
2026-06-25,Treasury General Account (TGA),Deposits,Taxes - Federal Unemployment (FUTA),null,1,37,7751,II,Deposits and Withdrawals of Operating Cash,38,2026,3,2026,2,06,25
2026-06-25,Treasury General Account (TGA),Deposits,"Taxes - IRS Collected Estate, Gift, misc",null,49,677,12427,II,Deposits and Withdrawals of Operating Cash,39,2026,3,2026,2,06,25
2026-06-25,Treasury General Account (TGA),Deposits,Taxes - Miscellaneous Excise,null,725,4952,70399,II,Deposits and Withdrawals of Operating Cash,40,2026,3,2026,2,06,25
2026-06-25,Treasury General Account (TGA),Deposits,Taxes - Non Withheld Ind/SECA Electronic,null,559,100649,755255,II,Deposits and Withdrawals of Operating Cash,41,2026,3,2026,2,06,25
2026-06-25,Treasury General Account (TGA),Deposits,Taxes - Non Withheld Ind/SECA Other,null,2949,41892,295478,II,Deposits and Withdrawals of Operating Cash,42,2026,3,2026,2,06,25
2026-06-25,Treasury General Account (TGA),Deposits,Taxes - Railroad Retirement,null,41,489,5346,II,Deposits and Withdrawals of Operating Cash,43,2026,3,2026,2,06,25
2026-06-25,Treasury General Account (TGA),Deposits,Taxes - Withheld Individual/FICA,null,3348,250600,2672778,II,Deposits and Withdrawals of Operating Cash,44,2026,3,2026,2,06,25
2026-06-25,Treasury General Account (TGA),Withdrawals,Taxes - Business Tax Refunds (EFT),null,-1,3009,25717,II,Deposits and Withdrawals of Operating Cash,139,2026,3,2026,2,06,25
2026-06-25,Treasury General Account (TGA),Withdrawals,Taxes - Individual Tax Refunds (EFT),null,1267,9097,355798,II,Deposits and Withdrawals of Operating Cash,140,2026,3,2026,2,06,25
2026-06-24,Treasury General Account (TGA),Deposits,"DHS - Customs Duties, Taxes, and Fees",null,290,23465,253450,II,Deposits and Withdrawals of Operating Cash,14,2026,3,2026,2,06,24
2026-06-24,Treasury General Account (TGA),Deposits,Taxes - Corporate Income,null,103,72959,307102,II,Deposits and Withdrawals of Operating Cash,36,2026,3,2026,2,06,24
2026-06-24,Treasury General Account (TGA),Deposits,Taxes - Estate and Gift,null,114,1266,19789,II,Deposits and Withdrawals of Operating Cash,37,2026,3,2026,2,06,24
2026-06-24,Treasury General Account (TGA),Deposits,Taxes - Federal Unemployment (FUTA),null,2,35,7750,II,Deposits and Withdrawals of Operating Cash,38,2026,3,2026,2,06,24
2026-06-24,Treasury General Account (TGA),Deposits,"Taxes - IRS Collected Estate, Gift, misc",null,12,628,12378,II,Deposits and Withdrawals of Operating Cash,39,2026,3,2026,2,06,24
2026-06-24,Treasury General Account (TGA),Deposits,Taxes - Miscellaneous Excise,null,113,4227,69674,II,Deposits and Withdrawals of Operating Cash,40,2026,3,2026,2,06,24
2026-06-24,Treasury General Account (TGA),Deposits,Taxes - Non Withheld Ind/SECA Electronic,null,710,100090,754695,II,Deposits and Withdrawals of Operating Cash,41,2026,3,2026,2,06,24
2026-06-24,Treasury General Account (TGA),Deposits,Taxes - Non Withheld Ind/SECA Other,null,10143,38943,292529,II,Deposits and Withdrawals of Operating Cash,42,2026,3,2026,2,06,24
2026-06-24,Treasury General Account (TGA),Deposits,Taxes - Railroad Retirement,null,2,448,5306,II,Deposits and Withdrawals of Operating Cash,43,2026,3,2026,2,06,24
2026-06-24,Treasury General Account (TGA),Deposits,Taxes - Withheld Individual/FICA,null,10646,247252,2669430,II,Deposits and Withdrawals of Operating Cash,44,2026,3,2026,2,06,24
2026-06-24,Treasury General Account (TGA),Withdrawals,Taxes - Business Tax Refunds (EFT),null,-2,3010,25718,II,Deposits and Withdrawals of Operating Cash,139,2026,3,2026,2,06,24
2026-06-24,Treasury General Account (TGA),Withdrawals,Taxes - Individual Tax Refunds (EFT),null,118,7829,354531,II,Deposits and Withdrawals of Operating Cash,140,2026,3,2026,2,06,24
2026-06-23,Treasury General Account (TGA),Deposits,"DHS - Customs Duties, Taxes, and Fees",null,17316,23175,253160,II,Deposits and Withdrawals of Operating Cash,14,2026,3,2026,2,06,23
2026-06-23,Treasury General Account (TGA),Deposits,Taxes - Corporate Income,null,153,72857,307000,II,Deposits and Withdrawals of Operating Cash,36,2026,3,2026,2,06,23
2026-06-23,Treasury General Account (TGA),Deposits,Taxes - Estate and Gift,null,100,1152,19675,II,Deposits and Withdrawals of Operating Cash,37,2026,3,2026,2,06,23
2026-06-23,Treasury General Account (TGA),Deposits,Taxes - Federal Unemployment (FUTA),null,1,33,7748,II,Deposits and Withdrawals of Operating Cash,38,2026,3,2026,2,06,23
2026-06-23,Treasury General Account (TGA),Deposits,"Taxes - IRS Collected Estate, Gift, misc",null,66,616,12366,II,Deposits and Withdrawals of Operating Cash,39,2026,3,2026,2,06,23
2026-06-23,Treasury General Account (TGA),Deposits,Taxes - Miscellaneous Excise,null,67,4114,69561,II,Deposits and Withdrawals of Operating Cash,40,2026,3,2026,2,06,23
2026-06-23,Treasury General Account (TGA),Deposits,Taxes - Non Withheld Ind/SECA Electronic,null,830,99380,753985,II,Deposits and Withdrawals of Operating Cash,41,2026,3,2026,2,06,23
2026-06-23,Treasury General Account (TGA),Deposits,Taxes - Non Withheld Ind/SECA Other,null,3756,28800,282385,II,Deposits and Withdrawals of Operating Cash,42,2026,3,2026,2,06,23
2026-06-23,Treasury General Account (TGA),Deposits,Taxes - Railroad Retirement,null,3,446,5304,II,Deposits and Withdrawals of Operating Cash,43,2026,3,2026,2,06,23
2026-06-23,Treasury General Account (TGA),Deposits,Taxes - Withheld Individual/FICA,null,3771,236606,2658784,II,Deposits and Withdrawals of Operating Cash,44,2026,3,2026,2,06,23
2026-06-23,Treasury General Account (TGA),Withdrawals,Taxes - Business Tax Refunds (EFT),null,53,3012,25720,II,Deposits and Withdrawals of Operating Cash,139,2026,3,2026,2,06,23
2026-06-23,Treasury General Account (TGA),Withdrawals,Taxes - Individual Tax Refunds (EFT),null,115,7712,354413,II,Deposits and Withdrawals of Operating Cash,140,2026,3,2026,2,06,23
2026-06-22,Treasury General Account (TGA),Deposits,"DHS - Customs Duties, Taxes, and Fees",null,704,5858,235844,II,Deposits and Withdrawals of Operating Cash,14,2026,3,2026,2,06,22
2026-06-22,Treasury General Account (TGA),Deposits,Taxes - Corporate Income,null,498,72704,306847,II,Deposits and Withdrawals of Operating Cash,36,2026,3,2026,2,06,22
2026-06-22,Treasury General Account (TGA),Deposits,Taxes - Estate and Gift,null,27,1052,19575,II,Deposits and Withdrawals of Operating Cash,37,2026,3,2026,2,06,22
2026-06-22,Treasury General Account (TGA),Deposits,Taxes - Federal Unemployment (FUTA),null,4,32,7747,II,Deposits and Withdrawals of Operating Cash,38,2026,3,2026,2,06,22
2026-06-22,Treasury General Account (TGA),Deposits,"Taxes - IRS Collected Estate, Gift, misc",null,112,550,12300,II,Deposits and Withdrawals of Operating Cash,39,2026,3,2026,2,06,22
2026-06-22,Treasury General Account (TGA),Deposits,Taxes - Miscellaneous Excise,null,54,4047,69494,II,Deposits and Withdrawals of Operating Cash,40,2026,3,2026,2,06,22
2026-06-22,Treasury General Account (TGA),Deposits,Taxes - Non Withheld Ind/SECA Electronic,null,1748,98550,753156,II,Deposits and Withdrawals of Operating Cash,41,2026,3,2026,2,06,22
2026-06-22,Treasury General Account (TGA),Deposits,Taxes - Non Withheld Ind/SECA Other,null,2673,25043,278629,II,Deposits and Withdrawals of Operating Cash,42,2026,3,2026,2,06,22
2026-06-22,Treasury General Account (TGA),Deposits,Taxes - Railroad Retirement,null,86,444,5301,II,Deposits and Withdrawals of Operating Cash,43,2026,3,2026,2,06,22
2026-06-22,Treasury General Account (TGA),Deposits,Taxes - Withheld Individual/FICA,null,36444,232835,2655013,II,Deposits and Withdrawals of Operating Cash,44,2026,3,2026,2,06,22
2026-06-22,Treasury General Account (TGA),Withdrawals,Taxes - Business Tax Refunds (EFT),null,4,2958,25666,II,Deposits and Withdrawals of Operating Cash,139,2026,3,2026,2,06,22
2026-06-22,Treasury General Account (TGA),Withdrawals,Taxes - Individual Tax Refunds (EFT),null,95,7597,354298,II,Deposits and Withdrawals of Operating Cash,140,2026,3,2026,2,06,22
2026-06-18,Treasury General Account (TGA),Deposits,"DHS - Customs Duties, Taxes, and Fees",null,434,5154,235140,II,Deposits and Withdrawals of Operating Cash,14,2026,3,2026,2,06,18
2026-06-18,Treasury General Account (TGA),Deposits,Taxes - Corporate Income,null,194,72206,306349,II,Deposits and Withdrawals of Operating Cash,36,2026,3,2026,2,06,18
2026-06-18,Treasury General Account (TGA),Deposits,Taxes - Estate and Gift,null,89,1025,19548,II,Deposits and Withdrawals of Operating Cash,37,2026,3,2026,2,06,18
2026-06-18,Treasury General Account (TGA),Deposits,Taxes - Federal Unemployment (FUTA),null,1,28,7743,II,Deposits and Withdrawals of Operating Cash,38,2026,3,2026,2,06,18
2026-06-18,Treasury General Account (TGA),Deposits,"Taxes - IRS Collected Estate, Gift, misc",null,51,437,12187,II,Deposits and Withdrawals of Operating Cash,39,2026,3,2026,2,06,18
2026-06-18,Treasury General Account (TGA),Deposits,Taxes - Miscellaneous Excise,null,33,3993,69440,II,Deposits and Withdrawals of Operating Cash,40,2026,3,2026,2,06,18
2026-06-18,Treasury General Account (TGA),Deposits,Taxes - Non Withheld Ind/SECA Electronic,null,1186,96802,751408,II,Deposits and Withdrawals of Operating Cash,41,2026,3,2026,2,06,18
2026-06-18,Treasury General Account (TGA),Deposits,Taxes - Non Withheld Ind/SECA Other,null,5593,22370,275956,II,Deposits and Withdrawals of Operating Cash,42,2026,3,2026,2,06,18
2026-06-18,Treasury General Account (TGA),Deposits,Taxes - Railroad Retirement,null,5,358,5215,II,Deposits and Withdrawals of Operating Cash,43,2026,3,2026,2,06,18
2026-06-18,Treasury General Account (TGA),Deposits,Taxes - Withheld Individual/FICA,null,6091,196391,2618570,II,Deposits and Withdrawals of Operating Cash,44,2026,3,2026,2,06,18
2026-06-18,Treasury General Account (TGA),Withdrawals,Taxes - Business Tax Refunds (EFT),null,-1,2955,25663,II,Deposits and Withdrawals of Operating Cash,139,2026,3,2026,2,06,18
2026-06-18,Treasury General Account (TGA),Withdrawals,Taxes - Individual Tax Refunds (EFT),null,150,7502,354203,II,Deposits and Withdrawals of Operating Cash,140,2026,3,2026,2,06,18
2026-06-17,Treasury General Account (TGA),Deposits,"DHS - Customs Duties, Taxes, and Fees",null,853,4720,234705,II,Deposits and Withdrawals of Operating Cash,14,2026,3,2026,2,06,17
2026-06-17,Treasury General Account (TGA),Deposits,Taxes - Corporate Income,null,445,72011,306155,II,Deposits and Withdrawals of Operating Cash,36,2026,3,2026,2,06,17
2026-06-17,Treasury General Account (TGA),Deposits,Taxes - Estate and Gift,null,82,936,19459,II,Deposits and Withdrawals of Operating Cash,37,2026,3,2026,2,06,17
2026-06-17,Treasury General Account (TGA),Deposits,Taxes - Federal Unemployment (FUTA),null,2,27,7742,II,Deposits and Withdrawals of Operating Cash,38,2026,3,2026,2,06,17
2026-06-17,Treasury General Account (TGA),Deposits,"Taxes - IRS Collected Estate, Gift, misc",null,66,386,12136,II,Deposits and Withdrawals of Operating Cash,39,2026,3,2026,2,06,17
2026-06-17,Treasury General Account (TGA),Deposits,Taxes - Miscellaneous Excise,null,19,3959,69407,II,Deposits and Withdrawals of Operating Cash,40,2026,3,2026,2,06,17
2026-06-17,Treasury General Account (TGA),Deposits,Taxes - Non Withheld Ind/SECA Electronic,null,1817,95617,750222,II,Deposits and Withdrawals of Operating Cash,41,2026,3,2026,2,06,17
2026-06-17,Treasury General Account (TGA),Deposits,Taxes - Non Withheld Ind/SECA Other,null,5358,16777,270363,II,Deposits and Withdrawals of Operating Cash,42,2026,3,2026,2,06,17
2026-06-17,Treasury General Account (TGA),Deposits,Taxes - Railroad Retirement,null,3,353,5211,II,Deposits and Withdrawals of Operating Cash,43,2026,3,2026,2,06,17
2026-06-17,Treasury General Account (TGA),Deposits,Taxes - Withheld Individual/FICA,null,12760,190300,2612479,II,Deposits and Withdrawals of Operating Cash,44,2026,3,2026,2,06,17
2026-06-17,Treasury General Account (TGA),Withdrawals,Taxes - Business Tax Refunds (EFT),null,-3,2955,25664,II,Deposits and Withdrawals of Operating Cash,139,2026,3,2026,2,06,17
2026-06-17,Treasury General Account (TGA),Withdrawals,Taxes - Individual Tax Refunds (EFT),null,1887,7352,354054,II,Deposits and Withdrawals of Operating Cash,140,2026,3,2026,2,06,17
2026-06-16,Treasury General Account (TGA),Deposits,"DHS - Customs Duties, Taxes, and Fees",null,318,3867,233853,II,Deposits and Withdrawals of Operating Cash,14,2026,3,2026,2,06,16
2026-06-16,Treasury General Account (TGA),Deposits,Taxes - Corporate Income,null,2881,71566,305709,II,Deposits and Withdrawals of Operating Cash,36,2026,3,2026,2,06,16
2026-06-16,Treasury General Account (TGA),Deposits,Taxes - Estate and Gift,null,27,855,19377,II,Deposits and Withdrawals of Operating Cash,37,2026,3,2026,2,06,16
2026-06-16,Treasury General Account (TGA),Deposits,Taxes - Federal Unemployment (FUTA),null,1,25,7740,II,Deposits and Withdrawals of Operating Cash,38,2026,3,2026,2,06,16
2026-06-16,Treasury General Account (TGA),Deposits,"Taxes - IRS Collected Estate, Gift, misc",null,7,320,12070,II,Deposits and Withdrawals of Operating Cash,39,2026,3,2026,2,06,16
2026-06-16,Treasury General Account (TGA),Deposits,Taxes - Miscellaneous Excise,null,38,3940,69388,II,Deposits and Withdrawals of Operating Cash,40,2026,3,2026,2,06,16
2026-06-16,Treasury General Account (TGA),Deposits,Taxes - Non Withheld Ind/SECA Electronic,null,12260,93800,748406,II,Deposits and Withdrawals of Operating Cash,41,2026,3,2026,2,06,16
2026-06-16,Treasury General Account (TGA),Deposits,Taxes - Non Withheld Ind/SECA Other,null,1955,11419,265005,II,Deposits and Withdrawals of Operating Cash,42,2026,3,2026,2,06,16
2026-06-16,Treasury General Account (TGA),Deposits,Taxes - Railroad Retirement,null,19,351,5208,II,Deposits and Withdrawals of Operating Cash,43,2026,3,2026,2,06,16
2026-06-16,Treasury General Account (TGA),Deposits,Taxes - Withheld Individual/FICA,null,17920,177540,2599718,II,Deposits and Withdrawals of Operating Cash,44,2026,3,2026,2,06,16
2026-06-16,Treasury General Account (TGA),Withdrawals,Taxes - Business Tax Refunds (EFT),null,66,2958,25666,II,Deposits and Withdrawals of Operating Cash,139,2026,3,2026,2,06,16
2026-06-16,Treasury General Account (TGA),Withdrawals,Taxes - Individual Tax Refunds (EFT),null,139,5465,352166,II,Deposits and Withdrawals of Operating Cash,140,2026,3,2026,2,06,16
2026-06-15,Treasury General Account (TGA),Deposits,"DHS - Customs Duties, Taxes, and Fees",null,307,3550,233535,II,Deposits and Withdrawals of Operating Cash,14,2026,3,2026,2,06,15
2026-06-15,Treasury General Account (TGA),Deposits,Taxes - Corporate Income,null,38054,68685,302828,II,Deposits and Withdrawals of Operating Cash,36,2026,3,2026,2,06,15
2026-06-15,Treasury General Account (TGA),Deposits,Taxes - Estate and Gift,null,70,827,19350,II,Deposits and Withdrawals of Operating Cash,37,2026,3,2026,2,06,15
2026-06-15,Treasury General Account (TGA),Deposits,Taxes - Federal Unemployment (FUTA),null,3,24,7739,II,Deposits and Withdrawals of Operating Cash,38,2026,3,2026,2,06,15
2026-06-15,Treasury General Account (TGA),Deposits,"Taxes - IRS Collected Estate, Gift, misc",null,5,312,12062,II,Deposits and Withdrawals of Operating Cash,39,2026,3,2026,2,06,15
2026-06-15,Treasury General Account (TGA),Deposits,Taxes - Miscellaneous Excise,null,178,3902,69349,II,Deposits and Withdrawals of Operating Cash,40,2026,3,2026,2,06,15
2026-06-15,Treasury General Account (TGA),Deposits,Taxes - Non Withheld Ind/SECA Electronic,null,42442,81540,736146,II,Deposits and Withdrawals of Operating Cash,41,2026,3,2026,2,06,15
2026-06-15,Treasury General Account (TGA),Deposits,Taxes - Non Withheld Ind/SECA Other,null,1391,9464,263049,II,Deposits and Withdrawals of Operating Cash,42,2026,3,2026,2,06,15
2026-06-15,Treasury General Account (TGA),Deposits,Taxes - Railroad Retirement,null,42,332,5189,II,Deposits and Withdrawals of Operating Cash,43,2026,3,2026,2,06,15
2026-06-15,Treasury General Account (TGA),Deposits,Taxes - Withheld Individual/FICA,null,28362,159621,2581799,II,Deposits and Withdrawals of Operating Cash,44,2026,3,2026,2,06,15
2026-06-15,Treasury General Account (TGA),Withdrawals,Taxes - Business Tax Refunds (EFT),null,181,2892,25601,II,Deposits and Withdrawals of Operating Cash,139,2026,3,2026,2,06,15
2026-06-15,Treasury General Account (TGA),Withdrawals,Taxes - Individual Tax Refunds (EFT),null,134,5326,352027,II,Deposits and Withdrawals of Operating Cash,140,2026,3,2026,2,06,15
2026-06-12,Treasury General Account (TGA),Deposits,"DHS - Customs Duties, Taxes, and Fees",null,395,3243,233228,II,Deposits and Withdrawals of Operating Cash,14,2026,3,2026,2,06,12
2026-06-12,Treasury General Account (TGA),Deposits,Taxes - Corporate Income,null,17267,30631,264774,II,Deposits and Withdrawals of Operating Cash,36,2026,3,2026,2,06,12
2026-06-12,Treasury General Account (TGA),Deposits,Taxes - Estate and Gift,null,5,757,19280,II,Deposits and Withdrawals of Operating Cash,37,2026,3,2026,2,06,12
2026-06-12,Treasury General Account (TGA),Deposits,Taxes - Federal Unemployment (FUTA),null,3,21,7736,II,Deposits and Withdrawals of Operating Cash,38,2026,3,2026,2,06,12
2026-06-12,Treasury General Account (TGA),Deposits,"Taxes - IRS Collected Estate, Gift, misc",null,19,307,12057,II,Deposits and Withdrawals of Operating Cash,39,2026,3,2026,2,06,12
2026-06-12,Treasury General Account (TGA),Deposits,Taxes - Miscellaneous Excise,null,2039,3724,69172,II,Deposits and Withdrawals of Operating Cash,40,2026,3,2026,2,06,12
2026-06-12,Treasury General Account (TGA),Deposits,Taxes - Non Withheld Ind/SECA Electronic,null,14364,39098,693704,II,Deposits and Withdrawals of Operating Cash,41,2026,3,2026,2,06,12
2026-06-12,Treasury General Account (TGA),Deposits,Taxes - Non Withheld Ind/SECA Other,null,894,8072,261658,II,Deposits and Withdrawals of Operating Cash,42,2026,3,2026,2,06,12
2026-06-12,Treasury General Account (TGA),Deposits,Taxes - Railroad Retirement,null,29,289,5147,II,Deposits and Withdrawals of Operating Cash,43,2026,3,2026,2,06,12
2026-06-12,Treasury General Account (TGA),Deposits,Taxes - Withheld Individual/FICA,null,8253,131259,2553437,II,Deposits and Withdrawals of Operating Cash,44,2026,3,2026,2,06,12
2026-06-12,Treasury General Account (TGA),Withdrawals,Taxes - Business Tax Refunds (EFT),null,0,2711,25419,II,Deposits and Withdrawals of Operating Cash,139,2026,3,2026,2,06,12
2026-06-12,Treasury General Account (TGA),Withdrawals,Taxes - Individual Tax Refunds (EFT),null,106,5192,351894,II,Deposits and Withdrawals of Operating Cash,140,2026,3,2026,2,06,12
2026-06-11,Treasury General Account (TGA),Deposits,"DHS - Customs Duties, Taxes, and Fees",null,285,2848,232833,II,Deposits and Withdrawals of Operating Cash,14,2026,3,2026,2,06,11
2026-06-11,Treasury General Account (TGA),Deposits,Taxes - Corporate Income,null,6175,13364,247507,II,Deposits and Withdrawals of Operating Cash,36,2026,3,2026,2,06,11
2026-06-11,Treasury General Account (TGA),Deposits,Taxes - Estate and Gift,null,69,752,19275,II,Deposits and Withdrawals of Operating Cash,37,2026,3,2026,2,06,11
2026-06-11,Treasury General Account (TGA),Deposits,Taxes - Federal Unemployment (FUTA),null,1,18,7733,II,Deposits and Withdrawals of Operating Cash,38,2026,3,2026,2,06,11
2026-06-11,Treasury General Account (TGA),Deposits,"Taxes - IRS Collected Estate, Gift, misc",null,7,289,12039,II,Deposits and Withdrawals of Operating Cash,39,2026,3,2026,2,06,11
2026-06-11,Treasury General Account (TGA),Deposits,Taxes - Miscellaneous Excise,null,511,1686,67133,II,Deposits and Withdrawals of Operating Cash,40,2026,3,2026,2,06,11
2026-06-11,Treasury General Account (TGA),Deposits,Taxes - Non Withheld Ind/SECA Electronic,null,6090,24734,679340,II,Deposits and Withdrawals of Operating Cash,41,2026,3,2026,2,06,11
2026-06-11,Treasury General Account (TGA),Deposits,Taxes - Non Withheld Ind/SECA Other,null,1391,7178,260764,II,Deposits and Withdrawals of Operating Cash,42,2026,3,2026,2,06,11
2026-06-11,Treasury General Account (TGA),Deposits,Taxes - Railroad Retirement,null,51,260,5117,II,Deposits and Withdrawals of Operating Cash,43,2026,3,2026,2,06,11
2026-06-11,Treasury General Account (TGA),Deposits,Taxes - Withheld Individual/FICA,null,4938,123006,2545184,II,Deposits and Withdrawals of Operating Cash,44,2026,3,2026,2,06,11
2026-06-11,Treasury General Account (TGA),Withdrawals,Taxes - Business Tax Refunds (EFT),null,68,2711,25419,II,Deposits and Withdrawals of Operating Cash,139,2026,3,2026,2,06,11
2026-06-11,Treasury General Account (TGA),Withdrawals,Taxes - Individual Tax Refunds (EFT),null,115,5087,351788,II,Deposits and Withdrawals of Operating Cash,140,2026,3,2026,2,06,11
2026-06-10,Treasury General Account (TGA),Deposits,"DHS - Customs Duties, Taxes, and Fees",null,334,2563,232548,II,Deposits and Withdrawals of Operating Cash,14,2026,3,2026,2,06,10
2026-06-10,Treasury General Account (TGA),Deposits,Taxes - Corporate Income,null,2864,7189,241332,II,Deposits and Withdrawals of Operating Cash,36,2026,3,2026,2,06,10
2026-06-10,Treasury General Account (TGA),Deposits,Taxes - Estate and Gift,null,73,683,19206,II,Deposits and Withdrawals of Operating Cash,37,2026,3,2026,2,06,10
2026-06-10,Treasury General Account (TGA),Deposits,Taxes - Federal Unemployment (FUTA),null,2,17,7732,II,Deposits and Withdrawals of Operating Cash,38,2026,3,2026,2,06,10
2026-06-10,Treasury General Account (TGA),Deposits,"Taxes - IRS Collected Estate, Gift, misc",null,46,282,12032,II,Deposits and Withdrawals of Operating Cash,39,2026,3,2026,2,06,10
2026-06-10,Treasury General Account (TGA),Deposits,Taxes - Miscellaneous Excise,null,804,1174,66622,II,Deposits and Withdrawals of Operating Cash,40,2026,3,2026,2,06,10
2026-06-10,Treasury General Account (TGA),Deposits,Taxes - Non Withheld Ind/SECA Electronic,null,5067,18644,673250,II,Deposits and Withdrawals of Operating Cash,41,2026,3,2026,2,06,10
2026-06-10,Treasury General Account (TGA),Deposits,Taxes - Non Withheld Ind/SECA Other,null,2310,5787,259373,II,Deposits and Withdrawals of Operating Cash,42,2026,3,2026,2,06,10
2026-06-10,Treasury General Account (TGA),Deposits,Taxes - Railroad Retirement,null,46,208,5066,II,Deposits and Withdrawals of Operating Cash,43,2026,3,2026,2,06,10
2026-06-10,Treasury General Account (TGA),Deposits,Taxes - Withheld Individual/FICA,null,11249,118068,2540246,II,Deposits and Withdrawals of Operating Cash,44,2026,3,2026,2,06,10
2026-06-10,Treasury General Account (TGA),Withdrawals,Taxes - Business Tax Refunds (EFT),null,92,2643,25351,II,Deposits and Withdrawals of Operating Cash,139,2026,3,2026,2,06,10
2026-06-10,Treasury General Account (TGA),Withdrawals,Taxes - Individual Tax Refunds (EFT),null,1991,4972,351674,II,Deposits and Withdrawals of Operating Cash,140,2026,3,2026,2,06,10
2026-06-09,Treasury General Account (TGA),Deposits,"DHS - Customs Duties, Taxes, and Fees",null,281,2229,232214,II,Deposits and Withdrawals of Operating Cash,14,2026,3,2026,2,06,09
2026-06-09,Treasury General Account (TGA),Deposits,Taxes - Corporate Income,null,1604,4324,238468,II,Deposits and Withdrawals of Operating Cash,36,2026,3,2026,2,06,09
2026-06-09,Treasury General Account (TGA),Deposits,Taxes - Estate and Gift,null,67,609,19132,II,Deposits and Withdrawals of Operating Cash,37,2026,3,2026,2,06,09
2026-06-09,Treasury General Account (TGA),Deposits,Taxes - Federal Unemployment (FUTA),null,1,15,7730,II,Deposits and Withdrawals of Operating Cash,38,2026,3,2026,2,06,09
2026-06-09,Treasury General Account (TGA),Deposits,"Taxes - IRS Collected Estate, Gift, misc",null,19,235,11985,II,Deposits and Withdrawals of Operating Cash,39,2026,3,2026,2,06,09
2026-06-09,Treasury General Account (TGA),Deposits,Taxes - Miscellaneous Excise,null,103,370,65818,II,Deposits and Withdrawals of Operating Cash,40,2026,3,2026,2,06,09
2026-06-09,Treasury General Account (TGA),Deposits,Taxes - Non Withheld Ind/SECA Electronic,null,3185,13577,668183,II,Deposits and Withdrawals of Operating Cash,41,2026,3,2026,2,06,09
2026-06-09,Treasury General Account (TGA),Deposits,Taxes - Non Withheld Ind/SECA Other,null,799,3477,257063,II,Deposits and Withdrawals of Operating Cash,42,2026,3,2026,2,06,09
2026-06-09,Treasury General Account (TGA),Deposits,Taxes - Railroad Retirement,null,3,163,5020,II,Deposits and Withdrawals of Operating Cash,43,2026,3,2026,2,06,09
2026-06-09,Treasury General Account (TGA),Deposits,Taxes - Withheld Individual/FICA,null,3084,106818,2528997,II,Deposits and Withdrawals of Operating Cash,44,2026,3,2026,2,06,09
2026-06-09,Treasury General Account (TGA),Withdrawals,Taxes - Business Tax Refunds (EFT),null,81,2551,25260,II,Deposits and Withdrawals of Operating Cash,139,2026,3,2026,2,06,09
2026-06-09,Treasury General Account (TGA),Withdrawals,Taxes - Individual Tax Refunds (EFT),null,182,2981,349682,II,Deposits and Withdrawals of Operating Cash,140,2026,3,2026,2,06,09
2026-06-08,Treasury General Account (TGA),Deposits,"DHS - Customs Duties, Taxes, and Fees",null,394,1948,231934,II,Deposits and Withdrawals of Operating Cash,14,2026,3,2026,2,06,08
2026-06-08,Treasury General Account (TGA),Deposits,Taxes - Corporate Income,null,1549,2721,236864,II,Deposits and Withdrawals of Operating Cash,36,2026,3,2026,2,06,08
2026-06-08,Treasury General Account (TGA),Deposits,Taxes - Estate and Gift,null,161,543,19066,II,Deposits and Withdrawals of Operating Cash,37,2026,3,2026,2,06,08
2026-06-08,Treasury General Account (TGA),Deposits,Taxes - Federal Unemployment (FUTA),null,2,14,7729,II,Deposits and Withdrawals of Operating Cash,38,2026,3,2026,2,06,08
2026-06-08,Treasury General Account (TGA),Deposits,"Taxes - IRS Collected Estate, Gift, misc",null,3,216,11966,II,Deposits and Withdrawals of Operating Cash,39,2026,3,2026,2,06,08
2026-06-08,Treasury General Account (TGA),Deposits,Taxes - Miscellaneous Excise,null,146,268,65715,II,Deposits and Withdrawals of Operating Cash,40,2026,3,2026,2,06,08
2026-06-08,Treasury General Account (TGA),Deposits,Taxes - Non Withheld Ind/SECA Electronic,null,3555,10392,664998,II,Deposits and Withdrawals of Operating Cash,41,2026,3,2026,2,06,08
2026-06-08,Treasury General Account (TGA),Deposits,Taxes - Non Withheld Ind/SECA Other,null,507,2678,256264,II,Deposits and Withdrawals of Operating Cash,42,2026,3,2026,2,06,08
2026-06-08,Treasury General Account (TGA),Deposits,Taxes - Railroad Retirement,null,67,160,5017,II,Deposits and Withdrawals of Operating Cash,43,2026,3,2026,2,06,08
2026-06-08,Treasury General Account (TGA),Deposits,Taxes - Withheld Individual/FICA,null,26783,103734,2525912,II,Deposits and Withdrawals of Operating Cash,44,2026,3,2026,2,06,08
2026-06-08,Treasury General Account (TGA),Withdrawals,Taxes - Business Tax Refunds (EFT),null,499,2470,25179,II,Deposits and Withdrawals of Operating Cash,139,2026,3,2026,2,06,08
2026-06-08,Treasury General Account (TGA),Withdrawals,Taxes - Individual Tax Refunds (EFT),null,187,2799,349501,II,Deposits and Withdrawals of Operating Cash,140,2026,3,2026,2,06,08
2026-06-05,Treasury General Account (TGA),Deposits,"DHS - Customs Duties, Taxes, and Fees",null,332,1555,231540,II,Deposits and Withdrawals of Operating Cash,14,2026,3,2026,2,06,05
2026-06-05,Treasury General Account (TGA),Deposits,Taxes - Corporate Income,null,511,1172,235315,II,Deposits and Withdrawals of Operating Cash,36,2026,3,2026,2,06,05
2026-06-05,Treasury General Account (TGA),Deposits,Taxes - Estate and Gift,null,61,382,18905,II,Deposits and Withdrawals of Operating Cash,37,2026,3,2026,2,06,05
2026-06-05,Treasury General Account (TGA),Deposits,Taxes - Federal Unemployment (FUTA),null,5,12,7726,II,Deposits and Withdrawals of Operating Cash,38,2026,3,2026,2,06,05
2026-06-05,Treasury General Account (TGA),Deposits,"Taxes - IRS Collected Estate, Gift, misc",null,21,213,11963,II,Deposits and Withdrawals of Operating Cash,39,2026,3,2026,2,06,05
2026-06-05,Treasury General Account (TGA),Deposits,Taxes - Miscellaneous Excise,null,31,121,65569,II,Deposits and Withdrawals of Operating Cash,40,2026,3,2026,2,06,05
2026-06-05,Treasury General Account (TGA),Deposits,Taxes - Non Withheld Ind/SECA Electronic,null,1892,6837,661443,II,Deposits and Withdrawals of Operating Cash,41,2026,3,2026,2,06,05
2026-06-05,Treasury General Account (TGA),Deposits,Taxes - Non Withheld Ind/SECA Other,null,232,2171,255757,II,Deposits and Withdrawals of Operating Cash,42,2026,3,2026,2,06,05
2026-06-05,Treasury General Account (TGA),Deposits,Taxes - Railroad Retirement,null,22,93,4950,II,Deposits and Withdrawals of Operating Cash,43,2026,3,2026,2,06,05
2026-06-05,Treasury General Account (TGA),Deposits,Taxes - Withheld Individual/FICA,null,9151,76951,2499129,II,Deposits and Withdrawals of Operating Cash,44,2026,3,2026,2,06,05
2026-06-05,Treasury General Account (TGA),Withdrawals,Taxes - Business Tax Refunds (EFT),null,-1,1971,24680,II,Deposits and Withdrawals of Operating Cash,139,2026,3,2026,2,06,05
2026-06-05,Treasury General Account (TGA),Withdrawals,Taxes - Individual Tax Refunds (EFT),null,150,2613,349314,II,Deposits and Withdrawals of Operating Cash,140,2026,3,2026,2,06,05
2026-06-04,Treasury General Account (TGA),Deposits,"DHS - Customs Duties, Taxes, and Fees",null,237,1223,231208,II,Deposits and Withdrawals of Operating Cash,14,2026,3,2026,2,06,04
2026-06-04,Treasury General Account (TGA),Deposits,Taxes - Corporate Income,null,291,661,234804,II,Deposits and Withdrawals of Operating Cash,36,2026,3,2026,2,06,04
2026-06-04,Treasury General Account (TGA),Deposits,Taxes - Estate and Gift,null,30,321,18844,II,Deposits and Withdrawals of Operating Cash,37,2026,3,2026,2,06,04
2026-06-04,Treasury General Account (TGA),Deposits,Taxes - Federal Unemployment (FUTA),null,1,7,7721,II,Deposits and Withdrawals of Operating Cash,38,2026,3,2026,2,06,04
2026-06-04,Treasury General Account (TGA),Deposits,"Taxes - IRS Collected Estate, Gift, misc",null,10,193,11943,II,Deposits and Withdrawals of Operating Cash,39,2026,3,2026,2,06,04
2026-06-04,Treasury General Account (TGA),Deposits,Taxes - Miscellaneous Excise,null,12,90,65537,II,Deposits and Withdrawals of Operating Cash,40,2026,3,2026,2,06,04
2026-06-04,Treasury General Account (TGA),Deposits,Taxes - Non Withheld Ind/SECA Electronic,null,1269,4945,659550,II,Deposits and Withdrawals of Operating Cash,41,2026,3,2026,2,06,04
2026-06-04,Treasury General Account (TGA),Deposits,Taxes - Non Withheld Ind/SECA Other,null,455,1939,255525,II,Deposits and Withdrawals of Operating Cash,42,2026,3,2026,2,06,04
2026-06-04,Treasury General Account (TGA),Deposits,Taxes - Railroad Retirement,null,1,71,4928,II,Deposits and Withdrawals of Operating Cash,43,2026,3,2026,2,06,04
2026-06-04,Treasury General Account (TGA),Deposits,Taxes - Withheld Individual/FICA,null,3222,67800,2489979,II,Deposits and Withdrawals of Operating Cash,44,2026,3,2026,2,06,04
2026-06-04,Treasury General Account (TGA),Withdrawals,Taxes - Business Tax Refunds (EFT),null,1,1972,24680,II,Deposits and Withdrawals of Operating Cash,139,2026,3,2026,2,06,04
2026-06-04,Treasury General Account (TGA),Withdrawals,Taxes - Individual Tax Refunds (EFT),null,158,2463,349164,II,Deposits and Withdrawals of Operating Cash,140,2026,3,2026,2,06,04
2026-06-03,Treasury General Account (TGA),Deposits,"DHS - Customs Duties, Taxes, and Fees",null,299,985,230970,II,Deposits and Withdrawals of Operating Cash,14,2026,3,2026,2,06,03
2026-06-03,Treasury General Account (TGA),Deposits,Taxes - Corporate Income,null,161,370,234513,II,Deposits and Withdrawals of Operating Cash,36,2026,3,2026,2,06,03
2026-06-03,Treasury General Account (TGA),Deposits,Taxes - Estate and Gift,null,160,291,18814,II,Deposits and Withdrawals of Operating Cash,37,2026,3,2026,2,06,03
2026-06-03,Treasury General Account (TGA),Deposits,Taxes - Federal Unemployment (FUTA),null,2,6,7720,II,Deposits and Withdrawals of Operating Cash,38,2026,3,2026,2,06,03
2026-06-03,Treasury General Account (TGA),Deposits,"Taxes - IRS Collected Estate, Gift, misc",null,7,183,11933,II,Deposits and Withdrawals of Operating Cash,39,2026,3,2026,2,06,03
2026-06-03,Treasury General Account (TGA),Deposits,Taxes - Miscellaneous Excise,null,25,78,65525,II,Deposits and Withdrawals of Operating Cash,40,2026,3,2026,2,06,03
2026-06-03,Treasury General Account (TGA),Deposits,Taxes - Non Withheld Ind/SECA Electronic,null,1142,3676,658281,II,Deposits and Withdrawals of Operating Cash,41,2026,3,2026,2,06,03
2026-06-03,Treasury General Account (TGA),Deposits,Taxes - Non Withheld Ind/SECA Other,null,960,1483,255069,II,Deposits and Withdrawals of Operating Cash,42,2026,3,2026,2,06,03
2026-06-03,Treasury General Account (TGA),Deposits,Taxes - Railroad Retirement,null,3,69,4927,II,Deposits and Withdrawals of Operating Cash,43,2026,3,2026,2,06,03
2026-06-03,Treasury General Account (TGA),Deposits,Taxes - Withheld Individual/FICA,null,13403,64578,2486756,II,Deposits and Withdrawals of Operating Cash,44,2026,3,2026,2,06,03
2026-06-03,Treasury General Account (TGA),Withdrawals,Taxes - Business Tax Refunds (EFT),null,433,1971,24679,II,Deposits and Withdrawals of Operating Cash,139,2026,3,2026,2,06,03
2026-06-03,Treasury General Account (TGA),Withdrawals,Taxes - Individual Tax Refunds (EFT),null,1842,2305,349006,II,Deposits and Withdrawals of Operating Cash,140,2026,3,2026,2,06,03
2026-06-02,Treasury General Account (TGA),Deposits,"DHS - Customs Duties, Taxes, and Fees",null,339,686,230672,II,Deposits and Withdrawals of Operating Cash,14,2026,3,2026,2,06,02
2026-06-02,Treasury General Account (TGA),Deposits,Taxes - Corporate Income,null,115,209,234352,II,Deposits and Withdrawals of Operating Cash,36,2026,3,2026,2,06,02
2026-06-02,Treasury General Account (TGA),Deposits,Taxes - Estate and Gift,null,23,131,18654,II,Deposits and Withdrawals of Operating Cash,37,2026,3,2026,2,06,02
2026-06-02,Treasury General Account (TGA),Deposits,Taxes - Federal Unemployment (FUTA),null,-9,4,7719,II,Deposits and Withdrawals of Operating Cash,38,2026,3,2026,2,06,02
2026-06-02,Treasury General Account (TGA),Deposits,"Taxes - IRS Collected Estate, Gift, misc",null,98,176,11926,II,Deposits and Withdrawals of Operating Cash,39,2026,3,2026,2,06,02
2026-06-02,Treasury General Account (TGA),Deposits,Taxes - Miscellaneous Excise,null,24,53,65501,II,Deposits and Withdrawals of Operating Cash,40,2026,3,2026,2,06,02
2026-06-02,Treasury General Account (TGA),Deposits,Taxes - Non Withheld Ind/SECA Electronic,null,1146,2534,657140,II,Deposits and Withdrawals of Operating Cash,41,2026,3,2026,2,06,02
2026-06-02,Treasury General Account (TGA),Deposits,Taxes - Non Withheld Ind/SECA Other,null,315,523,254109,II,Deposits and Withdrawals of Operating Cash,42,2026,3,2026,2,06,02
2026-06-02,Treasury General Account (TGA),Deposits,Taxes - Railroad Retirement,null,12,67,4924,II,Deposits and Withdrawals of Operating Cash,43,2026,3,2026,2,06,02
2026-06-02,Treasury General Account (TGA),Deposits,Taxes - Withheld Individual/FICA,null,8492,51175,2473353,II,Deposits and Withdrawals of Operating Cash,44,2026,3,2026,2,06,02
2026-06-02,Treasury General Account (TGA),Withdrawals,Taxes - Business Tax Refunds (EFT),null,1491,1538,24246,II,Deposits and Withdrawals of Operating Cash,139,2026,3,2026,2,06,02
2026-06-02,Treasury General Account (TGA),Withdrawals,Taxes - Individual Tax Refunds (EFT),null,211,463,347165,II,Deposits and Withdrawals of Operating Cash,140,2026,3,2026,2,06,02
2026-06-01,Treasury General Account (TGA),Deposits,"DHS - Customs Duties, Taxes, and Fees",null,348,348,230333,II,Deposits and Withdrawals of Operating Cash,14,2026,3,2026,2,06,01
2026-06-01,Treasury General Account (TGA),Deposits,Taxes - Corporate Income,null,93,93,234237,II,Deposits and Withdrawals of Operating Cash,36,2026,3,2026,2,06,01
2026-06-01,Treasury General Account (TGA),Deposits,Taxes - Estate and Gift,null,108,108,18631,II,Deposits and Withdrawals of Operating Cash,37,2026,3,2026,2,06,01
2026-06-01,Treasury General Account (TGA),Deposits,Taxes - Federal Unemployment (FUTA),null,13,13,7728,II,Deposits and Withdrawals of Operating Cash,38,2026,3,2026,2,06,01
2026-06-01,Treasury General Account (TGA),Deposits,"Taxes - IRS Collected Estate, Gift, misc",null,77,77,11827,II,Deposits and Withdrawals of Operating Cash,39,2026,3,2026,2,06,01
2026-06-01,Treasury General Account (TGA),Deposits,Taxes - Miscellaneous Excise,null,29,29,65477,II,Deposits and Withdrawals of Operating Cash,40,2026,3,2026,2,06,01
2026-06-01,Treasury General Account (TGA),Deposits,Taxes - Non Withheld Ind/SECA Electronic,null,1388,1388,655994,II,Deposits and Withdrawals of Operating Cash,41,2026,3,2026,2,06,01
2026-06-01,Treasury General Account (TGA),Deposits,Taxes - Non Withheld Ind/SECA Other,null,208,208,253794,II,Deposits and Withdrawals of Operating Cash,42,2026,3,2026,2,06,01
2026-06-01,Treasury General Account (TGA),Deposits,Taxes - Railroad Retirement,null,55,55,4912,II,Deposits and Withdrawals of Operating Cash,43,2026,3,2026,2,06,01
2026-06-01,Treasury General Account (TGA),Deposits,Taxes - Withheld Individual/FICA,null,42683,42683,2464861,II,Deposits and Withdrawals of Operating Cash,44,2026,3,2026,2,06,01
2026-06-01,Treasury General Account (TGA),Withdrawals,Taxes - Business Tax Refunds (EFT),null,47,47,22755,II,Deposits and Withdrawals of Operating Cash,139,2026,3,2026,2,06,01
2026-06-01,Treasury General Account (TGA),Withdrawals,Taxes - Individual Tax Refunds (EFT),null,252,252,346954,II,Deposits and Withdrawals of Operating Cash,140,2026,3,2026,2,06,01
2026-05-29,Treasury General Account (TGA),Deposits,"DHS - Customs Duties, Taxes, and Fees",null,381,23549,229985,II,Deposits and Withdrawals of Operating Cash,14,2026,3,2026,2,05,29
2026-05-29,Treasury General Account (TGA),Deposits,Taxes - Corporate Income,null,724,15167,234143,II,Deposits and Withdrawals of Operating Cash,36,2026,3,2026,2,05,29
2026-05-29,Treasury General Account (TGA),Deposits,Taxes - Estate and Gift,null,142,3333,18523,II,Deposits and Withdrawals of Operating Cash,37,2026,3,2026,2,05,29
2026-05-29,Treasury General Account (TGA),Deposits,Taxes - Federal Unemployment (FUTA),null,2,67,7715,II,Deposits and Withdrawals of Operating Cash,38,2026,3,2026,2,05,29
2026-05-29,Treasury General Account (TGA),Deposits,"Taxes - IRS Collected Estate, Gift, misc",null,322,1650,11750,II,Deposits and Withdrawals of Operating Cash,39,2026,3,2026,2,05,29
2026-05-29,Treasury General Account (TGA),Deposits,Taxes - Miscellaneous Excise,null,1794,8349,65447,II,Deposits and Withdrawals of Operating Cash,40,2026,3,2026,2,05,29
2026-05-29,Treasury General Account (TGA),Deposits,Taxes - Non Withheld Ind/SECA Electronic,null,698,14297,654606,II,Deposits and Withdrawals of Operating Cash,41,2026,3,2026,2,05,29
2026-05-29,Treasury General Account (TGA),Deposits,Taxes - Non Withheld Ind/SECA Other,null,186,11792,253586,II,Deposits and Withdrawals of Operating Cash,42,2026,3,2026,2,05,29
2026-05-29,Treasury General Account (TGA),Deposits,Taxes - Railroad Retirement,null,23,605,4857,II,Deposits and Withdrawals of Operating Cash,43,2026,3,2026,2,05,29
2026-05-29,Treasury General Account (TGA),Deposits,Taxes - Withheld Individual/FICA,null,11223,275399,2422178,II,Deposits and Withdrawals of Operating Cash,44,2026,3,2026,2,05,29
2026-05-29,Treasury General Account (TGA),Withdrawals,Taxes - Business Tax Refunds (EFT),null,240,2881,22708,II,Deposits and Withdrawals of Operating Cash,139,2026,3,2026,2,05,29
2026-05-29,Treasury General Account (TGA),Withdrawals,Taxes - Individual Tax Refunds (EFT),null,164,18961,346701,II,Deposits and Withdrawals of Operating Cash,140,2026,3,2026,2,05,29
2026-05-28,Treasury General Account (TGA),Deposits,"DHS - Customs Duties, Taxes, and Fees",null,378,23168,229604,II,Deposits and Withdrawals of Operating Cash,14,2026,3,2026,2,05,28
2026-05-28,Treasury General Account (TGA),Deposits,Taxes - Corporate Income,null,89,14443,233419,II,Deposits and Withdrawals of Operating Cash,36,2026,3,2026,2,05,28
2026-05-28,Treasury General Account (TGA),Deposits,Taxes - Estate and Gift,null,67,3191,18381,II,Deposits and Withdrawals of Operating Cash,37,2026,3,2026,2,05,28
2026-05-28,Treasury General Account (TGA),Deposits,Taxes - Federal Unemployment (FUTA),null,2,65,7713,II,Deposits and Withdrawals of Operating Cash,38,2026,3,2026,2,05,28
2026-05-28,Treasury General Account (TGA),Deposits,"Taxes - IRS Collected Estate, Gift, misc",null,176,1328,11428,II,Deposits and Withdrawals of Operating Cash,39,2026,3,2026,2,05,28
2026-05-28,Treasury General Account (TGA),Deposits,Taxes - Miscellaneous Excise,null,1073,6555,63653,II,Deposits and Withdrawals of Operating Cash,40,2026,3,2026,2,05,28
2026-05-28,Treasury General Account (TGA),Deposits,Taxes - Non Withheld Ind/SECA Electronic,null,850,13598,653907,II,Deposits and Withdrawals of Operating Cash,41,2026,3,2026,2,05,28
2026-05-28,Treasury General Account (TGA),Deposits,Taxes - Non Withheld Ind/SECA Other,null,1021,11606,253400,II,Deposits and Withdrawals of Operating Cash,42,2026,3,2026,2,05,28
2026-05-28,Treasury General Account (TGA),Deposits,Taxes - Railroad Retirement,null,9,582,4835,II,Deposits and Withdrawals of Operating Cash,43,2026,3,2026,2,05,28
2026-05-28,Treasury General Account (TGA),Deposits,Taxes - Withheld Individual/FICA,null,12002,264176,2410955,II,Deposits and Withdrawals of Operating Cash,44,2026,3,2026,2,05,28
2026-05-28,Treasury General Account (TGA),Withdrawals,Taxes - Business Tax Refunds (EFT),null,-1,2641,22469,II,Deposits and Withdrawals of Operating Cash,139,2026,3,2026,2,05,28
2026-05-28,Treasury General Account (TGA),Withdrawals,Taxes - Individual Tax Refunds (EFT),null,2183,18797,346537,II,Deposits and Withdrawals of Operating Cash,140,2026,3,2026,2,05,28
2026-05-27,Treasury General Account (TGA),Deposits,"DHS - Customs Duties, Taxes, and Fees",null,300,22789,229226,II,Deposits and Withdrawals of Operating Cash,14,2026,3,2026,2,05,27
2026-05-27,Treasury General Account (TGA),Deposits,Taxes - Corporate Income,null,48,14354,233330,II,Deposits and Withdrawals of Operating Cash,36,2026,3,2026,2,05,27
2026-05-27,Treasury General Account (TGA),Deposits,Taxes - Estate and Gift,null,101,3124,18314,II,Deposits and Withdrawals of Operating Cash,37,2026,3,2026,2,05,27
2026-05-27,Treasury General Account (TGA),Deposits,Taxes - Federal Unemployment (FUTA),null,2,63,7711,II,Deposits and Withdrawals of Operating Cash,38,2026,3,2026,2,05,27
2026-05-27,Treasury General Account (TGA),Deposits,"Taxes - IRS Collected Estate, Gift, misc",null,9,1152,11252,II,Deposits and Withdrawals of Operating Cash,39,2026,3,2026,2,05,27
2026-05-27,Treasury General Account (TGA),Deposits,Taxes - Miscellaneous Excise,null,170,5482,62580,II,Deposits and Withdrawals of Operating Cash,40,2026,3,2026,2,05,27
2026-05-27,Treasury General Account (TGA),Deposits,Taxes - Non Withheld Ind/SECA Electronic,null,441,12749,653057,II,Deposits and Withdrawals of Operating Cash,41,2026,3,2026,2,05,27
2026-05-27,Treasury General Account (TGA),Deposits,Taxes - Non Withheld Ind/SECA Other,null,222,10585,252379,II,Deposits and Withdrawals of Operating Cash,42,2026,3,2026,2,05,27
2026-05-27,Treasury General Account (TGA),Deposits,Taxes - Railroad Retirement,null,1,574,4826,II,Deposits and Withdrawals of Operating Cash,43,2026,3,2026,2,05,27
2026-05-27,Treasury General Account (TGA),Deposits,Taxes - Withheld Individual/FICA,null,5083,252174,2398953,II,Deposits and Withdrawals of Operating Cash,44,2026,3,2026,2,05,27
2026-05-27,Treasury General Account (TGA),Withdrawals,Taxes - Business Tax Refunds (EFT),null,-7,2643,22470,II,Deposits and Withdrawals of Operating Cash,139,2026,3,2026,2,05,27
2026-05-27,Treasury General Account (TGA),Withdrawals,Taxes - Individual Tax Refunds (EFT),null,252,16614,344355,II,Deposits and Withdrawals of Operating Cash,140,2026,3,2026,2,05,27
2026-05-26,Treasury General Account (TGA),Deposits,"DHS - Customs Duties, Taxes, and Fees",null,288,22489,228926,II,Deposits and Withdrawals of Operating Cash,14,2026,3,2026,2,05,26
2026-05-26,Treasury General Account (TGA),Deposits,Taxes - Corporate Income,null,72,14306,233282,II,Deposits and Withdrawals of Operating Cash,36,2026,3,2026,2,05,26
2026-05-26,Treasury General Account (TGA),Deposits,Taxes - Estate and Gift,null,67,3023,18214,II,Deposits and Withdrawals of Operating Cash,37,2026,3,2026,2,05,26
2026-05-26,Treasury General Account (TGA),Deposits,Taxes - Federal Unemployment (FUTA),null,2,61,7709,II,Deposits and Withdrawals of Operating Cash,38,2026,3,2026,2,05,26
2026-05-26,Treasury General Account (TGA),Deposits,"Taxes - IRS Collected Estate, Gift, misc",null,8,1143,11243,II,Deposits and Withdrawals of Operating Cash,39,2026,3,2026,2,05,26
2026-05-26,Treasury General Account (TGA),Deposits,Taxes - Miscellaneous Excise,null,145,5312,62410,II,Deposits and Withdrawals of Operating Cash,40,2026,3,2026,2,05,26
2026-05-26,Treasury General Account (TGA),Deposits,Taxes - Non Withheld Ind/SECA Electronic,null,920,12307,652616,II,Deposits and Withdrawals of Operating Cash,41,2026,3,2026,2,05,26
2026-05-26,Treasury General Account (TGA),Deposits,Taxes - Non Withheld Ind/SECA Other,null,390,10363,252157,II,Deposits and Withdrawals of Operating Cash,42,2026,3,2026,2,05,26
2026-05-26,Treasury General Account (TGA),Deposits,Taxes - Railroad Retirement,null,90,572,4825,II,Deposits and Withdrawals of Operating Cash,43,2026,3,2026,2,05,26
2026-05-26,Treasury General Account (TGA),Deposits,Taxes - Withheld Individual/FICA,null,29643,247091,2393870,II,Deposits and Withdrawals of Operating Cash,44,2026,3,2026,2,05,26
2026-05-26,Treasury General Account (TGA),Withdrawals,Taxes - Business Tax Refunds (EFT),null,26,2649,22477,II,Deposits and Withdrawals of Operating Cash,139,2026,3,2026,2,05,26
2026-05-26,Treasury General Account (TGA),Withdrawals,Taxes - Individual Tax Refunds (EFT),null,291,16362,344102,II,Deposits and Withdrawals of Operating Cash,140,2026,3,2026,2,05,26
2026-05-22,Treasury General Account (TGA),Deposits,"DHS - Customs Duties, Taxes, and Fees",null,16632,22201,228638,II,Deposits and Withdrawals of Operating Cash,14,2026,3,2026,2,05,22
2026-05-22,Treasury General Account (TGA),Deposits,Taxes - Corporate Income,null,256,14233,233209,II,Deposits and Withdrawals of Operating Cash,36,2026,3,2026,2,05,22
2026-05-22,Treasury General Account (TGA),Deposits,Taxes - Estate and Gift,null,253,2956,18146,II,Deposits and Withdrawals of Operating Cash,37,2026,3,2026,2,05,22
2026-05-22,Treasury General Account (TGA),Deposits,Taxes - Federal Unemployment (FUTA),null,2,58,7706,II,Deposits and Withdrawals of Operating Cash,38,2026,3,2026,2,05,22
2026-05-22,Treasury General Account (TGA),Deposits,"Taxes - IRS Collected Estate, Gift, misc",null,13,1135,11235,II,Deposits and Withdrawals of Operating Cash,39,2026,3,2026,2,05,22
2026-05-22,Treasury General Account (TGA),Deposits,Taxes - Miscellaneous Excise,null,102,5167,62265,II,Deposits and Withdrawals of Operating Cash,40,2026,3,2026,2,05,22
2026-05-22,Treasury General Account (TGA),Deposits,Taxes - Non Withheld Ind/SECA Electronic,null,558,11387,651696,II,Deposits and Withdrawals of Operating Cash,41,2026,3,2026,2,05,22
2026-05-22,Treasury General Account (TGA),Deposits,Taxes - Non Withheld Ind/SECA Other,null,441,9973,251767,II,Deposits and Withdrawals of Operating Cash,42,2026,3,2026,2,05,22
2026-05-22,Treasury General Account (TGA),Deposits,Taxes - Railroad Retirement,null,94,483,4735,II,Deposits and Withdrawals of Operating Cash,43,2026,3,2026,2,05,22
2026-05-22,Treasury General Account (TGA),Deposits,Taxes - Withheld Individual/FICA,null,9923,217447,2364226,II,Deposits and Withdrawals of Operating Cash,44,2026,3,2026,2,05,22
2026-05-22,Treasury General Account (TGA),Withdrawals,Taxes - Business Tax Refunds (EFT),null,12,2623,22450,II,Deposits and Withdrawals of Operating Cash,139,2026,3,2026,2,05,22
2026-05-22,Treasury General Account (TGA),Withdrawals,Taxes - Individual Tax Refunds (EFT),null,229,16071,343811,II,Deposits and Withdrawals of Operating Cash,140,2026,3,2026,2,05,22
2026-05-21,Treasury General Account (TGA),Deposits,"DHS - Customs Duties, Taxes, and Fees",null,443,5569,212006,II,Deposits and Withdrawals of Operating Cash,14,2026,3,2026,2,05,21
2026-05-21,Treasury General Account (TGA),Deposits,Taxes - Corporate Income,null,55,13978,232953,II,Deposits and Withdrawals of Operating Cash,36,2026,3,2026,2,05,21
2026-05-21,Treasury General Account (TGA),Deposits,Taxes - Estate and Gift,null,66,2703,17893,II,Deposits and Withdrawals of Operating Cash,37,2026,3,2026,2,05,21
2026-05-21,Treasury General Account (TGA),Deposits,Taxes - Federal Unemployment (FUTA),null,1,57,7704,II,Deposits and Withdrawals of Operating Cash,38,2026,3,2026,2,05,21
2026-05-21,Treasury General Account (TGA),Deposits,"Taxes - IRS Collected Estate, Gift, misc",null,19,1122,11222,II,Deposits and Withdrawals of Operating Cash,39,2026,3,2026,2,05,21
2026-05-21,Treasury General Account (TGA),Deposits,Taxes - Miscellaneous Excise,null,40,5065,62163,II,Deposits and Withdrawals of Operating Cash,40,2026,3,2026,2,05,21
2026-05-21,Treasury General Account (TGA),Deposits,Taxes - Non Withheld Ind/SECA Electronic,null,530,10829,651138,II,Deposits and Withdrawals of Operating Cash,41,2026,3,2026,2,05,21
2026-05-21,Treasury General Account (TGA),Deposits,Taxes - Non Withheld Ind/SECA Other,null,644,9532,251326,II,Deposits and Withdrawals of Operating Cash,42,2026,3,2026,2,05,21
2026-05-21,Treasury General Account (TGA),Deposits,Taxes - Railroad Retirement,null,9,389,4641,II,Deposits and Withdrawals of Operating Cash,43,2026,3,2026,2,05,21
2026-05-21,Treasury General Account (TGA),Deposits,Taxes - Withheld Individual/FICA,null,4371,207525,2354304,II,Deposits and Withdrawals of Operating Cash,44,2026,3,2026,2,05,21
2026-05-21,Treasury General Account (TGA),Withdrawals,Taxes - Business Tax Refunds (EFT),null,102,2611,22438,II,Deposits and Withdrawals of Operating Cash,139,2026,3,2026,2,05,21
2026-05-21,Treasury General Account (TGA),Withdrawals,Taxes - Individual Tax Refunds (EFT),null,185,15842,343582,II,Deposits and Withdrawals of Operating Cash,140,2026,3,2026,2,05,21
2026-05-20,Treasury General Account (TGA),Deposits,"DHS - Customs Duties, Taxes, and Fees",null,419,5125,211562,II,Deposits and Withdrawals of Operating Cash,14,2026,3,2026,2,05,20
2026-05-20,Treasury General Account (TGA),Deposits,Taxes - Corporate Income,null,65,13923,232899,II,Deposits and Withdrawals of Operating Cash,36,2026,3,2026,2,05,20
2026-05-20,Treasury General Account (TGA),Deposits,Taxes - Estate and Gift,null,492,2637,17827,II,Deposits and Withdrawals of Operating Cash,37,2026,3,2026,2,05,20
2026-05-20,Treasury General Account (TGA),Deposits,Taxes - Federal Unemployment (FUTA),null,2,55,7703,II,Deposits and Withdrawals of Operating Cash,38,2026,3,2026,2,05,20
2026-05-20,Treasury General Account (TGA),Deposits,"Taxes - IRS Collected Estate, Gift, misc",null,5,1103,11202,II,Deposits and Withdrawals of Operating Cash,39,2026,3,2026,2,05,20
2026-05-20,Treasury General Account (TGA),Deposits,Taxes - Miscellaneous Excise,null,52,5025,62123,II,Deposits and Withdrawals of Operating Cash,40,2026,3,2026,2,05,20
2026-05-20,Treasury General Account (TGA),Deposits,Taxes - Non Withheld Ind/SECA Electronic,null,606,10299,650608,II,Deposits and Withdrawals of Operating Cash,41,2026,3,2026,2,05,20
2026-05-20,Treasury General Account (TGA),Deposits,Taxes - Non Withheld Ind/SECA Other,null,760,8888,250682,II,Deposits and Withdrawals of Operating Cash,42,2026,3,2026,2,05,20
2026-05-20,Treasury General Account (TGA),Deposits,Taxes - Railroad Retirement,null,3,380,4632,II,Deposits and Withdrawals of Operating Cash,43,2026,3,2026,2,05,20
2026-05-20,Treasury General Account (TGA),Deposits,Taxes - Withheld Individual/FICA,null,13266,203154,2349933,II,Deposits and Withdrawals of Operating Cash,44,2026,3,2026,2,05,20
2026-05-20,Treasury General Account (TGA),Withdrawals,Taxes - Business Tax Refunds (EFT),null,0,2508,22336,II,Deposits and Withdrawals of Operating Cash,139,2026,3,2026,2,05,20
2026-05-20,Treasury General Account (TGA),Withdrawals,Taxes - Individual Tax Refunds (EFT),null,3619,15657,343397,II,Deposits and Withdrawals of Operating Cash,140,2026,3,2026,2,05,20
2026-05-19,Treasury General Account (TGA),Deposits,"DHS - Customs Duties, Taxes, and Fees",null,1057,4706,211143,II,Deposits and Withdrawals of Operating Cash,14,2026,3,2026,2,05,19
2026-05-19,Treasury General Account (TGA),Deposits,Taxes - Corporate Income,null,86,13858,232834,II,Deposits and Withdrawals of Operating Cash,36,2026,3,2026,2,05,19
2026-05-19,Treasury General Account (TGA),Deposits,Taxes - Estate and Gift,null,169,2145,17335,II,Deposits and Withdrawals of Operating Cash,37,2026,3,2026,2,05,19
2026-05-19,Treasury General Account (TGA),Deposits,Taxes - Federal Unemployment (FUTA),null,2,53,7701,II,Deposits and Withdrawals of Operating Cash,38,2026,3,2026,2,05,19
2026-05-19,Treasury General Account (TGA),Deposits,"Taxes - IRS Collected Estate, Gift, misc",null,77,1098,11197,II,Deposits and Withdrawals of Operating Cash,39,2026,3,2026,2,05,19
2026-05-19,Treasury General Account (TGA),Deposits,Taxes - Miscellaneous Excise,null,11,4973,62071,II,Deposits and Withdrawals of Operating Cash,40,2026,3,2026,2,05,19
2026-05-19,Treasury General Account (TGA),Deposits,Taxes - Non Withheld Ind/SECA Electronic,null,574,9693,650002,II,Deposits and Withdrawals of Operating Cash,41,2026,3,2026,2,05,19
2026-05-19,Treasury General Account (TGA),Deposits,Taxes - Non Withheld Ind/SECA Other,null,328,8128,249922,II,Deposits and Withdrawals of Operating Cash,42,2026,3,2026,2,05,19
2026-05-19,Treasury General Account (TGA),Deposits,Taxes - Railroad Retirement,null,2,377,4630,II,Deposits and Withdrawals of Operating Cash,43,2026,3,2026,2,05,19
2026-05-19,Treasury General Account (TGA),Deposits,Taxes - Withheld Individual/FICA,null,8375,189888,2336667,II,Deposits and Withdrawals of Operating Cash,44,2026,3,2026,2,05,19
2026-05-19,Treasury General Account (TGA),Withdrawals,Taxes - Business Tax Refunds (EFT),null,139,2508,22335,II,Deposits and Withdrawals of Operating Cash,139,2026,3,2026,2,05,19
2026-05-19,Treasury General Account (TGA),Withdrawals,Taxes - Individual Tax Refunds (EFT),null,310,12038,339778,II,Deposits and Withdrawals of Operating Cash,140,2026,3,2026,2,05,19
2026-05-18,Treasury General Account (TGA),Deposits,"DHS - Customs Duties, Taxes, and Fees",null,320,3649,210086,II,Deposits and Withdrawals of Operating Cash,14,2026,3,2026,2,05,18
2026-05-18,Treasury General Account (TGA),Deposits,Taxes - Corporate Income,null,127,13772,232748,II,Deposits and Withdrawals of Operating Cash,36,2026,3,2026,2,05,18
2026-05-18,Treasury General Account (TGA),Deposits,Taxes - Estate and Gift,null,128,1977,17167,II,Deposits and Withdrawals of Operating Cash,37,2026,3,2026,2,05,18
2026-05-18,Treasury General Account (TGA),Deposits,Taxes - Federal Unemployment (FUTA),null,2,51,7699,II,Deposits and Withdrawals of Operating Cash,38,2026,3,2026,2,05,18
2026-05-18,Treasury General Account (TGA),Deposits,"Taxes - IRS Collected Estate, Gift, misc",null,7,1021,11120,II,Deposits and Withdrawals of Operating Cash,39,2026,3,2026,2,05,18
2026-05-18,Treasury General Account (TGA),Deposits,Taxes - Miscellaneous Excise,null,59,4962,62060,II,Deposits and Withdrawals of Operating Cash,40,2026,3,2026,2,05,18
2026-05-18,Treasury General Account (TGA),Deposits,Taxes - Non Withheld Ind/SECA Electronic,null,885,9120,649428,II,Deposits and Withdrawals of Operating Cash,41,2026,3,2026,2,05,18
2026-05-18,Treasury General Account (TGA),Deposits,Taxes - Non Withheld Ind/SECA Other,null,442,7800,249594,II,Deposits and Withdrawals of Operating Cash,42,2026,3,2026,2,05,18
2026-05-18,Treasury General Account (TGA),Deposits,Taxes - Railroad Retirement,null,54,375,4628,II,Deposits and Withdrawals of Operating Cash,43,2026,3,2026,2,05,18
2026-05-18,Treasury General Account (TGA),Deposits,Taxes - Withheld Individual/FICA,null,38623,181513,2328292,II,Deposits and Withdrawals of Operating Cash,44,2026,3,2026,2,05,18
2026-05-18,Treasury General Account (TGA),Withdrawals,Taxes - Business Tax Refunds (EFT),null,307,2369,22196,II,Deposits and Withdrawals of Operating Cash,139,2026,3,2026,2,05,18
2026-05-18,Treasury General Account (TGA),Withdrawals,Taxes - Individual Tax Refunds (EFT),null,293,11728,339468,II,Deposits and Withdrawals of Operating Cash,140,2026,3,2026,2,05,18
2026-05-15,Treasury General Account (TGA),Deposits,"DHS - Customs Duties, Taxes, and Fees",null,303,3329,209765,II,Deposits and Withdrawals of Operating Cash,14,2026,3,2026,2,05,15
2026-05-15,Treasury General Account (TGA),Deposits,Taxes - Corporate Income,null,10277,13645,232621,II,Deposits and Withdrawals of Operating Cash,36,2026,3,2026,2,05,15
2026-05-15,Treasury General Account (TGA),Deposits,Taxes - Estate and Gift,null,162,1848,17039,II,Deposits and Withdrawals of Operating Cash,37,2026,3,2026,2,05,15
2026-05-15,Treasury General Account (TGA),Deposits,Taxes - Federal Unemployment (FUTA),null,4,49,7697,II,Deposits and Withdrawals of Operating Cash,38,2026,3,2026,2,05,15
2026-05-15,Treasury General Account (TGA),Deposits,"Taxes - IRS Collected Estate, Gift, misc",null,12,1014,11114,II,Deposits and Withdrawals of Operating Cash,39,2026,3,2026,2,05,15
2026-05-15,Treasury General Account (TGA),Deposits,Taxes - Miscellaneous Excise,null,410,4903,62001,II,Deposits and Withdrawals of Operating Cash,40,2026,3,2026,2,05,15
2026-05-15,Treasury General Account (TGA),Deposits,Taxes - Non Withheld Ind/SECA Electronic,null,989,8235,648543,II,Deposits and Withdrawals of Operating Cash,41,2026,3,2026,2,05,15
2026-05-15,Treasury General Account (TGA),Deposits,Taxes - Non Withheld Ind/SECA Other,null,358,7359,249153,II,Deposits and Withdrawals of Operating Cash,42,2026,3,2026,2,05,15
2026-05-15,Treasury General Account (TGA),Deposits,Taxes - Railroad Retirement,null,26,321,4574,II,Deposits and Withdrawals of Operating Cash,43,2026,3,2026,2,05,15
2026-05-15,Treasury General Account (TGA),Deposits,Taxes - Withheld Individual/FICA,null,11860,142890,2289669,II,Deposits and Withdrawals of Operating Cash,44,2026,3,2026,2,05,15
2026-05-15,Treasury General Account (TGA),Withdrawals,Taxes - Business Tax Refunds (EFT),null,84,2062,21890,II,Deposits and Withdrawals of Operating Cash,139,2026,3,2026,2,05,15
2026-05-15,Treasury General Account (TGA),Withdrawals,Taxes - Individual Tax Refunds (EFT),null,277,11435,339175,II,Deposits and Withdrawals of Operating Cash,140,2026,3,2026,2,05,15
2026-05-14,Treasury General Account (TGA),Deposits,"DHS - Customs Duties, Taxes, and Fees",null,332,3025,209462,II,Deposits and Withdrawals of Operating Cash,14,2026,3,2026,2,05,14
2026-05-14,Treasury General Account (TGA),Deposits,Taxes - Corporate Income,null,1074,3368,222343,II,Deposits and Withdrawals of Operating Cash,36,2026,3,2026,2,05,14
2026-05-14,Treasury General Account (TGA),Deposits,Taxes - Estate and Gift,null,239,1686,16876,II,Deposits and Withdrawals of Operating Cash,37,2026,3,2026,2,05,14
2026-05-14,Treasury General Account (TGA),Deposits,Taxes - Federal Unemployment (FUTA),null,2,45,7693,II,Deposits and Withdrawals of Operating Cash,38,2026,3,2026,2,05,14
2026-05-14,Treasury General Account (TGA),Deposits,"Taxes - IRS Collected Estate, Gift, misc",null,24,1002,11101,II,Deposits and Withdrawals of Operating Cash,39,2026,3,2026,2,05,14
2026-05-14,Treasury General Account (TGA),Deposits,Taxes - Miscellaneous Excise,null,2268,4493,61591,II,Deposits and Withdrawals of Operating Cash,40,2026,3,2026,2,05,14
2026-05-14,Treasury General Account (TGA),Deposits,Taxes - Non Withheld Ind/SECA Electronic,null,588,7246,647555,II,Deposits and Withdrawals of Operating Cash,41,2026,3,2026,2,05,14
2026-05-14,Treasury General Account (TGA),Deposits,Taxes - Non Withheld Ind/SECA Other,null,341,7001,248794,II,Deposits and Withdrawals of Operating Cash,42,2026,3,2026,2,05,14
2026-05-14,Treasury General Account (TGA),Deposits,Taxes - Railroad Retirement,null,1,295,4548,II,Deposits and Withdrawals of Operating Cash,43,2026,3,2026,2,05,14
2026-05-14,Treasury General Account (TGA),Deposits,Taxes - Withheld Individual/FICA,null,2872,131030,2277809,II,Deposits and Withdrawals of Operating Cash,44,2026,3,2026,2,05,14
2026-05-14,Treasury General Account (TGA),Withdrawals,Taxes - Business Tax Refunds (EFT),null,1,1978,21805,II,Deposits and Withdrawals of Operating Cash,139,2026,3,2026,2,05,14
2026-05-14,Treasury General Account (TGA),Withdrawals,Taxes - Individual Tax Refunds (EFT),null,226,11158,338898,II,Deposits and Withdrawals of Operating Cash,140,2026,3,2026,2,05,14
2026-05-13,Treasury General Account (TGA),Deposits,"DHS - Customs Duties, Taxes, and Fees",null,317,2693,209130,II,Deposits and Withdrawals of Operating Cash,14,2026,3,2026,2,05,13
2026-05-13,Treasury General Account (TGA),Deposits,Taxes - Corporate Income,null,337,2293,221269,II,Deposits and Withdrawals of Operating Cash,36,2026,3,2026,2,05,13
2026-05-13,Treasury General Account (TGA),Deposits,Taxes - Estate and Gift,null,49,1447,16637,II,Deposits and Withdrawals of Operating Cash,37,2026,3,2026,2,05,13
2026-05-13,Treasury General Account (TGA),Deposits,Taxes - Federal Unemployment (FUTA),null,2,44,7692,II,Deposits and Withdrawals of Operating Cash,38,2026,3,2026,2,05,13
2026-05-13,Treasury General Account (TGA),Deposits,"Taxes - IRS Collected Estate, Gift, misc",null,28,978,11077,II,Deposits and Withdrawals of Operating Cash,39,2026,3,2026,2,05,13
2026-05-13,Treasury General Account (TGA),Deposits,Taxes - Miscellaneous Excise,null,489,2224,59322,II,Deposits and Withdrawals of Operating Cash,40,2026,3,2026,2,05,13
2026-05-13,Treasury General Account (TGA),Deposits,Taxes - Non Withheld Ind/SECA Electronic,null,586,6658,646966,II,Deposits and Withdrawals of Operating Cash,41,2026,3,2026,2,05,13
2026-05-13,Treasury General Account (TGA),Deposits,Taxes - Non Withheld Ind/SECA Other,null,656,6660,248453,II,Deposits and Withdrawals of Operating Cash,42,2026,3,2026,2,05,13
2026-05-13,Treasury General Account (TGA),Deposits,Taxes - Railroad Retirement,null,8,294,4547,II,Deposits and Withdrawals of Operating Cash,43,2026,3,2026,2,05,13
2026-05-13,Treasury General Account (TGA),Deposits,Taxes - Withheld Individual/FICA,null,10380,128158,2274937,II,Deposits and Withdrawals of Operating Cash,44,2026,3,2026,2,05,13
2026-05-13,Treasury General Account (TGA),Withdrawals,Taxes - Business Tax Refunds (EFT),null,25,1977,21804,II,Deposits and Withdrawals of Operating Cash,139,2026,3,2026,2,05,13
2026-05-13,Treasury General Account (TGA),Withdrawals,Taxes - Individual Tax Refunds (EFT),null,2701,10932,338673,II,Deposits and Withdrawals of Operating Cash,140,2026,3,2026,2,05,13
2026-05-12,Treasury General Account (TGA),Deposits,"DHS - Customs Duties, Taxes, and Fees",null,257,2376,208813,II,Deposits and Withdrawals of Operating Cash,14,2026,3,2026,2,05,12
2026-05-12,Treasury General Account (TGA),Deposits,Taxes - Corporate Income,null,632,1956,220932,II,Deposits and Withdrawals of Operating Cash,36,2026,3,2026,2,05,12
2026-05-12,Treasury General Account (TGA),Deposits,Taxes - Estate and Gift,null,177,1398,16588,II,Deposits and Withdrawals of Operating Cash,37,2026,3,2026,2,05,12
2026-05-12,Treasury General Account (TGA),Deposits,Taxes - Federal Unemployment (FUTA),null,3,42,7689,II,Deposits and Withdrawals of Operating Cash,38,2026,3,2026,2,05,12
2026-05-12,Treasury General Account (TGA),Deposits,"Taxes - IRS Collected Estate, Gift, misc",null,101,950,11049,II,Deposits and Withdrawals of Operating Cash,39,2026,3,2026,2,05,12
2026-05-12,Treasury General Account (TGA),Deposits,Taxes - Miscellaneous Excise,null,889,1735,58833,II,Deposits and Withdrawals of Operating Cash,40,2026,3,2026,2,05,12
2026-05-12,Treasury General Account (TGA),Deposits,Taxes - Non Withheld Ind/SECA Electronic,null,624,6072,646380,II,Deposits and Withdrawals of Operating Cash,41,2026,3,2026,2,05,12
2026-05-12,Treasury General Account (TGA),Deposits,Taxes - Non Withheld Ind/SECA Other,null,419,6004,247798,II,Deposits and Withdrawals of Operating Cash,42,2026,3,2026,2,05,12
2026-05-12,Treasury General Account (TGA),Deposits,Taxes - Railroad Retirement,null,3,286,4539,II,Deposits and Withdrawals of Operating Cash,43,2026,3,2026,2,05,12
2026-05-12,Treasury General Account (TGA),Deposits,Taxes - Withheld Individual/FICA,null,3303,117778,2264557,II,Deposits and Withdrawals of Operating Cash,44,2026,3,2026,2,05,12
2026-05-12,Treasury General Account (TGA),Withdrawals,Taxes - Business Tax Refunds (EFT),null,41,1952,21779,II,Deposits and Withdrawals of Operating Cash,139,2026,3,2026,2,05,12
2026-05-12,Treasury General Account (TGA),Withdrawals,Taxes - Individual Tax Refunds (EFT),null,347,8231,335972,II,Deposits and Withdrawals of Operating Cash,140,2026,3,2026,2,05,12
2026-05-11,Treasury General Account (TGA),Deposits,"DHS - Customs Duties, Taxes, and Fees",null,330,2119,208556,II,Deposits and Withdrawals of Operating Cash,14,2026,3,2026,2,05,11
2026-05-11,Treasury General Account (TGA),Deposits,Taxes - Corporate Income,null,182,1324,220299,II,Deposits and Withdrawals of Operating Cash,36,2026,3,2026,2,05,11
2026-05-11,Treasury General Account (TGA),Deposits,Taxes - Estate and Gift,null,261,1221,16411,II,Deposits and Withdrawals of Operating Cash,37,2026,3,2026,2,05,11
2026-05-11,Treasury General Account (TGA),Deposits,Taxes - Federal Unemployment (FUTA),null,2,38,7686,II,Deposits and Withdrawals of Operating Cash,38,2026,3,2026,2,05,11
2026-05-11,Treasury General Account (TGA),Deposits,"Taxes - IRS Collected Estate, Gift, misc",null,405,849,10948,II,Deposits and Withdrawals of Operating Cash,39,2026,3,2026,2,05,11
2026-05-11,Treasury General Account (TGA),Deposits,Taxes - Miscellaneous Excise,null,193,846,57944,II,Deposits and Withdrawals of Operating Cash,40,2026,3,2026,2,05,11
2026-05-11,Treasury General Account (TGA),Deposits,Taxes - Non Withheld Ind/SECA Electronic,null,757,5447,645756,II,Deposits and Withdrawals of Operating Cash,41,2026,3,2026,2,05,11
2026-05-11,Treasury General Account (TGA),Deposits,Taxes - Non Withheld Ind/SECA Other,null,509,5585,247378,II,Deposits and Withdrawals of Operating Cash,42,2026,3,2026,2,05,11
2026-05-11,Treasury General Account (TGA),Deposits,Taxes - Railroad Retirement,null,106,284,4536,II,Deposits and Withdrawals of Operating Cash,43,2026,3,2026,2,05,11
2026-05-11,Treasury General Account (TGA),Deposits,Taxes - Withheld Individual/FICA,null,25883,114476,2261255,II,Deposits and Withdrawals of Operating Cash,44,2026,3,2026,2,05,11
2026-05-11,Treasury General Account (TGA),Withdrawals,Taxes - Business Tax Refunds (EFT),null,0,1912,21739,II,Deposits and Withdrawals of Operating Cash,139,2026,3,2026,2,05,11
2026-05-11,Treasury General Account (TGA),Withdrawals,Taxes - Individual Tax Refunds (EFT),null,386,7885,335625,II,Deposits and Withdrawals of Operating Cash,140,2026,3,2026,2,05,11
2026-05-08,Treasury General Account (TGA),Deposits,"DHS - Customs Duties, Taxes, and Fees",null,340,1789,208226,II,Deposits and Withdrawals of Operating Cash,14,2026,3,2026,2,05,08
2026-05-08,Treasury General Account (TGA),Deposits,Taxes - Corporate Income,null,592,1142,220117,II,Deposits and Withdrawals of Operating Cash,36,2026,3,2026,2,05,08
2026-05-08,Treasury General Account (TGA),Deposits,Taxes - Estate and Gift,null,288,960,16150,II,Deposits and Withdrawals of Operating Cash,37,2026,3,2026,2,05,08
2026-05-08,Treasury General Account (TGA),Deposits,Taxes - Federal Unemployment (FUTA),null,3,36,7684,II,Deposits and Withdrawals of Operating Cash,38,2026,3,2026,2,05,08
2026-05-08,Treasury General Account (TGA),Deposits,"Taxes - IRS Collected Estate, Gift, misc",null,112,444,10544,II,Deposits and Withdrawals of Operating Cash,39,2026,3,2026,2,05,08
2026-05-08,Treasury General Account (TGA),Deposits,Taxes - Miscellaneous Excise,null,116,653,57751,II,Deposits and Withdrawals of Operating Cash,40,2026,3,2026,2,05,08
2026-05-08,Treasury General Account (TGA),Deposits,Taxes - Non Withheld Ind/SECA Electronic,null,589,4690,644999,II,Deposits and Withdrawals of Operating Cash,41,2026,3,2026,2,05,08
2026-05-08,Treasury General Account (TGA),Deposits,Taxes - Non Withheld Ind/SECA Other,null,519,5075,246869,II,Deposits and Withdrawals of Operating Cash,42,2026,3,2026,2,05,08
2026-05-08,Treasury General Account (TGA),Deposits,Taxes - Railroad Retirement,null,63,178,4430,II,Deposits and Withdrawals of Operating Cash,43,2026,3,2026,2,05,08
2026-05-08,Treasury General Account (TGA),Deposits,Taxes - Withheld Individual/FICA,null,10591,88593,2235372,II,Deposits and Withdrawals of Operating Cash,44,2026,3,2026,2,05,08
2026-05-08,Treasury General Account (TGA),Withdrawals,Taxes - Business Tax Refunds (EFT),null,392,1912,21739,II,Deposits and Withdrawals of Operating Cash,139,2026,3,2026,2,05,08
2026-05-08,Treasury General Account (TGA),Withdrawals,Taxes - Individual Tax Refunds (EFT),null,316,7499,335239,II,Deposits and Withdrawals of Operating Cash,140,2026,3,2026,2,05,08
2026-05-07,Treasury General Account (TGA),Deposits,"DHS - Customs Duties, Taxes, and Fees",null,254,1449,207885,II,Deposits and Withdrawals of Operating Cash,14,2026,3,2026,2,05,07
2026-05-07,Treasury General Account (TGA),Deposits,Taxes - Corporate Income,null,140,550,219525,II,Deposits and Withdrawals of Operating Cash,36,2026,3,2026,2,05,07
2026-05-07,Treasury General Account (TGA),Deposits,Taxes - Estate and Gift,null,46,672,15862,II,Deposits and Withdrawals of Operating Cash,37,2026,3,2026,2,05,07
2026-05-07,Treasury General Account (TGA),Deposits,Taxes - Federal Unemployment (FUTA),null,-74,33,7681,II,Deposits and Withdrawals of Operating Cash,38,2026,3,2026,2,05,07
2026-05-07,Treasury General Account (TGA),Deposits,"Taxes - IRS Collected Estate, Gift, misc",null,4,333,10432,II,Deposits and Withdrawals of Operating Cash,39,2026,3,2026,2,05,07
2026-05-07,Treasury General Account (TGA),Deposits,Taxes - Miscellaneous Excise,null,56,537,57635,II,Deposits and Withdrawals of Operating Cash,40,2026,3,2026,2,05,07
2026-05-07,Treasury General Account (TGA),Deposits,Taxes - Non Withheld Ind/SECA Electronic,null,566,4101,644410,II,Deposits and Withdrawals of Operating Cash,41,2026,3,2026,2,05,07
2026-05-07,Treasury General Account (TGA),Deposits,Taxes - Non Withheld Ind/SECA Other,null,697,4556,246350,II,Deposits and Withdrawals of Operating Cash,42,2026,3,2026,2,05,07
2026-05-07,Treasury General Account (TGA),Deposits,Taxes - Railroad Retirement,null,13,115,4367,II,Deposits and Withdrawals of Operating Cash,43,2026,3,2026,2,05,07
2026-05-07,Treasury General Account (TGA),Deposits,Taxes - Withheld Individual/FICA,null,3209,78002,2224781,II,Deposits and Withdrawals of Operating Cash,44,2026,3,2026,2,05,07
2026-05-07,Treasury General Account (TGA),Withdrawals,Taxes - Business Tax Refunds (EFT),null,-2,1520,21347,II,Deposits and Withdrawals of Operating Cash,139,2026,3,2026,2,05,07
2026-05-07,Treasury General Account (TGA),Withdrawals,Taxes - Individual Tax Refunds (EFT),null,318,7182,334923,II,Deposits and Withdrawals of Operating Cash,140,2026,3,2026,2,05,07
2026-05-06,Treasury General Account (TGA),Deposits,"DHS - Customs Duties, Taxes, and Fees",null,258,1195,207632,II,Deposits and Withdrawals of Operating Cash,14,2026,3,2026,2,05,06
2026-05-06,Treasury General Account (TGA),Deposits,Taxes - Corporate Income,null,110,410,219385,II,Deposits and Withdrawals of Operating Cash,36,2026,3,2026,2,05,06
2026-05-06,Treasury General Account (TGA),Deposits,Taxes - Estate and Gift,null,37,626,15816,II,Deposits and Withdrawals of Operating Cash,37,2026,3,2026,2,05,06
2026-05-06,Treasury General Account (TGA),Deposits,Taxes - Federal Unemployment (FUTA),null,82,106,7754,II,Deposits and Withdrawals of Operating Cash,38,2026,3,2026,2,05,06
2026-05-06,Treasury General Account (TGA),Deposits,"Taxes - IRS Collected Estate, Gift, misc",null,26,328,10428,II,Deposits and Withdrawals of Operating Cash,39,2026,3,2026,2,05,06
2026-05-06,Treasury General Account (TGA),Deposits,Taxes - Miscellaneous Excise,null,76,481,57579,II,Deposits and Withdrawals of Operating Cash,40,2026,3,2026,2,05,06
2026-05-06,Treasury General Account (TGA),Deposits,Taxes - Non Withheld Ind/SECA Electronic,null,561,3535,643844,II,Deposits and Withdrawals of Operating Cash,41,2026,3,2026,2,05,06
2026-05-06,Treasury General Account (TGA),Deposits,Taxes - Non Withheld Ind/SECA Other,null,1255,3859,245653,II,Deposits and Withdrawals of Operating Cash,42,2026,3,2026,2,05,06
2026-05-06,Treasury General Account (TGA),Deposits,Taxes - Railroad Retirement,null,11,102,4355,II,Deposits and Withdrawals of Operating Cash,43,2026,3,2026,2,05,06
2026-05-06,Treasury General Account (TGA),Deposits,Taxes - Withheld Individual/FICA,null,13965,74793,2221572,II,Deposits and Withdrawals of Operating Cash,44,2026,3,2026,2,05,06
2026-05-06,Treasury General Account (TGA),Withdrawals,Taxes - Business Tax Refunds (EFT),null,114,1522,21349,II,Deposits and Withdrawals of Operating Cash,139,2026,3,2026,2,05,06
2026-05-06,Treasury General Account (TGA),Withdrawals,Taxes - Individual Tax Refunds (EFT),null,5221,6864,334605,II,Deposits and Withdrawals of Operating Cash,140,2026,3,2026,2,05,06
2026-05-05,Treasury General Account (TGA),Deposits,"DHS - Customs Duties, Taxes, and Fees",null,251,937,207374,II,Deposits and Withdrawals of Operating Cash,14,2026,3,2026,2,05,05
2026-05-05,Treasury General Account (TGA),Deposits,Taxes - Corporate Income,null,67,300,219275,II,Deposits and Withdrawals of Operating Cash,36,2026,3,2026,2,05,05
2026-05-05,Treasury General Account (TGA),Deposits,Taxes - Estate and Gift,null,122,589,15779,II,Deposits and Withdrawals of Operating Cash,37,2026,3,2026,2,05,05
2026-05-05,Treasury General Account (TGA),Deposits,Taxes - Federal Unemployment (FUTA),null,3,24,7672,II,Deposits and Withdrawals of Operating Cash,38,2026,3,2026,2,05,05
2026-05-05,Treasury General Account (TGA),Deposits,"Taxes - IRS Collected Estate, Gift, misc",null,26,303,10402,II,Deposits and Withdrawals of Operating Cash,39,2026,3,2026,2,05,05
2026-05-05,Treasury General Account (TGA),Deposits,Taxes - Miscellaneous Excise,null,76,405,57503,II,Deposits and Withdrawals of Operating Cash,40,2026,3,2026,2,05,05
2026-05-05,Treasury General Account (TGA),Deposits,Taxes - Non Withheld Ind/SECA Electronic,null,713,2974,643283,II,Deposits and Withdrawals of Operating Cash,41,2026,3,2026,2,05,05
2026-05-05,Treasury General Account (TGA),Deposits,Taxes - Non Withheld Ind/SECA Other,null,765,2603,244397,II,Deposits and Withdrawals of Operating Cash,42,2026,3,2026,2,05,05
2026-05-05,Treasury General Account (TGA),Deposits,Taxes - Railroad Retirement,null,3,91,4344,II,Deposits and Withdrawals of Operating Cash,43,2026,3,2026,2,05,05
2026-05-05,Treasury General Account (TGA),Deposits,Taxes - Withheld Individual/FICA,null,3445,60828,2207607,II,Deposits and Withdrawals of Operating Cash,44,2026,3,2026,2,05,05
2026-05-05,Treasury General Account (TGA),Withdrawals,Taxes - Business Tax Refunds (EFT),null,78,1408,21235,II,Deposits and Withdrawals of Operating Cash,139,2026,3,2026,2,05,05
2026-05-05,Treasury General Account (TGA),Withdrawals,Taxes - Individual Tax Refunds (EFT),null,468,1644,329384,II,Deposits and Withdrawals of Operating Cash,140,2026,3,2026,2,05,05
2026-05-04,Treasury General Account (TGA),Deposits,"DHS - Customs Duties, Taxes, and Fees",null,318,686,207123,II,Deposits and Withdrawals of Operating Cash,14,2026,3,2026,2,05,04
2026-05-04,Treasury General Account (TGA),Deposits,Taxes - Corporate Income,null,103,233,219208,II,Deposits and Withdrawals of Operating Cash,36,2026,3,2026,2,05,04
2026-05-04,Treasury General Account (TGA),Deposits,Taxes - Estate and Gift,null,382,467,15657,II,Deposits and Withdrawals of Operating Cash,37,2026,3,2026,2,05,04
2026-05-04,Treasury General Account (TGA),Deposits,Taxes - Federal Unemployment (FUTA),null,5,21,7669,II,Deposits and Withdrawals of Operating Cash,38,2026,3,2026,2,05,04
2026-05-04,Treasury General Account (TGA),Deposits,"Taxes - IRS Collected Estate, Gift, misc",null,154,277,10376,II,Deposits and Withdrawals of Operating Cash,39,2026,3,2026,2,05,04
2026-05-04,Treasury General Account (TGA),Deposits,Taxes - Miscellaneous Excise,null,43,329,57427,II,Deposits and Withdrawals of Operating Cash,40,2026,3,2026,2,05,04
2026-05-04,Treasury General Account (TGA),Deposits,Taxes - Non Withheld Ind/SECA Electronic,null,1247,2261,642570,II,Deposits and Withdrawals of Operating Cash,41,2026,3,2026,2,05,04
2026-05-04,Treasury General Account (TGA),Deposits,Taxes - Non Withheld Ind/SECA Other,null,557,1838,243632,II,Deposits and Withdrawals of Operating Cash,42,2026,3,2026,2,05,04
2026-05-04,Treasury General Account (TGA),Deposits,Taxes - Railroad Retirement,null,48,88,4341,II,Deposits and Withdrawals of Operating Cash,43,2026,3,2026,2,05,04
2026-05-04,Treasury General Account (TGA),Deposits,Taxes - Withheld Individual/FICA,null,27656,57383,2204162,II,Deposits and Withdrawals of Operating Cash,44,2026,3,2026,2,05,04
2026-05-04,Treasury General Account (TGA),Withdrawals,Taxes - Business Tax Refunds (EFT),null,0,1330,21157,II,Deposits and Withdrawals of Operating Cash,139,2026,3,2026,2,05,04
2026-05-04,Treasury General Account (TGA),Withdrawals,Taxes - Individual Tax Refunds (EFT),null,563,1176,328917,II,Deposits and Withdrawals of Operating Cash,140,2026,3,2026,2,05,04
2026-05-01,Treasury General Account (TGA),Deposits,"DHS - Customs Duties, Taxes, and Fees",null,368,368,206805,II,Deposits and Withdrawals of Operating Cash,14,2026,3,2026,2,05,01
2026-05-01,Treasury General Account (TGA),Deposits,Taxes - Corporate Income,null,130,130,219105,II,Deposits and Withdrawals of Operating Cash,36,2026,3,2026,2,05,01
2026-05-01,Treasury General Account (TGA),Deposits,Taxes - Estate and Gift,null,85,85,15275,II,Deposits and Withdrawals of Operating Cash,37,2026,3,2026,2,05,01
2026-05-01,Treasury General Account (TGA),Deposits,Taxes - Federal Unemployment (FUTA),null,16,16,7664,II,Deposits and Withdrawals of Operating Cash,38,2026,3,2026,2,05,01
2026-05-01,Treasury General Account (TGA),Deposits,"Taxes - IRS Collected Estate, Gift, misc",null,122,122,10222,II,Deposits and Withdrawals of Operating Cash,39,2026,3,2026,2,05,01
2026-05-01,Treasury General Account (TGA),Deposits,Taxes - Miscellaneous Excise,null,285,285,57384,II,Deposits and Withdrawals of Operating Cash,40,2026,3,2026,2,05,01
2026-05-01,Treasury General Account (TGA),Deposits,Taxes - Non Withheld Ind/SECA Electronic,null,1014,1014,641323,II,Deposits and Withdrawals of Operating Cash,41,2026,3,2026,2,05,01
2026-05-01,Treasury General Account (TGA),Deposits,Taxes - Non Withheld Ind/SECA Other,null,1281,1281,243074,II,Deposits and Withdrawals of Operating Cash,42,2026,3,2026,2,05,01
2026-05-01,Treasury General Account (TGA),Deposits,Taxes - Railroad Retirement,null,40,40,4293,II,Deposits and Withdrawals of Operating Cash,43,2026,3,2026,2,05,01
2026-05-01,Treasury General Account (TGA),Deposits,Taxes - Withheld Individual/FICA,null,29727,29727,2176506,II,Deposits and Withdrawals of Operating Cash,44,2026,3,2026,2,05,01
2026-05-01,Treasury General Account (TGA),Withdrawals,Taxes - Business Tax Refunds (EFT),null,1330,1330,21157,II,Deposits and Withdrawals of Operating Cash,139,2026,3,2026,2,05,01
2026-05-01,Treasury General Account (TGA),Withdrawals,Taxes - Individual Tax Refunds (EFT),null,613,613,328354,II,Deposits and Withdrawals of Operating Cash,140,2026,3,2026,2,05,01
2026-04-30,Treasury General Account (TGA),Deposits,"DHS - Customs Duties, Taxes, and Fees",null,571,24775,206437,II,Deposits and Withdrawals of Operating Cash,14,2026,3,2026,2,04,30
2026-04-30,Treasury General Account (TGA),Deposits,Taxes - Corporate Income,null,669,80547,218976,II,Deposits and Withdrawals of Operating Cash,36,2026,3,2026,2,04,30
2026-04-30,Treasury General Account (TGA),Deposits,Taxes - Estate and Gift,null,119,2478,15190,II,Deposits and Withdrawals of Operating Cash,37,2026,3,2026,2,04,30
2026-04-30,Treasury General Account (TGA),Deposits,Taxes - Federal Unemployment (FUTA),null,3603,4161,7648,II,Deposits and Withdrawals of Operating Cash,38,2026,3,2026,2,04,30
2026-04-30,Treasury General Account (TGA),Deposits,"Taxes - IRS Collected Estate, Gift, misc",null,77,2553,10100,II,Deposits and Withdrawals of Operating Cash,39,2026,3,2026,2,04,30
2026-04-30,Treasury General Account (TGA),Deposits,Taxes - Miscellaneous Excise,null,2379,13169,57098,II,Deposits and Withdrawals of Operating Cash,40,2026,3,2026,2,04,30
2026-04-30,Treasury General Account (TGA),Deposits,Taxes - Non Withheld Ind/SECA Electronic,null,1009,389868,640309,II,Deposits and Withdrawals of Operating Cash,41,2026,3,2026,2,04,30
2026-04-30,Treasury General Account (TGA),Deposits,Taxes - Non Withheld Ind/SECA Other,null,3843,121173,241794,II,Deposits and Withdrawals of Operating Cash,42,2026,3,2026,2,04,30
2026-04-30,Treasury General Account (TGA),Deposits,Taxes - Railroad Retirement,null,4,585,4253,II,Deposits and Withdrawals of Operating Cash,43,2026,3,2026,2,04,30
2026-04-30,Treasury General Account (TGA),Deposits,Taxes - Withheld Individual/FICA,null,6720,285842,2146779,II,Deposits and Withdrawals of Operating Cash,44,2026,3,2026,2,04,30
2026-04-30,Treasury General Account (TGA),Withdrawals,Taxes - Business Tax Refunds (EFT),null,16,3406,19827,II,Deposits and Withdrawals of Operating Cash,139,2026,3,2026,2,04,30
2026-04-30,Treasury General Account (TGA),Withdrawals,Taxes - Individual Tax Refunds (EFT),null,1035,101015,327740,II,Deposits and Withdrawals of Operating Cash,140,2026,3,2026,2,04,30
2026-04-29,Treasury General Account (TGA),Deposits,"DHS - Customs Duties, Taxes, and Fees",null,379,24204,205865,II,Deposits and Withdrawals of Operating Cash,14,2026,3,2026,2,04,29
2026-04-29,Treasury General Account (TGA),Deposits,Taxes - Corporate Income,null,84,79878,218306,II,Deposits and Withdrawals of Operating Cash,36,2026,3,2026,2,04,29
2026-04-29,Treasury General Account (TGA),Deposits,Taxes - Estate and Gift,null,66,2359,15072,II,Deposits and Withdrawals of Operating Cash,37,2026,3,2026,2,04,29
2026-04-29,Treasury General Account (TGA),Deposits,Taxes - Federal Unemployment (FUTA),null,86,558,4045,II,Deposits and Withdrawals of Operating Cash,38,2026,3,2026,2,04,29
2026-04-29,Treasury General Account (TGA),Deposits,"Taxes - IRS Collected Estate, Gift, misc",null,39,2476,10023,II,Deposits and Withdrawals of Operating Cash,39,2026,3,2026,2,04,29
2026-04-29,Treasury General Account (TGA),Deposits,Taxes - Miscellaneous Excise,null,2774,10790,54719,II,Deposits and Withdrawals of Operating Cash,40,2026,3,2026,2,04,29
2026-04-29,Treasury General Account (TGA),Deposits,Taxes - Non Withheld Ind/SECA Electronic,null,1163,388859,639300,II,Deposits and Withdrawals of Operating Cash,41,2026,3,2026,2,04,29
2026-04-29,Treasury General Account (TGA),Deposits,Taxes - Non Withheld Ind/SECA Other,null,5016,117330,237951,II,Deposits and Withdrawals of Operating Cash,42,2026,3,2026,2,04,29
2026-04-29,Treasury General Account (TGA),Deposits,Taxes - Railroad Retirement,null,3,581,4248,II,Deposits and Withdrawals of Operating Cash,43,2026,3,2026,2,04,29
2026-04-29,Treasury General Account (TGA),Deposits,Taxes - Withheld Individual/FICA,null,11743,279122,2140059,II,Deposits and Withdrawals of Operating Cash,44,2026,3,2026,2,04,29
2026-04-29,Treasury General Account (TGA),Withdrawals,Taxes - Business Tax Refunds (EFT),null,46,3390,19811,II,Deposits and Withdrawals of Operating Cash,139,2026,3,2026,2,04,29
2026-04-29,Treasury General Account (TGA),Withdrawals,Taxes - Individual Tax Refunds (EFT),null,11290,99980,326705,II,Deposits and Withdrawals of Operating Cash,140,2026,3,2026,2,04,29
2026-04-28,Treasury General Account (TGA),Deposits,"DHS - Customs Duties, Taxes, and Fees",null,319,23825,205486,II,Deposits and Withdrawals of Operating Cash,14,2026,3,2026,2,04,28
2026-04-28,Treasury General Account (TGA),Deposits,Taxes - Corporate Income,null,82,79794,218223,II,Deposits and Withdrawals of Operating Cash,36,2026,3,2026,2,04,28
2026-04-28,Treasury General Account (TGA),Deposits,Taxes - Estate and Gift,null,128,2293,15006,II,Deposits and Withdrawals of Operating Cash,37,2026,3,2026,2,04,28
2026-04-28,Treasury General Account (TGA),Deposits,Taxes - Federal Unemployment (FUTA),null,70,472,3959,II,Deposits and Withdrawals of Operating Cash,38,2026,3,2026,2,04,28
2026-04-28,Treasury General Account (TGA),Deposits,"Taxes - IRS Collected Estate, Gift, misc",null,167,2437,9984,II,Deposits and Withdrawals of Operating Cash,39,2026,3,2026,2,04,28
2026-04-28,Treasury General Account (TGA),Deposits,Taxes - Miscellaneous Excise,null,1055,8015,51945,II,Deposits and Withdrawals of Operating Cash,40,2026,3,2026,2,04,28
2026-04-28,Treasury General Account (TGA),Deposits,Taxes - Non Withheld Ind/SECA Electronic,null,5044,387696,638137,II,Deposits and Withdrawals of Operating Cash,41,2026,3,2026,2,04,28
2026-04-28,Treasury General Account (TGA),Deposits,Taxes - Non Withheld Ind/SECA Other,null,18019,112314,232935,II,Deposits and Withdrawals of Operating Cash,42,2026,3,2026,2,04,28
2026-04-28,Treasury General Account (TGA),Deposits,Taxes - Railroad Retirement,null,8,578,4246,II,Deposits and Withdrawals of Operating Cash,43,2026,3,2026,2,04,28
2026-04-28,Treasury General Account (TGA),Deposits,Taxes - Withheld Individual/FICA,null,2434,267379,2128316,II,Deposits and Withdrawals of Operating Cash,44,2026,3,2026,2,04,28
2026-04-28,Treasury General Account (TGA),Withdrawals,Taxes - Business Tax Refunds (EFT),null,131,3343,19765,II,Deposits and Withdrawals of Operating Cash,139,2026,3,2026,2,04,28
2026-04-28,Treasury General Account (TGA),Withdrawals,Taxes - Individual Tax Refunds (EFT),null,1092,88690,315415,II,Deposits and Withdrawals of Operating Cash,140,2026,3,2026,2,04,28
2026-04-27,Treasury General Account (TGA),Deposits,"DHS - Customs Duties, Taxes, and Fees",null,339,23506,205168,II,Deposits and Withdrawals of Operating Cash,14,2026,3,2026,2,04,27
2026-04-27,Treasury General Account (TGA),Deposits,Taxes - Corporate Income,null,151,79712,218141,II,Deposits and Withdrawals of Operating Cash,36,2026,3,2026,2,04,27
2026-04-27,Treasury General Account (TGA),Deposits,Taxes - Estate and Gift,null,134,2165,14878,II,Deposits and Withdrawals of Operating Cash,37,2026,3,2026,2,04,27
2026-04-27,Treasury General Account (TGA),Deposits,Taxes - Federal Unemployment (FUTA),null,85,402,3889,II,Deposits and Withdrawals of Operating Cash,38,2026,3,2026,2,04,27
2026-04-27,Treasury General Account (TGA),Deposits,"Taxes - IRS Collected Estate, Gift, misc",null,33,2270,9817,II,Deposits and Withdrawals of Operating Cash,39,2026,3,2026,2,04,27
2026-04-27,Treasury General Account (TGA),Deposits,Taxes - Miscellaneous Excise,null,1257,6960,50889,II,Deposits and Withdrawals of Operating Cash,40,2026,3,2026,2,04,27
2026-04-27,Treasury General Account (TGA),Deposits,Taxes - Non Withheld Ind/SECA Electronic,null,3735,382652,633093,II,Deposits and Withdrawals of Operating Cash,41,2026,3,2026,2,04,27
2026-04-27,Treasury General Account (TGA),Deposits,Taxes - Non Withheld Ind/SECA Other,null,7422,94295,214916,II,Deposits and Withdrawals of Operating Cash,42,2026,3,2026,2,04,27
2026-04-27,Treasury General Account (TGA),Deposits,Taxes - Railroad Retirement,null,105,570,4237,II,Deposits and Withdrawals of Operating Cash,43,2026,3,2026,2,04,27
2026-04-27,Treasury General Account (TGA),Deposits,Taxes - Withheld Individual/FICA,null,28860,264945,2125882,II,Deposits and Withdrawals of Operating Cash,44,2026,3,2026,2,04,27
2026-04-27,Treasury General Account (TGA),Withdrawals,Taxes - Business Tax Refunds (EFT),null,540,3212,19634,II,Deposits and Withdrawals of Operating Cash,139,2026,3,2026,2,04,27
2026-04-27,Treasury General Account (TGA),Withdrawals,Taxes - Individual Tax Refunds (EFT),null,1239,87597,314322,II,Deposits and Withdrawals of Operating Cash,140,2026,3,2026,2,04,27
2026-04-24,Treasury General Account (TGA),Deposits,"DHS - Customs Duties, Taxes, and Fees",null,331,23167,204829,II,Deposits and Withdrawals of Operating Cash,14,2026,3,2026,2,04,24
2026-04-24,Treasury General Account (TGA),Deposits,Taxes - Corporate Income,null,87,79561,217989,II,Deposits and Withdrawals of Operating Cash,36,2026,3,2026,2,04,24
2026-04-24,Treasury General Account (TGA),Deposits,Taxes - Estate and Gift,null,189,2031,14744,II,Deposits and Withdrawals of Operating Cash,37,2026,3,2026,2,04,24
2026-04-24,Treasury General Account (TGA),Deposits,Taxes - Federal Unemployment (FUTA),null,47,316,3803,II,Deposits and Withdrawals of Operating Cash,38,2026,3,2026,2,04,24
2026-04-24,Treasury General Account (TGA),Deposits,"Taxes - IRS Collected Estate, Gift, misc",null,15,2237,9784,II,Deposits and Withdrawals of Operating Cash,39,2026,3,2026,2,04,24
2026-04-24,Treasury General Account (TGA),Deposits,Taxes - Miscellaneous Excise,null,605,5703,49632,II,Deposits and Withdrawals of Operating Cash,40,2026,3,2026,2,04,24
2026-04-24,Treasury General Account (TGA),Deposits,Taxes - Non Withheld Ind/SECA Electronic,null,1192,378918,629359,II,Deposits and Withdrawals of Operating Cash,41,2026,3,2026,2,04,24
2026-04-24,Treasury General Account (TGA),Deposits,Taxes - Non Withheld Ind/SECA Other,null,9675,86873,207494,II,Deposits and Withdrawals of Operating Cash,42,2026,3,2026,2,04,24
2026-04-24,Treasury General Account (TGA),Deposits,Taxes - Railroad Retirement,null,76,464,4132,II,Deposits and Withdrawals of Operating Cash,43,2026,3,2026,2,04,24
2026-04-24,Treasury General Account (TGA),Deposits,Taxes - Withheld Individual/FICA,null,9379,236085,2097022,II,Deposits and Withdrawals of Operating Cash,44,2026,3,2026,2,04,24
2026-04-24,Treasury General Account (TGA),Withdrawals,Taxes - Business Tax Refunds (EFT),null,11,2672,19094,II,Deposits and Withdrawals of Operating Cash,139,2026,3,2026,2,04,24
2026-04-24,Treasury General Account (TGA),Withdrawals,Taxes - Individual Tax Refunds (EFT),null,1516,86359,313084,II,Deposits and Withdrawals of Operating Cash,140,2026,3,2026,2,04,24
2026-04-23,Treasury General Account (TGA),Deposits,"DHS - Customs Duties, Taxes, and Fees",null,246,22837,204498,II,Deposits and Withdrawals of Operating Cash,14,2026,3,2026,2,04,23
2026-04-23,Treasury General Account (TGA),Deposits,Taxes - Corporate Income,null,85,79474,217902,II,Deposits and Withdrawals of Operating Cash,36,2026,3,2026,2,04,23
2026-04-23,Treasury General Account (TGA),Deposits,Taxes - Estate and Gift,null,145,1842,14555,II,Deposits and Withdrawals of Operating Cash,37,2026,3,2026,2,04,23
2026-04-23,Treasury General Account (TGA),Deposits,Taxes - Federal Unemployment (FUTA),null,16,269,3756,II,Deposits and Withdrawals of Operating Cash,38,2026,3,2026,2,04,23
2026-04-23,Treasury General Account (TGA),Deposits,"Taxes - IRS Collected Estate, Gift, misc",null,85,2222,9769,II,Deposits and Withdrawals of Operating Cash,39,2026,3,2026,2,04,23
2026-04-23,Treasury General Account (TGA),Deposits,Taxes - Miscellaneous Excise,null,183,5098,49027,II,Deposits and Withdrawals of Operating Cash,40,2026,3,2026,2,04,23
2026-04-23,Treasury General Account (TGA),Deposits,Taxes - Non Withheld Ind/SECA Electronic,null,684,377726,628167,II,Deposits and Withdrawals of Operating Cash,41,2026,3,2026,2,04,23
2026-04-23,Treasury General Account (TGA),Deposits,Taxes - Non Withheld Ind/SECA Other,null,9935,77198,197818,II,Deposits and Withdrawals of Operating Cash,42,2026,3,2026,2,04,23
2026-04-23,Treasury General Account (TGA),Deposits,Taxes - Railroad Retirement,null,2,388,4055,II,Deposits and Withdrawals of Operating Cash,43,2026,3,2026,2,04,23
2026-04-23,Treasury General Account (TGA),Deposits,Taxes - Withheld Individual/FICA,null,4136,226706,2087643,II,Deposits and Withdrawals of Operating Cash,44,2026,3,2026,2,04,23
2026-04-23,Treasury General Account (TGA),Withdrawals,Taxes - Business Tax Refunds (EFT),null,-1,2661,19082,II,Deposits and Withdrawals of Operating Cash,139,2026,3,2026,2,04,23
2026-04-23,Treasury General Account (TGA),Withdrawals,Taxes - Individual Tax Refunds (EFT),null,3178,84843,311568,II,Deposits and Withdrawals of Operating Cash,140,2026,3,2026,2,04,23
2026-04-22,Treasury General Account (TGA),Deposits,"DHS - Customs Duties, Taxes, and Fees",null,17162,22591,204252,II,Deposits and Withdrawals of Operating Cash,14,2026,3,2026,2,04,22
2026-04-22,Treasury General Account (TGA),Deposits,Taxes - Corporate Income,null,99,79388,217817,II,Deposits and Withdrawals of Operating Cash,36,2026,3,2026,2,04,22
2026-04-22,Treasury General Account (TGA),Deposits,Taxes - Estate and Gift,null,210,1696,14409,II,Deposits and Withdrawals of Operating Cash,37,2026,3,2026,2,04,22
2026-04-22,Treasury General Account (TGA),Deposits,Taxes - Federal Unemployment (FUTA),null,15,253,3740,II,Deposits and Withdrawals of Operating Cash,38,2026,3,2026,2,04,22
2026-04-22,Treasury General Account (TGA),Deposits,"Taxes - IRS Collected Estate, Gift, misc",null,8,2137,9684,II,Deposits and Withdrawals of Operating Cash,39,2026,3,2026,2,04,22
2026-04-22,Treasury General Account (TGA),Deposits,Taxes - Miscellaneous Excise,null,179,4915,48844,II,Deposits and Withdrawals of Operating Cash,40,2026,3,2026,2,04,22
2026-04-22,Treasury General Account (TGA),Deposits,Taxes - Non Withheld Ind/SECA Electronic,null,6885,377042,627483,II,Deposits and Withdrawals of Operating Cash,41,2026,3,2026,2,04,22
2026-04-22,Treasury General Account (TGA),Deposits,Taxes - Non Withheld Ind/SECA Other,null,9392,67263,187884,II,Deposits and Withdrawals of Operating Cash,42,2026,3,2026,2,04,22
2026-04-22,Treasury General Account (TGA),Deposits,Taxes - Railroad Retirement,null,5,386,4053,II,Deposits and Withdrawals of Operating Cash,43,2026,3,2026,2,04,22
2026-04-22,Treasury General Account (TGA),Deposits,Taxes - Withheld Individual/FICA,null,12404,222571,2083507,II,Deposits and Withdrawals of Operating Cash,44,2026,3,2026,2,04,22
